132,128,125,126,142,125,128,123,128,149,117,132,112,132,128,130,117,128,125,82,127,125,136,134,120,130,49,128,128,130,127,128,125,125,123,128
130,128,133,123,130,125,136,135,132,133,135,120,137,119,125,126,122,132,113,77,139,122,130,130,126,137,53,138,124,130,130,122,128,128,127,129
128,126,131,128,128,129,128,135,140,124,129,128,129,135,141,113,127,128,130,77,122,139,125,128,137,126,39,126,134,128,120,128,133,126,128,129
128,122,130,137,130,104,148,129,155,126,124,133,128,103,134,120,124,131,123,76,110,121,123,130,126,129,41,132,121,130,132,136,129,127,128,129
125,128,132,132,139,128,121,149,151,133,138,132,126,113,129,118,125,130,131,86,127,126,127,133,125,128,45,128,128,127,125,131,133,130,128,123
107,127,125,130,116,130,127,140,145,121,129,134,120,128,123,119,127,128,132,89,123,136,127,132,121,129,48,130,130,131,131,123,128,125,124,127
128,130,130,128,129,128,127,131,128,128,130,119,129,125,133,139,128,130,131,110,128,130,134,128,134,128,77,130,131,128,127,121,130,125,128,126
132,123,125,126,132,130,136,144,133,126,131,126,128,113,134,125,133,128,134,126,124,130,133,130,129,129,99,122,127,128,130,123,119,123,130,128
125,124,138,128,133,125,122,135,133,128,134,128,123,126,132,127,122,130,121,120,123,141,133,129,141,128,114,133,128,130,124,128,128,132,128,128
135,120,122,125,136,120,131,131,126,129,123,127,123,131,131,127,129,130,117,125,126,122,120,133,130,126,117,126,128,131,126,122,123,128,128,129
125,125,134,136,125,122,132,124,123,130,134,131,126,131,123,118,125,130,130,128,137,130,136,133,130,131,129,128,125,130,125,131,129,128,126,123
120,128,128,138,120,130,115,126,128,133,125,124,123,125,121,125,136,131,129,130,124,120,133,132,132,133,125,130,127,128,132,116,128,126,128,127
128,130,129,142,128,128,121,125,122,136,125,120,130,128,113,126,124,131,127,114,90,130,128,129,122,125,119,122,124,127,134,126,123,124,129,127
143,134,135,142,125,128,113,135,132,128,136,128,125,119,138,123,123,130,130,133,103,121,125,127,118,136,128,119,123,124,136,124,128,125,125,128
127,142,136,145,127,128,125,132,116,129,127,132,130,128,130,128,127,127,125,126,95,125,130,128,124,123,126,129,128,128,128,130,124,130,129,128
122,128,125,147,117,125,122,130,133,116,128,119,132,117,114,128,126,128,130,119,80,122,122,132,127,139,125,136,129,127,132,126,130,129,130,128
139,126,125,162,129,128,125,130,128,130,125,124,130,132,136,127,125,115,136,131,84,112,125,131,135,123,130,118,128,128,129,129,126,129,128,128
141,141,125,156,128,133,122,139,129,132,124,124,123,114,113,131,120,128,143,130,78,122,130,132,129,139,123,130,119,126,130,136,121,133,131,125
126,117,125,142,123,128,125,123,142,133,132,122,125,129,118,125,133,128,132,130,62,107,119,126,113,130,129,131,128,128,135,130,122,127,127,128
145,124,134,152,135,129,119,122,121,143,130,129,128,134,111,116,130,128,138,133,66,115,127,132,122,135,134,130,131,130,130,122,126,125,127,127
137,118,123,145,133,130,115,129,119,149,140,125,125,119,122,107,126,129,129,121,78,107,125,128,126,118,135,119,125,119,115,130,127,134,128,127
122,129,138,154,126,132,125,130,119,147,125,132,136,128,121,116,120,128,135,128,75,116,128,133,128,124,126,128,127,130,125,134,128,121,128,128
127,128,128,150,128,127,133,130,134,159,130,130,129,124,108,125,122,130,130,130,64,101,123,134,125,129,124,122,128,130,133,131,124,126,125,128
122,126,136,145,127,121,133,128,129,163,114,127,133,123,108,135,125,130,122,125,78,116,124,127,117,138,133,128,122,129,135,125,133,134,129,127
124,131,130,148,121,132,123,116,136,145,129,124,133,114,115,131,131,128,133,128,81,101,116,129,129,127,126,126,126,128,116,129,123,126,126,129
116,120,125,149,136,121,120,125,130,147,133,130,125,124,135,126,122,128,130,129,81,124,125,131,129,127,125,136,127,128,131,122,131,123,124,127
122,128,134,136,130,136,132,128,130,125,136,130,138,128,132,128,124,127,140,122,93,118,125,128,136,133,130,130,124,129,130,130,125,123,127,126
128,146,127,128,124,123,137,131,132,108,138,127,129,135,132,135,116,125,121,122,121,130,127,128,132,124,130,136,128,128,127,132,130,130,126,126
119,125,136,141,138,125,122,127,121,121,127,131,130,133,133,130,116,130,132,133,133,122,130,133,122,125,137,119,123,126,120,128,125,123,129,130
135,123,127,127,126,128,122,136,120,119,132,126,127,139,130,132,121,126,120,130,125,128,128,127,140,124,136,130,128,124,124,128,130,129,125,124
124,117,128,139,125,134,116,127,128,105,138,128,126,123,126,125,129,130,121,123,121,125,130,121,125,125,125,128,128,127,130,135,122,128,128,127
124,127,119,119,133,126,133,136,133,124,133,123,131,129,110,122,132,129,122,133,130,131,129,127,130,145,126,130,123,128,130,129,129,129,125,128
123,125,125,128,129,134,125,125,130,126,125,125,130,122,126,125,125,126,121,128,119,130,131,126,130,130,125,130,124,128,128,125,130,128,128,127
116,119,129,130,133,127,122,128,121,128,126,132,136,119,130,133,125,126,118,131,128,127,125,130,137,132,126,130,127,129,131,127,119,131,128,129
127,124,132,133,110,129,128,122,136,118,132,133,136,136,129,123,137,127,130,89,139,123,127,132,132,127,130,137,128,128,128,122,128,125,128,128
127,135,148,125,125,128,132,133,131,114,111,130,124,126,119,113,128,129,120,102,112,128,132,129,133,133,130,126,128,128,129,128,125,126,127,125
128,117,152,130,125,127,113,116,125,130,130,131,130,126,130,124,124,129,128,90,97,129,137,132,126,124,128,122,128,128,137,128,128,130,128,129
119,128,161,125,130,128,124,146,124,123,126,128,114,121,121,124,120,130,129,89,123,118,126,126,135,124,116,123,127,128,129,128,125,128,127,128
135,127,174,128,130,128,130,133,139,133,125,129,127,118,110,129,129,129,130,84,101,128,116,126,124,127,130,128,128,127,125,122,129,125,128,129
130,147,166,123,125,136,118,128,140,124,122,132,119,122,134,124,128,125,131,86,109,118,118,133,123,117,127,128,125,127,122,130,122,128,123,125
130,143,186,130,122,130,128,131,122,134,117,124,126,131,119,119,125,129,125,83,123,127,128,132,129,133,134,116,131,126,125,133,128,130,130,127
119,130,178,130,133,120,129,127,129,129,120,136,117,118,127,116,127,126,128,87,122,131,129,117,128,135,125,129,125,127,132,128,124,129,126,125
128,129,176,123,128,125,123,133,133,129,130,127,133,123,119,121,126,131,126,98,109,128,129,131,136,123,126,128,129,131,131,124,128,133,128,128
123,127,164,126,118,129,127,134,131,117,127,129,128,124,118,127,123,127,128,92,108,119,129,130,122,128,123,135,126,125,130,128,129,124,128,128
120,133,157,122,115,130,139,147,132,121,134,126,125,131,113,126,128,129,127,89,107,134,129,131,127,128,125,129,127,128,130,122,122,122,128,130
129,127,161,128,133,134,135,135,132,155,131,123,127,118,121,122,131,121,125,88,109,126,126,122,126,129,119,126,128,127,123,142,127,126,126,128
125,131,163,136,117,129,128,127,126,130,121,129,122,133,138,128,123,130,132,96,110,127,136,130,122,133,128,126,127,128,126,128,128,126,119,126
119,134,135,135,121,130,129,122,109,125,127,131,133,131,131,141,128,126,107,107,116,136,125,128,115,125,129,136,130,132,119,119,119,131,128,126
131,136,124,126,135,127,128,133,119,124,123,124,136,130,128,130,127,128,121,115,135,129,136,118,128,127,131,128,126,126,129,125,132,127,129,127
128,120,136,134,125,125,117,138,119,138,124,127,126,122,122,119,131,129,127,119,124,125,121,128,119,130,121,125,128,129,125,130,123,131,128,127
127,131,123,122,123,132,137,126,126,121,125,126,122,135,133,121,130,127,130,125,132,132,135,128,119,125,130,133,123,129,122,138,129,127,129,127
118,123,134,126,126,127,118,128,126,128,132,129,137,142,120,125,125,128,122,123,126,133,119,125,123,124,144,121,127,128,122,128,127,125,128,129
133,115,133,125,125,127,115,125,124,119,132,125,133,127,117,128,121,125,130,131,130,136,128,128,133,128,123,124,130,126,137,128,125,128,127,125
127,128,139,128,135,123,128,130,126,136,134,133,122,119,126,128,139,126,125,136,101,113,126,122,117,129,137,133,130,125,122,130,127,136,128,128
136,115,136,139,135,136,139,117,134,138,148,120,128,150,130,118,122,132,124,128,130,135,133,130,128,132,128,132,127,127,119,126,122,132,126,129
115,123,119,129,133,133,132,128,136,127,122,127,127,160,115,124,128,128,127,127,128,121,129,133,133,126,126,127,126,125,134,128,129,113,128,127
130,119,143,122,131,130,127,120,127,132,125,120,132,156,97,128,128,129,109,120,123,123,130,124,122,126,116,134,116,125,124,133,123,126,128,128
131,125,138,126,128,133,122,120,130,117,132,126,133,152,95,128,133,129,116,122,135,128,125,131,121,128,136,139,127,127,130,133,125,133,129,125
132,137,134,122,130,117,125,151,138,123,121,126,129,137,84,122,126,128,119,123,128,129,126,130,121,130,129,124,127,127,130,129,132,126,126,130
131,169,128,123,129,128,126,128,128,124,128,134,124,141,83,122,132,133,127,127,121,136,128,133,140,127,134,125,128,128,128,130,124,128,129,128
122,190,141,125,125,120,125,128,120,122,131,122,130,130,72,131,128,128,125,134,134,142,130,128,122,137,138,136,126,126,134,132,132,129,128,125
129,195,127,112,122,132,138,139,118,120,109,129,119,125,78,130,125,128,129,124,119,113,132,131,126,125,135,142,129,128,135,130,120,121,128,127
131,209,138,129,128,130,128,136,131,120,126,132,127,118,81,121,125,130,130,126,129,125,134,130,134,127,125,135,127,121,128,122,126,117,128,123
130,210,132,125,125,128,111,134,127,131,131,129,125,124,76,128,120,128,129,125,117,136,125,130,124,121,125,131,130,127,123,128,125,130,130,127
136,204,136,123,126,124,137,127,119,124,129,128,126,128,75,128,127,129,132,118,115,138,127,128,133,131,122,130,128,127,126,128,125,126,125,128
128,215,128,130,129,129,130,119,122,107,122,132,139,132,73,119,128,124,127,117,126,138,125,128,129,128,121,131,125,127,125,124,134,126,128,131
143,201,128,126,128,125,116,143,121,128,138,133,139,148,90,131,131,128,133,128,119,128,128,131,127,124,129,125,129,130,120,130,131,130,128,126
130,197,125,135,122,132,122,128,128,126,123,126,125,147,86,134,125,130,136,128,117,142,129,125,128,135,133,131,125,126,133,127,128,131,128,127
130,148,135,134,135,127,121,140,134,133,128,133,123,141,107,120,128,130,121,131,126,128,127,130,139,128,134,125,127,126,130,122,128,126,130,127
136,136,127,128,139,128,125,128,130,131,125,126,118,144,125,128,128,126,138,127,136,126,125,133,136,129,129,130,125,127,136,133,132,129,128,129
127,150,123,129,128,128,115,131,119,123,133,126,128,127,124,132,121,128,133,133,136,125,123,128,130,120,117,126,126,128,129,142,122,127,128,128
127,133,128,128,130,133,128,118,134,130,128,128,134,141,130,124,123,126,129,129,128,125,121,125,126,127,123,134,128,128,130,126,128,126,128,127
127,133,128,128,124,131,117,136,120,125,129,131,118,126,118,123,128,130,128,123,126,128,123,130,126,115,132,128,126,130,132,139,127,127,132,129
122,133,142,135,130,125,126,119,121,125,136,132,125,137,118,128,119,125,128,138,123,126,130,122,130,121,121,132,128,128,126,125,131,122,127,125
126,132,125,123,139,123,132,126,132,128,132,128,130,132,136,128,133,132,138,128,119,122,113,130,114,133,133,126,125,128,123,122,131,126,127,126
130,139,128,131,131,121,117,124,121,123,132,128,126,121,122,126,125,128,137,124,95,116,128,133,134,136,128,134,127,126,130,133,118,129,127,125
114,133,128,125,136,130,127,130,128,122,128,123,128,130,131,120,120,122,136,132,75,125,122,132,128,132,132,128,127,131,127,133,123,133,130,128
134,140,130,130,118,119,125,121,125,122,128,124,130,129,136,122,125,128,133,134,75,104,130,131,134,123,131,137,129,129,113,130,128,126,129,129
124,140,132,143,123,126,117,115,107,137,119,126,136,125,135,126,118,128,125,125,63,109,124,132,122,123,127,130,125,126,135,131,127,127,126,128
134,121,129,147,126,128,143,148,133,130,127,127,130,131,126,113,122,129,130,128,72,111,129,129,131,124,130,117,125,129,139,128,124,128,127,126
130,138,147,121,136,126,131,138,128,132,125,121,126,115,122,125,114,124,126,122,61,102,128,131,128,130,131,129,124,122,125,133,136,129,128,128
146,135,139,142,128,133,119,117,130,144,127,130,133,132,133,118,128,124,113,130,57,106,122,127,129,130,124,122,126,129,124,125,122,129,128,125
130,133,135,147,121,122,116,128,121,132,125,131,122,121,133,125,120,125,132,124,49,101,124,122,135,130,127,112,125,129,128,132,134,128,128,128
141,128,142,135,143,122,120,137,139,147,130,125,124,133,121,108,128,128,123,126,71,114,116,126,128,116,115,130,125,129,130,122,123,128,129,128
120,126,133,136,133,129,116,129,114,128,125,130,126,130,123,114,126,129,125,117,56,110,125,131,119,127,122,125,125,128,138,126,126,128,128,128
141,134,125,146,126,130,120,130,133,142,125,131,129,133,131,113,124,133,118,129,70,103,124,132,127,133,121,128,129,127,132,121,130,123,128,127
132,116,129,137,132,128,126,129,136,143,137,127,130,125,128,128,121,128,124,133,67,113,131,127,133,121,124,128,122,126,125,121,117,128,128,127
129,128,140,132,134,133,126,151,134,129,131,123,128,122,122,132,131,126,117,128,71,107,128,133,133,125,124,127,130,129,124,134,130,124,127,129
115,130,142,143,125,122,129,131,129,128,126,120,126,113,120,123,118,127,116,128,84,97,125,132,121,128,133,125,127,128,128,130,124,128,127,128
122,114,122,136,124,130,118,121,136,116,130,124,122,128,129,120,131,128,136,127,93,106,120,131,131,136,121,134,131,127,128,124,125,133,127,127
128,129,119,149,127,119,134,127,126,133,114,130,129,116,123,122,128,127,132,136,118,111,122,131,131,133,119,133,128,127,128,125,119,129,129,128
128,116,120,131,121,133,109,120,127,127,130,122,119,116,128,126,124,127,128,121,127,135,126,122,131,124,122,129,124,128,130,127,128,130,129,130
128,130,134,133,128,117,127,116,120,140,124,125,135,122,130,119,132,126,129,127,132,119,126,128,138,126,117,130,129,128,130,131,126,128,128,131
136,133,146,118,122,134,131,125,137,136,136,125,124,115,134,119,128,127,133,123,120,129,122,130,139,134,126,128,134,127,133,125,128,125,128,131
120,133,130,128,120,132,125,117,113,133,128,131,127,122,130,125,130,133,132,138,128,128,115,129,137,119,131,139,127,128,125,130,128,132,130,127
122,132,136,132,118,128,130,106,137,123,116,128,125,119,121,133,130,125,128,135,147,112,144,128,127,126,116,131,128,126,127,124,122,131,128,127
126,136,129,120,134,125,116,122,125,126,116,127,127,127,133,122,130,128,126,133,157,137,125,130,126,123,124,121,122,128,132,124,128,130,127,125
123,139,124,126,120,128,127,122,144,124,136,129,125,121,126,117,130,132,126,123,143,134,134,130,126,125,120,131,125,123,133,122,121,128,127,132
119,142,131,139,124,125,127,163,117,134,101,125,119,131,113,131,124,128,132,104,86,132,126,130,125,123,124,120,128,130,125,124,125,128,128,128
131,136,137,129,131,131,130,165,141,128,129,125,125,121,127,130,128,131,123,104,81,127,132,130,127,140,123,135,123,128,124,124,119,120,126,129
119,140,139,134,126,119,132,170,143,132,128,131,129,127,123,123,125,128,122,110,80,134,142,128,125,132,126,128,126,128,122,122,124,128,128,130
124,136,133,125,135,119,119,169,133,134,136,128,130,116,126,133,134,115,126,112,102,127,128,133,139,128,133,128,128,128,126,124,128,133,126,133
132,141,130,136,115,128,122,150,137,127,107,130,116,126,124,126,121,131,113,122,113,130,131,131,135,134,123,138,125,125,127,128,126,125,128,125
125,139,133,130,128,123,121,138,128,134,120,130,127,122,116,134,129,128,127,136,136,123,127,128,125,126,121,139,128,128,124,124,128,128,127,127
129,134,132,136,134,125,128,111,145,136,130,130,117,120,130,136,124,128,122,128,128,122,127,134,118,130,132,132,125,128,128,123,120,131,128,131
133,137,126,125,122,116,130,115,138,120,133,125,122,122,136,120,130,131,132,130,127,116,126,131,129,128,123,125,125,126,130,129,124,130,128,129
132,136,130,128,132,128,98,117,128,145,129,128,120,132,131,117,128,131,136,130,135,124,128,128,128,132,120,128,124,128,128,130,128,126,129,131
127,134,125,121,134,125,129,135,125,128,124,125,126,142,124,132,119,124,120,127,126,117,130,131,126,126,119,122,133,125,131,128,126,130,125,128
131,133,136,128,119,133,135,114,145,122,119,119,131,126,119,119,128,128,122,118,129,119,132,129,133,130,119,128,125,130,129,123,122,124,122,126
128,127,133,130,125,130,125,126,130,136,131,128,134,116,130,126,135,131,120,130,127,131,130,130,113,128,130,128,136,128,120,126,124,127,116,131
132,119,136,128,134,128,121,130,128,136,124,125,121,134,131,124,138,131,121,128,137,123,128,130,128,131,130,124,126,131,123,139,128,129,126,129
122,138,128,135,140,133,125,131,136,119,133,126,130,128,130,128,130,128,139,130,122,107,119,131,126,130,131,126,131,128,127,136,130,126,128,128
115,136,131,119,131,127,113,113,121,110,126,124,126,136,118,129,133,131,129,130,132,136,130,129,126,129,126,126,126,125,119,125,127,128,129,121
132,131,139,134,125,128,142,130,130,98,123,133,136,138,118,129,124,132,128,134,133,135,119,125,130,115,119,135,129,128,129,129,124,134,128,130
127,128,144,124,130,128,131,128,133,91,124,127,124,130,120,122,126,121,125,124,130,129,115,131,126,126,122,135,131,123,128,125,132,127,130,130
133,126,133,118,130,126,133,122,125,95,126,124,124,120,126,134,130,125,137,125,132,130,112,130,129,130,127,133,126,128,129,115,125,127,128,129
134,132,128,118,128,125,122,128,145,90,128,127,121,122,126,126,131,126,132,125,131,127,106,126,129,142,121,119,124,127,134,118,122,128,130,126
118,118,119,128,130,127,132,135,125,112,134,122,128,134,122,130,139,123,121,136,131,126,110,130,135,129,121,128,129,128,136,122,125,125,127,129
123,126,129,133,126,120,122,139,129,121,133,123,122,122,124,116,130,127,129,126,133,120,90,127,121,124,129,128,128,125,125,130,127,129,127,127
130,128,132,125,127,128,122,130,135,129,137,132,128,127,125,120,125,128,125,123,144,125,96,128,138,134,126,131,128,126,135,125,127,126,127,127
126,118,139,135,129,126,125,128,126,127,130,125,122,128,124,120,122,132,129,122,145,128,98,128,130,133,126,128,132,128,133,133,125,127,128,130
122,124,127,139,131,131,139,122,116,129,139,119,133,123,122,122,128,123,131,123,139,125,88,127,118,139,114,129,125,126,126,123,120,135,130,128
126,132,133,129,128,131,119,132,139,140,124,129,132,120,126,119,135,122,131,124,142,120,94,134,123,123,110,122,127,128,126,131,127,124,128,133
128,128,133,126,133,126,124,127,125,143,128,120,128,114,128,128,116,125,133,127,143,132,87,128,121,133,137,128,124,123,127,133,123,125,126,129
140,132,121,133,136,136,122,122,151,151,131,128,138,128,116,118,124,124,120,128,154,127,90,132,126,123,127,131,125,129,126,125,127,125,127,126
127,137,139,133,132,129,133,124,122,154,127,127,120,134,125,121,123,125,114,110,136,126,92,127,115,129,120,131,127,123,125,125,128,135,126,127
136,128,114,131,130,129,130,135,116,151,123,128,128,123,124,127,109,130,123,119,133,119,76,129,121,128,132,127,128,130,135,128,132,133,128,128
122,116,138,147,128,128,128,117,121,145,130,128,127,114,124,132,121,128,132,124,143,121,90,132,121,125,119,121,127,128,130,125,123,130,132,128
131,139,137,142,124,127,117,127,129,144,143,128,123,121,131,127,129,121,137,130,138,128,87,133,119,138,123,126,122,128,128,122,128,122,128,128
136,143,138,133,122,128,127,130,125,122,120,130,134,136,125,105,134,131,140,128,140,127,121,130,126,122,137,119,123,128,125,134,128,126,128,128
133,125,115,125,128,133,118,128,126,131,124,118,131,120,130,124,118,125,138,123,122,120,131,127,131,118,125,131,127,128,125,133,122,131,126,126
117,133,129,130,120,131,131,131,125,129,119,133,128,117,133,138,127,130,133,132,130,137,126,125,142,129,132,135,125,126,143,122,119,128,127,127
120,128,126,128,113,129,129,138,132,123,127,123,129,129,119,127,121,129,136,129,119,128,121,123,130,119,125,119,126,128,134,128,128,129,130,128
115,128,124,122,119,128,122,139,120,118,115,125,123,125,130,129,125,130,129,128,126,123,126,124,139,117,120,126,126,132,129,127,129,125,128,127
131,128,124,145,126,126,131,126,117,133,121,133,118,122,120,147,125,126,121,131,128,128,122,132,128,126,124,134,127,133,125,127,136,129,128,128
128,131,123,126,123,123,136,126,129,127,124,127,124,125,131,132,120,130,132,135,132,145,131,129,128,124,134,126,129,127,125,130,128,125,128,125
122,134,137,119,126,133,130,124,118,129,131,132,127,136,130,123,121,130,124,134,118,134,132,118,124,133,125,121,126,128,128,135,128,128,128,128
126,128,132,119,112,129,131,126,135,117,115,125,120,131,125,129,128,129,116,134,124,117,132,127,128,125,126,128,129,128,127,124,128,128,125,127
136,125,128,122,133,133,117,133,127,122,130,115,131,128,123,125,128,128,125,116,119,132,136,131,126,130,125,136,127,130,144,128,128,129,128,130
134,120,142,132,133,124,134,128,120,130,139,129,126,136,136,121,120,129,128,128,136,143,125,128,133,133,134,123,121,128,140,128,125,133,127,128
123,136,126,135,129,130,123,128,119,139,133,129,128,123,137,122,119,128,136,132,130,137,128,130,127,135,131,133,130,130,130,133,130,129,126,128
122,128,127,135,130,133,121,122,119,115,135,123,126,125,129,133,118,125,117,116,131,133,129,128,128,132,133,132,131,127,125,134,127,128,127,127
134,121,133,132,139,122,128,121,131,145,137,129,125,126,133,131,134,125,126,115,129,149,114,123,123,126,124,128,127,128,128,118,133,125,128,128
134,128,130,124,142,124,124,126,128,133,133,132,128,128,125,113,124,125,130,130,131,133,108,130,131,133,132,128,128,128,136,115,124,126,129,125
131,130,123,127,139,126,118,122,138,122,128,122,120,130,119,120,122,128,129,127,128,135,113,125,122,121,128,117,126,130,128,125,127,120,128,125
139,127,140,127,132,126,120,133,123,129,123,128,121,136,136,121,125,126,133,127,128,132,117,131,130,130,121,128,125,131,128,117,123,123,127,126
124,128,123,131,134,115,133,123,130,131,128,122,128,127,120,119,125,126,137,129,136,135,102,128,130,140,130,125,128,127,121,129,133,127,125,125
124,125,127,128,137,121,133,128,123,122,133,126,126,119,126,119,128,128,136,125,135,130,107,128,124,120,133,138,117,125,130,130,128,132,128,127
130,132,119,123,129,126,125,124,128,133,128,124,122,128,124,128,125,122,127,128,126,133,104,129,125,133,116,130,128,126,127,119,129,133,127,127
126,116,124,134,146,128,115,128,125,130,146,119,119,132,125,118,126,125,123,129,128,141,122,131,135,131,122,123,128,128,124,125,125,132,128,131
116,135,133,132,122,123,119,136,118,114,139,122,125,130,130,134,126,125,127,129,125,127,120,132,125,123,130,124,125,130,129,136,128,122,125,129
142,125,130,129,128,120,132,116,135,138,128,128,135,130,123,129,122,130,122,130,129,134,136,125,122,121,129,121,127,130,128,132,129,132,128,125
116,128,131,117,139,128,128,116,123,122,144,129,128,131,119,130,128,124,131,129,127,131,113,122,128,126,120,129,121,128,123,125,121,133,126,125
127,133,132,130,124,126,119,130,142,122,122,129,126,132,125,129,130,129,133,124,122,124,123,132,134,133,121,122,128,130,117,121,124,127,124,128
139,131,125,125,127,125,120,125,134,129,120,128,125,118,125,136,130,132,142,131,132,129,130,129,133,139,116,128,130,128,131,124,127,128,128,125
138,135,123,120,121,127,128,128,128,126,131,131,128,111,128,119,132,124,136,129,123,122,119,123,130,119,124,132,132,127,127,125,125,127,128,128
127,124,128,126,126,125,127,135,119,125,130,130,128,123,131,129,119,129,127,137,130,126,127,130,133,121,136,126,128,131,128,125,122,130,126,128
134,125,118,142,125,127,119,131,110,121,125,125,119,119,121,129,128,129,131,131,123,125,119,128,138,129,116,130,127,124,136,128,130,127,125,124
121,119,136,118,128,126,140,129,116,131,132,130,130,136,133,132,126,131,125,132,124,122,133,124,134,138,125,131,127,128,132,127,128,129,127,129
140,130,124,128,124,122,137,128,114,135,139,123,136,123,131,131,124,126,125,127,113,126,117,129,120,136,133,129,130,128,127,128,127,128,128,130
116,126,120,120,125,131,125,129,128,117,137,130,126,126,121,119,118,133,119,133,113,119,126,130,131,134,132,123,123,122,128,128,127,131,129,125
124,122,133,123,129,128,125,128,117,126,128,128,131,128,128,125,136,130,116,144,116,127,125,130,119,124,132,138,128,126,134,124,123,130,125,124
132,115,137,119,124,129,121,136,130,130,136,122,120,119,128,133,129,125,122,134,118,115,125,133,117,121,133,124,121,123,137,142,121,130,130,128
140,118,122,123,138,129,123,136,119,135,113,128,116,125,127,125,135,130,131,134,118,127,129,127,125,125,125,128,128,127,127,143,124,133,130,129
127,138,128,123,124,132,130,138,148,124,128,128,126,127,139,119,118,130,137,128,126,124,133,127,126,135,124,139,129,124,116,121,126,128,129,126
137,133,136,130,126,127,128,127,130,117,123,128,142,127,128,126,126,129,133,138,121,125,130,128,125,133,121,119,122,128,125,127,126,129,128,128
130,129,136,142,128,130,131,119,130,136,125,133,120,126,137,125,121,130,131,142,125,119,130,128,121,124,118,122,128,126,125,128,116,125,126,125
127,130,139,128,130,124,128,128,134,133,122,127,127,126,121,130,123,129,134,137,129,135,120,130,127,133,123,124,127,129,129,134,127,127,122,127
135,142,134,130,131,134,125,149,125,117,128,130,120,138,129,120,129,116,128,138,117,126,130,128,123,120,133,124,128,128,125,127,129,124,129,129
132,132,123,128,142,125,125,120,151,128,126,122,125,122,128,133,131,127,124,149,109,119,128,117,129,135,125,124,128,129,123,128,132,128,128,128
128,134,134,133,135,132,127,125,131,115,128,115,136,128,120,125,135,127,130,147,122,119,128,130,138,117,128,122,124,128,135,125,124,125,128,131
129,135,134,133,131,129,122,120,145,122,110,131,136,114,128,133,125,125,128,139,143,136,129,128,131,125,121,126,130,128,131,127,128,125,127,128
131,136,132,128,131,124,121,124,149,132,126,130,122,136,123,117,119,130,119,154,119,127,125,128,133,128,125,130,127,127,135,128,136,127,128,128
135,128,148,130,129,128,127,128,145,132,104,133,126,130,123,113,128,133,127,146,120,127,124,128,130,124,118,120,136,130,127,118,122,133,127,128
128,128,128,132,124,123,126,122,154,125,142,123,136,123,118,122,128,127,130,155,115,136,128,130,124,133,133,136,126,128,124,134,121,128,129,127
126,132,125,129,128,128,110,129,139,126,122,129,128,138,128,120,132,124,124,150,122,123,122,133,122,122,129,128,128,127,128,130,129,127,127,128
129,133,142,128,130,123,124,128,125,128,122,130,124,128,129,139,146,121,123,146,122,126,128,131,136,126,119,123,117,125,134,126,122,130,127,125
126,127,130,120,135,124,119,130,125,133,126,128,119,133,122,113,129,128,128,137,125,116,128,120,123,125,113,127,126,131,123,129,129,123,128,130
135,137,137,133,129,130,125,128,136,126,132,130,118,124,129,137,114,126,125,139,125,127,129,117,134,123,129,131,124,127,130,138,119,126,132,126
132,141,128,131,133,125,133,129,131,114,120,130,126,129,124,122,137,124,131,128,114,124,128,122,128,131,122,125,128,128,129,125,126,127,126,128
138,123,129,120,130,130,133,131,126,135,128,133,123,123,128,128,127,129,128,136,115,126,116,130,128,130,126,134,127,128,133,121,119,128,128,129
131,128,124,114,125,130,128,136,129,130,131,130,134,121,134,128,126,119,130,133,120,128,128,121,131,130,133,116,132,130,126,130,127,130,127,127
125,112,124,125,142,131,119,123,119,129,131,130,128,128,130,123,122,129,131,136,130,127,129,129,117,122,121,128,124,128,134,130,128,128,126,130
136,130,123,125,128,128,119,127,128,126,128,130,115,113,126,122,130,129,129,133,130,139,136,128,139,138,130,121,126,126,121,125,121,129,126,130
136,135,143,136,130,124,125,137,128,138,125,124,128,127,118,128,131,123,132,118,134,126,126,129,126,136,125,125,130,126,129,130,122,128,130,125
132,127,130,119,136,118,117,125,137,130,135,131,122,125,128,128,138,126,138,125,123,125,136,127,134,133,136,127,124,130,128,131,123,128,122,130
123,131,130,128,119,129,125,136,122,134,124,130,128,139,127,118,125,125,125,132,136,127,116,131,124,128,129,128,125,131,132,117,124,124,128,126
122,131,120,132,124,127,136,118,124,129,132,132,125,130,131,124,135,124,118,114,133,123,127,125,134,119,116,115,127,128,132,130,128,126,127,126
131,123,119,131,131,128,134,125,125,120,123,131,133,133,136,122,122,130,128,129,128,130,123,134,123,132,119,111,128,128,132,127,125,128,126,128
136,123,131,128,125,128,131,129,137,126,138,127,131,128,132,122,135,129,122,133,128,127,134,130,130,132,113,78,125,131,124,120,128,127,126,126
139,126,125,125,130,131,124,138,149,129,120,124,128,137,128,125,139,130,133,129,119,111,128,131,133,132,97,89,129,129,141,121,118,130,126,126
136,128,134,126,128,133,124,125,152,119,131,123,128,136,125,139,122,125,125,126,120,116,127,127,126,130,91,82,128,125,125,122,125,128,125,130
129,125,122,142,121,128,120,134,160,118,125,126,127,125,132,124,132,128,128,132,134,108,128,130,127,118,81,81,127,128,128,118,128,125,130,123
125,134,129,132,136,124,129,119,151,133,117,121,125,135,128,129,127,126,130,137,119,127,134,120,126,125,78,82,128,133,128,126,132,132,128,128
143,133,128,135,128,133,122,134,154,135,130,122,126,127,133,125,125,130,123,122,121,130,120,120,126,134,81,81,126,129,128,134,125,129,127,125
130,132,136,135,130,113,134,118,161,141,121,128,135,126,133,129,130,128,127,120,116,115,130,126,130,133,76,74,129,128,130,132,121,126,127,128
126,128,121,127,115,136,133,128,154,121,121,130,126,120,132,130,128,128,125,123,122,120,131,121,126,122,60,71,126,125,122,128,106,125,122,129
128,137,141,125,126,130,109,134,147,128,127,131,126,132,142,135,127,128,132,127,113,110,129,130,125,123,47,66,127,127,133,121,123,126,129,128
128,128,136,128,130,128,112,146,139,134,132,128,130,124,141,127,130,127,130,121,114,120,132,121,134,119,48,74,127,128,129,121,128,124,125,128
133,130,130,125,121,130,131,140,136,118,128,131,131,132,135,119,126,131,143,130,115,104,122,130,139,138,46,66,128,128,129,128,127,122,129,128
125,134,114,126,133,130,118,133,147,124,128,130,130,128,130,128,121,130,135,120,125,115,125,128,128,129,42,80,126,122,122,120,126,128,125,122
118,130,125,120,118,122,127,129,133,136,106,126,127,142,140,128,128,130,128,121,137,125,130,131,131,128,45,74,130,129,134,122,128,123,127,128
127,136,144,126,122,125,121,137,132,137,125,130,122,121,140,127,128,126,128,128,107,119,116,131,133,136,42,78,134,128,133,127,118,128,127,128
127,125,126,142,131,124,131,128,140,127,127,132,136,139,137,125,127,123,136,123,131,117,126,129,122,130,40,81,129,126,128,124,123,128,126,125
125,123,130,132,124,130,133,133,136,121,130,125,122,132,148,120,125,128,129,125,139,136,131,127,130,125,55,86,127,128,128,130,132,123,128,125
117,127,125,124,114,122,146,134,143,127,126,128,126,129,122,128,130,130,131,130,128,136,120,116,125,128,56,86,129,130,120,125,128,124,126,130
130,131,131,110,119,131,123,131,142,138,119,125,129,128,134,126,135,128,120,144,114,141,122,120,126,126,69,90,125,128,130,133,126,128,127,128
133,132,127,138,130,129,128,127,131,130,132,124,127,123,121,132,131,122,107,128,118,130,128,124,122,130,72,107,125,126,132,128,122,133,128,128
132,126,128,127,130,131,141,130,122,139,134,129,116,124,132,129,116,130,125,120,128,138,130,122,127,119,89,121,128,128,122,128,128,128,130,128
128,133,130,112,121,126,121,136,135,131,121,114,116,125,130,109,126,131,118,136,120,134,130,126,119,129,109,122,126,128,127,130,124,126,123,125
119,126,126,128,126,121,114,126,130,126,131,122,124,139,131,115,129,128,118,133,136,124,119,122,125,136,113,120,128,127,130,135,130,129,128,128
140,121,128,141,130,128,130,141,119,127,122,123,128,124,136,117,128,130,128,118,102,131,137,130,134,133,118,126,131,129,119,137,128,134,125,128
126,139,126,130,130,130,136,127,133,123,125,125,128,126,122,110,130,124,127,122,124,128,123,129,128,120,126,123,128,128,137,120,127,128,125,127
129,136,122,123,128,127,134,128,134,125,121,130,131,126,135,113,125,128,131,123,130,128,132,133,129,124,121,130,130,129,131,128,128,121,128,128
135,133,126,139,124,120,131,137,128,137,124,128,130,112,136,120,126,128,130,122,127,130,125,134,125,119,130,121,116,127,128,120,134,133,127,130
130,126,132,124,127,130,128,134,122,126,128,124,131,131,138,114,139,130,122,130,117,125,128,131,128,134,122,125,113,128,141,133,128,131,128,130
126,136,128,137,135,128,125,129,124,117,128,128,132,133,137,142,130,128,124,131,116,124,130,128,125,144,133,128,104,130,133,128,133,128,128,129
116,132,129,135,128,129,125,137,118,107,133,128,123,125,130,125,124,130,130,122,125,124,130,132,135,126,128,131,98,128,129,128,129,129,128,130
123,124,138,133,119,128,140,125,136,125,122,128,118,138,126,129,131,130,128,137,127,120,128,127,130,132,125,131,103,124,128,135,136,126,129,128
120,134,134,140,139,128,133,119,128,139,134,130,136,114,112,133,128,128,144,124,113,116,127,129,130,122,133,117,108,128,127,130,133,119,127,125
131,130,134,137,135,117,126,122,119,154,126,133,128,128,126,120,125,122,136,129,118,133,136,128,131,133,119,128,111,127,139,126,123,128,127,128
128,121,129,134,122,133,130,124,130,172,133,122,116,131,125,116,137,123,117,122,123,108,126,128,124,127,122,123,109,126,127,125,119,133,130,128
125,125,138,136,130,130,120,117,125,174,121,128,128,138,132,128,129,116,117,118,133,130,137,125,121,114,127,128,113,126,122,125,126,124,126,129
118,123,129,121,131,128,119,133,145,179,122,131,131,119,127,129,123,127,124,133,135,120,131,125,134,114,119,122,114,128,128,135,123,127,126,127
132,130,140,124,115,131,122,127,129,179,140,131,127,130,116,137,124,133,121,128,126,130,125,133,123,124,127,122,115,128,128,119,127,131,127,128
124,130,129,141,133,127,125,128,119,180,139,128,120,119,122,136,128,127,116,132,128,124,128,132,127,128,121,125,113,133,121,130,128,125,127,129
128,129,135,134,134,129,128,127,127,183,127,129,127,126,130,139,126,129,128,135,118,118,119,127,130,136,123,119,111,128,132,128,114,128,125,130
126,121,130,131,128,126,118,132,125,155,132,132,128,117,123,142,123,130,127,124,126,135,127,120,128,130,126,139,116,124,123,128,128,126,127,126
128,128,136,120,128,136,129,136,128,137,133,123,123,139,132,146,124,129,131,133,129,124,131,129,130,130,145,134,119,123,128,123,134,138,127,127
132,128,128,132,113,120,125,118,134,134,128,128,122,128,118,135,125,128,117,132,131,119,130,128,124,126,128,138,125,124,127,124,130,131,125,125
124,125,124,128,123,122,127,126,128,128,134,131,133,127,128,127,126,126,137,127,138,134,126,132,127,124,134,123,124,125,128,129,128,134,128,128
125,139,138,128,121,123,125,126,130,116,117,127,129,129,128,138,124,128,128,130,117,123,128,128,133,128,133,123,122,128,135,134,122,126,127,130
125,129,137,125,130,126,128,133,120,125,134,132,119,135,137,122,128,127,124,127,119,135,126,121,122,147,121,128,128,128,125,127,122,136,128,125
114,133,136,128,126,123,128,138,130,140,124,119,131,125,138,124,128,130,130,127,125,122,130,131,126,128,113,125,127,128,129,117,130,128,130,126
130,128,133,130,125,128,116,127,118,129,128,129,126,131,120,125,126,128,116,129,131,131,119,141,126,132,121,134,124,126,136,126,132,125,125,126
122,131,127,124,125,134,125,126,116,134,128,128,122,134,137,131,125,127,123,120,130,129,128,148,124,131,126,127,119,125,125,127,129,128,129,126
144,122,142,123,126,131,134,134,130,129,123,125,128,122,124,128,125,126,121,128,129,116,127,151,128,131,129,124,123,125,127,129,125,128,129,126
138,127,119,120,127,127,128,134,129,135,117,125,136,124,127,131,128,127,116,133,132,142,122,156,122,124,131,130,130,128,129,130,131,127,128,129
124,129,128,124,131,130,130,141,120,131,115,131,124,128,135,130,131,131,123,139,115,125,128,155,123,116,127,134,123,129,133,125,128,129,127,129
128,126,126,128,128,131,129,128,124,128,117,129,128,135,128,128,122,125,123,125,122,128,125,154,124,131,142,120,128,129,120,129,134,133,128,126
124,132,127,136,130,128,124,133,113,119,139,117,125,129,144,135,121,126,124,127,127,128,114,153,123,125,107,130,119,127,133,125,124,128,128,128
119,119,122,146,136,126,119,127,125,128,158,128,127,128,128,128,130,122,123,130,126,133,119,134,127,136,128,137,125,131,125,132,122,132,123,130
130,122,139,136,136,131,127,128,137,136,154,123,119,135,129,130,124,123,116,123,125,121,113,135,132,131,130,133,128,128,132,129,123,129,128,125
130,127,122,129,130,127,128,125,124,146,154,131,124,126,123,126,139,125,122,136,129,124,115,136,132,128,121,131,124,128,135,131,125,125,125,128
121,133,130,128,131,123,130,121,119,131,139,128,136,125,122,138,122,125,126,131,124,126,107,132,125,132,131,130,129,128,135,122,128,123,126,126
137,124,136,130,139,128,110,131,128,136,142,133,124,133,136,133,128,123,132,130,150,127,134,133,130,121,128,122,122,123,133,129,125,128,121,127
136,132,135,137,124,128,130,119,128,128,143,130,122,125,141,126,134,128,122,138,143,121,126,136,125,128,139,133,128,127,130,127,127,117,128,129
130,125,125,129,133,129,128,131,116,133,128,128,123,127,128,128,132,125,133,128,139,128,116,134,128,124,134,125,130,127,132,130,128,129,130,128
135,130,128,127,125,129,125,125,131,122,127,120,138,125,120,136,124,124,120,122,119,138,130,140,136,133,125,131,125,129,124,125,107,130,128,129
126,124,129,136,123,129,129,133,135,131,124,118,122,132,128,123,130,128,137,129,131,138,128,144,137,140,128,130,126,128,126,128,128,131,126,127
142,131,123,128,130,131,130,131,130,136,132,128,128,128,138,133,125,124,145,126,119,131,136,142,137,123,120,123,128,126,126,130,122,122,130,128
125,124,130,128,117,118,136,126,119,136,133,130,124,132,123,130,130,125,128,128,128,125,123,135,132,133,124,140,128,125,121,134,130,128,128,125
128,131,139,135,134,128,123,130,149,128,118,126,126,130,137,116,122,128,131,133,119,135,135,125,128,126,128,136,126,128,124,125,127,129,128,127
136,138,127,125,122,123,119,130,123,128,125,125,125,119,123,139,118,128,130,130,121,135,127,125,125,133,127,126,125,129,122,138,126,128,129,130
127,123,127,128,128,128,122,110,122,135,128,125,125,120,118,139,124,129,128,136,119,133,130,126,120,138,122,116,128,129,127,121,128,128,125,128
130,130,131,134,128,134,134,118,120,118,126,116,130,133,126,137,130,125,119,124,125,118,131,130,124,128,133,127,130,129,130,119,126,128,125,128
133,128,122,122,129,125,125,116,136,128,142,128,119,128,122,123,133,128,116,128,132,131,123,135,124,128,125,122,128,130,125,128,128,128,121,129
123,122,132,129,145,123,129,128,127,123,119,126,123,120,127,121,122,127,136,125,124,128,117,129,132,127,124,130,127,128,126,128,132,130,123,127
121,127,126,134,133,127,128,124,110,128,128,127,128,126,127,136,105,129,120,126,126,125,114,128,126,118,123,123,127,122,125,133,131,133,131,126
121,134,126,146,150,120,135,129,133,138,132,126,127,134,131,130,110,130,128,134,114,128,117,126,118,133,125,125,119,129,126,125,127,125,129,129
129,130,133,133,159,130,133,120,116,117,145,125,130,133,125,114,111,125,128,134,116,108,129,129,125,128,129,135,119,129,131,132,128,137,125,130
132,140,127,145,166,128,144,122,128,116,129,129,135,121,125,120,95,130,133,128,122,125,134,116,137,138,131,129,129,130,135,136,126,129,125,130
116,123,130,161,183,127,128,120,132,137,128,124,122,136,122,107,100,130,125,126,124,130,127,128,124,128,128,125,124,127,130,128,128,128,127,129
125,133,131,147,183,126,133,123,121,127,133,123,127,131,136,107,89,131,124,130,129,135,128,129,116,130,124,127,128,128,134,121,125,127,127,126
131,131,133,140,180,120,131,128,147,118,132,119,128,133,130,93,94,134,133,130,129,130,127,130,128,132,121,127,126,127,129,128,124,130,127,125
132,123,142,161,169,126,123,122,132,143,131,124,120,125,128,96,93,132,126,130,124,138,125,132,127,122,128,122,125,128,122,131,130,129,128,126
136,145,129,153,180,125,119,135,130,135,122,127,125,122,131,102,85,125,137,130,125,130,122,128,134,127,113,133,128,130,123,132,138,128,126,128
120,145,131,157,162,117,128,120,136,128,130,127,129,130,125,119,99,125,113,126,128,116,126,122,128,133,125,127,128,127,127,138,128,129,129,126
122,130,128,149,156,130,131,136,131,126,129,122,138,123,122,113,119,122,130,131,123,121,125,124,128,127,121,124,125,128,125,122,133,129,122,126
131,116,132,145,158,128,112,127,133,137,142,128,124,139,129,123,123,122,130,123,130,134,128,125,124,123,121,130,128,128,138,128,127,129,125,128
128,125,125,141,146,130,122,128,151,139,134,126,122,128,134,122,124,129,132,120,141,127,132,129,128,125,129,131,128,128,122,134,129,128,124,130
133,128,127,142,138,131,115,122,126,133,116,124,128,125,121,128,120,126,133,130,145,136,126,130,128,124,128,133,133,128,124,120,119,130,131,129
126,129,120,135,151,130,114,143,125,125,126,119,122,136,128,128,122,129,123,134,131,128,117,134,128,128,122,131,125,130,127,128,114,132,126,129
125,132,130,120,125,122,114,130,128,125,129,127,119,130,130,127,125,125,140,136,135,126,130,131,135,135,129,140,128,131,114,129,133,128,128,128
128,133,125,128,133,131,116,138,129,122,126,126,124,119,120,113,133,128,121,130,127,129,130,126,124,124,119,116,127,127,140,123,120,131,125,125
139,128,127,143,128,125,120,142,141,133,119,134,117,128,121,114,128,123,137,122,125,130,132,133,125,129,118,133,125,128,130,127,125,126,125,128
135,130,137,132,127,129,114,133,130,130,117,128,125,125,121,121,131,128,133,125,130,129,122,119,126,125,125,131,130,133,125,121,114,126,126,129
145,136,128,120,128,126,136,128,116,114,135,127,122,127,115,123,129,131,136,127,134,122,133,131,117,133,128,126,128,133,129,126,130,128,126,128
130,140,132,136,125,125,133,138,113,126,128,131,128,136,78,115,125,128,123,127,128,119,130,125,127,142,134,127,128,125,134,128,126,128,128,127
124,125,146,139,131,120,128,126,129,122,131,130,132,130,52,94,130,133,125,138,133,132,131,130,128,128,130,125,127,128,130,130,133,129,129,126
119,121,144,138,128,132,127,122,117,130,127,127,116,121,62,88,114,127,122,123,119,128,135,133,123,128,126,130,127,128,125,133,127,132,128,126
127,131,162,137,125,123,124,119,123,126,143,115,128,133,61,72,128,131,123,127,120,135,131,131,135,135,116,132,130,128,128,135,125,129,128,127
130,132,165,142,134,134,128,125,116,125,133,129,135,132,46,77,132,131,130,131,127,138,125,125,128,126,121,131,132,127,130,121,124,126,128,131
128,140,170,133,123,135,122,124,130,118,136,119,123,123,48,86,120,131,115,123,125,122,122,131,128,125,118,122,129,129,118,126,127,128,128,130
130,128,170,136,128,131,123,140,122,124,118,125,123,132,50,71,120,131,134,127,127,128,138,128,115,124,128,113,124,127,132,123,130,131,128,128
136,125,174,145,139,128,130,127,141,122,128,127,123,118,48,72,126,133,120,133,126,126,127,125,131,129,124,128,125,126,129,132,131,129,128,127
122,127,180,145,125,122,119,131,120,125,128,129,130,136,38,74,124,133,124,133,116,123,128,128,130,124,134,123,128,125,128,123,126,130,129,128
132,113,183,143,122,135,128,144,127,115,133,122,111,135,43,80,128,132,130,116,120,141,127,134,127,130,130,137,125,128,128,126,122,128,129,130
134,134,202,138,123,128,130,146,126,114,110,115,125,128,46,72,116,129,145,126,113,139,127,126,128,123,129,127,124,125,136,131,132,127,121,129
129,124,199,134,124,122,111,137,127,120,128,125,124,138,39,82,122,131,123,133,124,123,126,130,131,121,133,126,126,125,135,126,122,131,124,127
111,116,203,152,127,129,137,120,115,130,116,124,128,132,45,84,128,130,130,122,128,121,130,130,134,126,126,124,128,128,129,133,134,127,127,125
133,139,190,141,130,126,115,135,127,118,132,123,125,134,57,81,128,125,115,134,124,145,122,129,134,119,128,131,129,126,133,130,130,128,128,130
125,144,180,128,127,119,123,127,131,128,127,131,129,128,64,103,124,130,136,123,130,127,125,128,132,128,123,129,126,130,127,127,126,132,131,129
116,117,144,136,127,125,126,127,128,134,130,123,125,134,104,130,124,127,119,131,126,124,125,130,135,131,133,134,124,129,129,123,123,122,128,128
132,136,130,136,126,115,134,123,146,122,110,131,125,127,113,119,124,130,114,122,123,136,129,129,129,135,129,129,128,128,127,128,127,128,122,126
130,127,122,124,130,128,133,118,116,128,126,132,139,135,122,132,121,130,129,130,137,135,128,133,125,125,124,126,129,128,131,120,120,128,126,128
128,135,148,139,125,128,133,130,122,129,130,125,125,139,127,131,123,123,134,124,120,139,127,131,130,133,131,128,126,128,136,133,130,120,130,127
133,131,132,136,127,121,123,120,132,137,131,125,139,140,119,128,121,130,139,128,124,121,135,133,129,127,128,132,125,127,122,125,119,127,130,125
128,132,137,133,128,128,132,123,116,115,131,122,133,130,137,132,132,122,132,122,136,136,131,130,130,119,128,128,126,132,129,128,128,132,127,129
120,138,125,133,139,130,130,131,141,130,122,132,126,128,122,125,128,130,123,152,131,117,124,128,132,125,143,128,127,128,128,123,123,130,127,128
133,134,116,125,130,129,125,124,126,133,130,132,122,127,123,135,130,128,128,150,123,142,120,127,125,135,132,125,127,129,121,125,131,133,128,128
127,134,135,124,132,125,128,130,114,132,126,130,125,125,126,116,128,124,126,150,131,125,113,125,117,126,130,130,125,125,123,135,128,130,125,129
126,128,130,138,128,128,118,122,135,122,132,128,122,129,127,123,128,128,126,145,140,144,132,123,126,130,128,128,128,128,125,131,130,131,124,127
134,127,139,127,126,130,106,140,145,128,128,124,120,132,124,122,133,128,123,124,125,132,134,128,120,131,124,130,128,125,129,130,128,134,127,129
129,134,133,125,130,124,111,158,125,122,125,125,119,121,118,134,127,128,120,106,132,130,135,122,123,124,125,132,126,126,129,125,122,124,125,125
127,130,132,125,127,132,123,150,134,119,130,130,129,117,125,132,126,131,122,112,119,128,122,128,130,123,127,130,125,128,128,117,129,127,130,129
122,133,130,130,124,134,123,160,128,133,129,130,133,130,115,113,126,130,123,99,110,125,133,130,143,126,127,134,128,125,129,138,125,130,127,130
130,126,137,119,118,121,129,162,128,126,133,131,132,124,119,119,127,130,135,106,122,125,134,126,136,125,126,138,127,126,128,130,123,124,130,127
134,132,133,119,142,128,131,162,135,119,137,133,122,129,129,132,133,125,125,103,113,132,127,132,124,126,135,115,128,128,128,128,134,135,128,130
138,137,137,118,131,121,119,154,136,127,121,131,127,120,132,130,131,128,135,98,118,126,122,133,129,123,107,121,122,128,129,129,121,131,127,132
122,130,133,119,128,129,123,154,143,128,128,128,121,134,131,124,121,128,134,97,111,129,128,128,136,126,124,134,127,125,125,127,131,130,127,125
132,130,128,136,119,131,127,176,142,128,128,130,125,132,139,121,130,125,133,95,124,120,128,132,118,132,112,121,131,127,130,128,133,128,128,125
135,127,124,129,136,122,125,163,149,134,123,130,122,131,131,108,129,128,125,96,104,132,124,132,127,128,129,136,128,128,140,139,130,133,124,129
130,135,143,130,122,128,125,168,137,134,117,130,116,122,128,125,124,128,121,109,123,131,130,130,133,112,131,110,128,125,121,129,125,115,128,128
132,133,130,132,126,120,122,162,137,129,133,127,122,125,126,131,132,125,124,117,116,121,129,131,129,124,130,132,128,128,132,124,128,135,127,128
131,126,131,134,126,116,127,142,134,120,135,126,139,134,139,126,121,131,128,124,115,133,130,132,130,133,127,135,127,125,125,128,134,129,128,128
135,128,137,123,141,125,133,136,128,131,137,130,113,128,126,122,130,121,133,138,115,126,128,134,131,124,124,122,122,127,122,129,128,136,128,131
125,118,134,136,125,122,131,136,148,126,131,128,116,117,127,132,121,129,135,130,128,130,126,132,131,128,121,127,130,128,128,117,129,130,130,129
137,121,128,135,128,125,126,136,118,121,122,122,130,134,120,140,128,127,128,131,136,123,136,117,126,131,134,136,126,126,125,126,133,139,127,126
125,138,135,135,126,133,132,122,136,135,129,126,130,128,123,118,125,128,126,129,118,127,120,120,119,138,134,118,127,132,126,119,128,130,127,128
