"max","min","mean","median","var","totalvar","auc","Xmax","Xmin","Xmean","Xmedian","Xvar","Xtotalvar","Xauc","Ymax","Ymin","Ymean","Ymedian","Yvar","Ytotalvar","Yauc","subcondition","glovecondition","subject","filecount","gesture"
"4638","4629","4635.5875","4636","4.01756329113924","37","370847","3.50506793185249","3.50345572354212","3.50460960296736","3.50485227517792","1.68023825077871e-07","0.0111086970363492","280.368768237389","3.50701186623517","3.50248433786995","3.50537265584573","3.50587727237289","1.46530582893499e-06","0.0119826186429615","280.429812467658","flat","notgloved","LC","1","constant"
"4637","4630","4633.075","4634","3.58924050632911","37","370646","3.50723073602417","3.50442286947141","3.50596816864087","3.50604229607251","5.88789934913241e-07","0.0119749817023735","280.47745349127","3.50615152169221","3.50269803582992","3.5047267068159","3.50507340265442","8.70127804987961e-07","0.0128457755155567","280.378136545272","flat","notgloved","LC","1","constant"
"4633","4627","4630.1875","4630","2.71123417721519","35","370415","3.50702398962611","3.50475161987041","3.50601621613827","3.50594080794988","2.61807422732124e-07","0.0102646627947243","280.481297291061","3.50594080794988","3.50334700928525","3.50444244297201","3.50442860228991","3.84601116333138e-07","0.0119910744563172","280.355395437761","flat","notgloved","LC","1","constant"
"4629","4622","4625.8375","4626","4.16313291139241","36","370067","3.50756593169045","3.50562040639862","3.50698379326975","3.5071305099395","2.24441506794847e-07","0.01038347422891","280.55870346158","3.5052972972973","3.50302506482282","3.50419535021097","3.50410722006053","3.2110366912154e-07","0.0151415850680707","280.335628016878","flat","notgloved","LC","1","constant"
"4605","4596","4600.375","4599","8.33860759493671","43","368030","3.51239669421488","3.50890529973936","3.51088282072738","3.51130926489778","1.14105726871578e-06","0.016014951269931","280.87062565819","3.51294322384164","3.50792961112318","3.51137739735174","3.5117947438285","1.35310025285678e-06","0.0153363013574057","280.910191788139","flat","notgloved","LC","2","constant"
"4608","4598","4602.625","4603","9.60443037974684","31","368210","3.51228527940857","3.50922509225092","3.51127375126804","3.5114105629211","3.67039591327251e-07","0.0125080192823135","280.901900101443","3.51260321599305","3.51041666666667","3.51172980089861","3.51174423662462","2.55363770614699e-07","0.0103258511427025","280.938384071889","flat","notgloved","LC","2","constant"
"4611","4591","4602.1375","4602.5","47.9681962025316","54","368171","3.51480191554201","3.51128472222222","3.51339781840693","3.51356336869432","5.39160322539208e-07","0.0174293356208892","281.071825472554","3.51150173611111","3.50892468437092","3.51018865657833","3.5101618533292","4.77860272549541e-07","0.0151927980956801","280.815092526266","flat","notgloved","LC","2","constant"
"4600","4593","4595.15","4595","3.26835443037975","38","367612","3.51393121462778","3.51163296368776","3.51277720866104","3.51273122959739","4.02172965695157e-07","0.0139881995966129","281.022176692883","3.50947093403005","3.50793996084403","3.50882183009352","3.50886540482208","2.18641354433908e-07","0.0095704667504628","280.705746407481","flat","notgloved","LC","2","constant"
"4605","4602","4604.075","4604","0.500632911392405","19","368326","3.50054288816504","3.49804517810599","3.49934291190808","3.49940275226848","3.62529869378343e-07","0.00901510479168","279.947432952646","3.5016293721486","3.49956559513467","3.5007439325052","3.50076004343105","2.02209949760806e-07","0.00684416486744777","280.059514600416","flat","notgloved","LC","1","no"
"4606","4601","4603.525","4604","2.15126582278481","19","368282","3.50010862480991","3.49902195174962","3.49956009128665","3.49956568944749","8.78133102079165e-08","0.0059752619926523","279.964807302932","3.501303214596","3.49967412557028","3.50058381653245","3.50048876445743","1.57245740715614e-07","0.0083642999010074","280.046705322596","flat","notgloved","LC","1","no"
"4608","4604","4605.2125","4605","1.20743670886076","25","368417","3.50076004343105","3.49847958297133","3.4996674556398","3.49978279756733","3.35934230157439e-07","0.0094471978142332","279.973396451184","3.50152041702867","3.49923995656895","3.50051710276604","3.50054277029961","3.51430103418866e-07","0.00944733890469829","280.041368221284","flat","notgloved","LC","1","no"
"4608","4604","4605.875","4606","1.04746835443038","17","368470","3.50076004343105","3.49934867564047","3.49998100775695","3.49989146950293","2.22245223484992e-07","0.0059706855557824","279.998480620556","3.50108554059922","3.49923995656895","3.50036907439113","3.50054265248535","3.53818839056353e-07","0.00553661034513242","280.029525951291","flat","notgloved","LC","1","no"
"4607","4603","4604.925","4605","1.13354430379747","17","368394","3.50032587442972","3.49923962633065","3.49987513277041","3.5","5.25739751871035e-08","0.00727606964396887","279.990010621633","3.50086880973067","3.49967412557028","3.50042346870476","3.50054312404953","1.13606183770395e-07","0.00684208954481669","280.033877496381","flat","notgloved","LC","2","no"
"4607","4603","4605.4375","4605","1.08465189873418","16","368435","3.50032573289902","3.49913156752063","3.49980052276753","3.49967440850879","6.51806229708314e-08","0.00564561267254016","279.984041821402","3.50119435396308","3.49913156752063","3.50022126169065","3.50010857763301","3.97921084191291e-07","0.00803469793197653","280.017700935252","flat","notgloved","LC","2","no"
"4607","4604","4605.75","4606","0.594936708860759","14","368460","3.50086843247937","3.49956578376031","3.50028769477762","3.50016284287643","1.15489491937994e-07","0.00455950630897561","280.023015582209","3.50119435396308","3.50032559149121","3.50067580442706","3.50065132435953","5.43158231552975e-08","0.00434418951851212","280.054064354165","flat","notgloved","LC","2","no"
"4607","4603","4604.8625","4605","0.955537974683544","17","368389","3.50086880973067","3.49967412557028","3.50051982723068","3.50054288816504","6.82680438002666e-08","0.00445229631437272","280.041586178454","3.50195482189401","3.49967426710098","3.500753318075","3.50086843247937","4.85533676600682e-07","0.00857994430681464","280.060265446","flat","notgloved","LC","2","no"
"4598","4590","4594.75","4595","3.0253164556962","36","367580","3.49967370023929","3.49782229965157","3.49900420316903","3.49907519990181","1.54106227840543e-07","0.00914150782822931","279.920336253523","3.49858603437024","3.49640914036997","3.49708634742596","3.49695387293298","2.2306942317052e-07","0.0111084906608476","279.766907794077","flat","notgloved","LC","1","pat"
"4599","4589","4594.7125","4595","7.49857594936709","44","367577","3.50032686859882","3.49836850119643","3.49938933428811","3.49934711615261","2.75349776901451e-07","0.0180643963786631","279.951146743049","3.49836565700588","3.49597563628453","3.49749591157146","3.49771391247551","3.24599394882702e-07","0.0163217542898031","279.799672925716","flat","notgloved","LC","1","pat"
"4602","4592","4595.4875","4595","5.92389240506329","46","367639","3.50054406964091","3.49902152641879","3.49982453986678","3.49989120974246","1.00847902736501e-07","0.0119665048528788","279.985963189343","3.4986962190352","3.49651567944251","3.49733000249685","3.49717022202873","3.17958720813824e-07","0.0126307490405799","279.786400199748","flat","notgloved","LC","1","pat"
"4599","4588","4594.5375","4595","5.1125","54","367563","3.50108885017422","3.49912929908576","3.50021911719637","3.50021767522856","2.31350651487165e-07","0.0152363699084206","280.017529375709","3.49956483899043","3.49575440888308","3.49748486286676","3.49749618985413","6.70965809183596e-07","0.0187241923031327","279.798789029341","flat","notgloved","LC","1","pat"
"4614","4605","4609.1625","4610","3.96060126582278","36","368733","3.50162866449511","3.49978298611111","3.50067393623522","3.50065075921909","1.67147031009751e-07","0.00954767125481526","280.053914898817","3.50325238508239","3.50097635061836","3.50217358654077","3.50211702811279","3.29785459368582e-07","0.0145314604572695","280.173886923262","flat","notgloved","LC","2","pat"
"4610","4602","4606.475","4607","3.77151898734177","44","368518","3.50151909722222","3.49956559513467","3.50050734479216","3.50043421623969","1.45982310622679e-07","0.0130226730158891","280.040587583373","3.50336298546322","3.49934867564047","3.50132938853474","3.5010853049707","1.72700991515208e-06","0.0138883752920411","280.106351082779","flat","notgloved","LC","2","pat"
"4611","4601","4605.85","4606","8.63544303797468","32","368468","3.50173837461973","3.49989151659796","3.50088480726327","3.50097677447363","1.85987802438662e-07","0.0149774973238643","280.070784581062","3.50314601865914","3.49902237671084","3.50064531416405","3.5003798803384","1.15171745954092e-06","0.0138932242918401","280.051625133124","flat","notgloved","LC","2","pat"
"4613","4605","4608.8625","4608","5.4871835443038","49","368709","3.5024962014326","3.49945711183496","3.50140626469327","3.50124687692973","5.00216927058798e-07","0.0146453536964941","280.112501175462","3.50249295469326","3.49967440850879","3.50111846181327","3.50135677259048","6.9836063833529e-07","0.0155105447178348","280.089476945061","flat","notgloved","LC","2","pat"
"4614","4550","4591.3125","4596.5","352.698575949367","171","367305","3.50379362670713","3.49213630406291","3.49932824174798","3.5005452563742","1.05843091396079e-05","0.0371476692811346","279.946259339838","3.50065132435953","3.49649122807018","3.49864537925169","3.49869706785093","1.12606081428235e-06","0.0277928519261308","279.891630340135","flat","notgloved","LC","1","rub"
"4609","4551","4583.75","4583","289.177215189873","163","366700","3.5048097944906","3.49694856146469","3.50207434514927","3.5024073872349","4.01575614889822e-06","0.033512554434155","280.165947611942","3.50186280955512","3.48808743169399","3.49462805467922","3.49326526146793","2.11668697652277e-05","0.0350379880401652","279.570244374338","flat","notgloved","LC","1","rub"
"4612","4567","4593.1125","4595.5","227.518829113924","143","367449","3.50281995661605","3.49726895346297","3.50013406856513","3.5002718691826","2.01866237288859e-06","0.0318899091646436","280.01072548521","3.49902322552637","3.48590021691974","3.49364448403832","3.49535372688612","1.55447504536164e-05","0.0329134551870127","279.491558723066","flat","notgloved","LC","1","rub"
"4617","4551","4587.05","4592","457.794936708861","186","366964","3.50758075148319","3.49782229965157","3.50164957996179","3.50103230608734","9.00249522300862e-06","0.0428242903576224","280.131966396943","3.50032959789057","3.49199385830226","3.49682497593292","3.49658538311873","4.32338635937084e-06","0.0233840485158812","279.745998074633","flat","notgloved","LC","1","rub"
"4611","4535","4583.7125","4588","486.941613924051","174","366697","3.51121372031662","3.50054359643401","3.50419260914474","3.50310271620012","8.71823188568818e-06","0.0354764893057897","280.335408731579","3.5027168006955","3.49195148842337","3.49893794105338","3.49961681607027","5.28463841852912e-06","0.0297443399076545","279.915035284271","flat","notgloved","LC","2","rub"
"4594","4535","4568.0625","4570","305.527689873418","214","365445","3.51532524807056","3.50241864555849","3.50791943270654","3.50851910799153","1.40499477093497e-05","0.0349411955334862","280.633554616523","3.50217959895379","3.49196212288042","3.49787166006444","3.49808280260588","4.10331853093344e-06","0.0403053807590736","279.829732805155","flat","notgloved","LC","2","rub"
"4612","4545","4580.6","4580","369.483544303797","131","366448","3.51292159439334","3.50261551874455","3.50641707407699","3.50638991282313","6.01765738274507e-06","0.0315834496801388","280.513365926159","3.50065302568568","3.49065728731589","3.49673211421195","3.49815578181807","8.81653449489179e-06","0.0299048726529514","279.738569136956","flat","notgloved","LC","2","rub"
"4610","4568","4592.3","4594.5","111.149367088608","131","367384","3.50629067245119","3.49355191256831","3.50126377530626","3.50315423161727","1.31171861083688e-05","0.0358700884345473","280.101102024501","3.50853391684902","3.49455100261552","3.49938067956253","3.49837239575668","1.75528448380988e-05","0.0424415472449828","279.950454365003","flat","notgloved","LC","2","rub"
"4605","4585","4596.4","4597","30.2683544303797","84","367712","3.50425114453891","3.5004347826087","3.50238795255174","3.50238922675934","7.24155677556471e-07","0.0239530706301179","280.191036204139","3.50196078431373","3.49630595393307","3.49892385131672","3.4988027861862","2.05199928533717e-06","0.0269792308008108","279.913908105338","flat","notgloved","LC","1","scratch"
"4599","4591","4595.775","4596","4.25253164556962","70","367662","3.50359242325278","3.49912967798085","3.50129491441609","3.50141458133437","9.92016496923494e-07","0.0224158605710687","280.103593153287","3.49923763885864","3.49532303676311","3.49760401621214","3.49749945640357","9.64469714382828e-07","0.0248087260135885","279.808321296971","flat","notgloved","LC","1","scratch"
"4603","4592","4597.9875","4598","5.55680379746835","65","367839","3.5033747006314","3.50021729682747","3.50131740841727","3.50108742931709","6.7777999573991e-07","0.0166474484550196","280.105392673382","3.49912967798085","3.49554250924114","3.4969812456452","3.49668299726868","1.02838449344976e-06","0.0218520137485316","279.758499651616","flat","notgloved","LC","1","scratch"
"4605","4587","4597.475","4597.5","19.6955696202532","82","367798","3.50337176419404","3.4995652173913","3.50147101457233","3.50141365817909","7.54350099743072e-07","0.0243672510681603","280.117681165787","3.49978204010462","3.49196350999131","3.49536582451705","3.49505166436533","3.40057344141841e-06","0.0310874148082596","279.629265961364","flat","notgloved","LC","1","scratch"
"4622","4603","4612.775","4613","35.670253164557","68","369022","3.50162513542795","3.49815337823159","3.49946063143874","3.49929549044319","6.19395708771393e-07","0.0195147607551793","279.956850515099","3.5034632034632","3.4989158716392","3.50100191288716","3.5010299371857","1.03404288708408e-06","0.0195086599131438","280.080153030972","flat","notgloved","LC","2","scratch"
"4615","4604","4609.2375","4609","10.6897151898734","51","368739","3.50086805555556","3.49815418023887","3.49977619919951","3.5","5.35121293473943e-07","0.0148608687556737","279.982095935961","3.50401214487096","3.49945734751465","3.50097743481996","3.50065061811778","1.00376176672822e-06","0.0174634763578809","280.078194785596","flat","notgloved","LC","2","scratch"
"4613","4601","4607.175","4607.5","6.19683544303797","56","368574","3.50086843247937","3.49706840390879","3.49926194644953","3.49956616052061","1.1525504220671e-06","0.0230120567489127","279.940955715962","3.50629340277778","3.5002169197397","3.50260478798983","3.50206029060941","3.62654951998448e-06","0.0225642677275597","280.208383039186","flat","notgloved","LC","2","scratch"
"4615","4605","4610.8625","4611","6.72768987341772","80","368869","3.50054218173932","3.49631076388889","3.49872170395751","3.49891634156914","1.05060948887933e-06","0.0240763517869524","279.897736316601","3.50595882990249","3.50162866449511","3.50356054737478","3.50346921075455","1.04881674185341e-06","0.0212367027232143","280.284843789982","flat","notgloved","LC","2","scratch"
"4615","4586","4601.125","4601","53.7563291139241","130","368090","3.50381346698627","3.49837415998266","3.50156422146996","3.50157524872299","2.33369880835388e-06","0.0269681459807014","280.125137717596","3.50434971726838","3.49934725848564","3.50127959743207","3.50097996631864","1.38948240660986e-06","0.0210823140465659","280.102367794566","flat","notgloved","LC","1","stroke"
"4610","4572","4589.125","4589.5","87.7310126582279","171","367130","3.5102754700481","3.49967440850879","3.50556106257765","3.50582728332091","5.93418669333214e-06","0.0401909237898703","280.444885006212","3.50328083989501","3.49858418645175","3.50087863227073","3.50065259955231","1.47560535759269e-06","0.0260714042970043","280.070290581659","flat","notgloved","LC","1","stroke"
"4621","4568","4589.5125","4587.5","203.164398734177","215","367161","3.50985113835377","3.50281385281385","3.50674162775153","3.50687622789784","2.89913791705519e-06","0.0310518198187606","280.539330220122","3.50722416812609","3.49329004329004","3.50135686097419","3.50179913185111","1.18325320404008e-05","0.0500523082055411","280.108548877936","flat","notgloved","LC","1","stroke"
"4596","4545","4574.175","4574.5","199.082911392405","229","365934","3.51837183718372","3.5041394335512","3.50968740691216","3.50983819257485","1.36757743186136e-05","0.0586928433771061","280.774992552972","3.50570175438596","3.49989109126552","3.50256740440393","3.50239808164875","2.79678365277195e-06","0.0231012951809628","280.205392352315","flat","notgloved","LC","1","stroke"
"4615","4544","4585.325","4590","495.968987341772","163","366826","3.50173535791757","3.48888888888889","3.49535874009041","3.49551714453777","1.40847216998914e-05","0.0410125989809034","279.628699207233","3.51034330985915","3.49132321041215","3.50002521896801","3.49907391969087","2.9386636950652e-05","0.0425010335053897","280.002017517441","flat","notgloved","LC","2","stroke"
"4611","4545","4573.4","4569.5","450.496202531646","212","365872","3.50417398945518","3.49168853893263","3.49824265013615","3.49874328869495","1.08255611596813e-05","0.0457465031915261","279.859412010892","3.50847084708471","3.49403600086749","3.50154926030227","3.50263158704705","1.88647326649267e-05","0.0431357354319744","280.123940824182","flat","notgloved","LC","2","stroke"
"4604","4550","4584.1125","4590","280.658069620253","139","366729","3.50604262799385","3.49661054012683","3.50058618438388","3.5","5.47636378082676e-06","0.031597134078265","280.046894750711","3.50351648351648","3.49652325076054","3.49933286491881","3.49874716951178","4.71474425462533e-06","0.0206353692466901","279.946629193505","flat","notgloved","LC","2","stroke"
"4608","4548","4582.35","4585","376.407594936709","174","366588","3.501953125","3.49212598425197","3.49810313433331","3.49923842074775","9.0193288341229e-06","0.0388715142129281","279.848250746665","3.5031847133758","3.49652476107732","3.49981510570923","3.49961827303161","4.69281314563469e-06","0.0264250433507414","279.985208456739","flat","notgloved","LC","2","stroke"
"4605","4601","4603.675","4604","1.08291139240506","26","368294","3.5014115092291","3.4986962190352","3.50014655914673","3.50021720243267","2.66414240653948e-07","0.0108604528350806","280.011724731738","3.5005433601391","3.4986962190352","3.4993239349956","3.499348392702","1.6100590948336e-07","0.00716871904110716","279.945914799648","flat","notgloved","LC","1","tickle"
"4607","4600","4602.675","4602","3.38670886075949","33","368214","3.5019556714472","3.4995652173913","3.50077935594138","3.5006518904824","4.40520106742304e-07","0.0137943141043566","280.06234847531","3.5005433601391","3.4983706278514","3.49953575629262","3.49978260869565","3.32923370454402e-07","0.0107540930082859","279.96286050341","flat","notgloved","LC","1","tickle"
"4606","4602","4603.075","4603","0.804430379746835","21","368246","3.501303214596","3.49913081269013","3.50044261956836","3.5003800453347","2.19191528145731e-07","0.0101012579732331","280.035409565469","3.50054312404953","3.4986962190352","3.4994623278133","3.499348392702","2.20401152820953e-07","0.00901505732774721","279.956986225064","flat","notgloved","LC","1","tickle"
"4606","4601","4603.4625","4603","1.77072784810127","40","368277","3.5019556714472","3.49956559513467","3.50077529370336","3.50076037366935","2.12058217131662e-07","0.0117324238896348","280.062023496269","3.50097804825038","3.4986962190352","3.4996402416296","3.49945711183496","3.05430297755278e-07","0.0126013287741653","279.971219330368","flat","notgloved","LC","1","tickle"
"4595","4591","4593.3875","4594","0.847943037974684","24","367471","3.50076202917483","3.49912891986063","3.49987071770583","3.49989113868931","1.17625738507878e-07","0.00849175129858004","279.989657416466","3.49793073404487","3.49608184588594","3.49700524457538","3.49706074461137","1.57852577162983e-07","0.00717877977043724","279.76041956603","flat","notgloved","LC","2","tickle"
"4596","4590","4592.65","4593","1.36962025316456","30","367412","3.49956464954288","3.49793163509689","3.49873166135452","3.49880200392071","1.22458553955737e-07","0.00958031908734025","279.898532908361","3.49912854030501","3.4966252993686","3.4976376661694","3.49749618985413","4.98576231374627e-07","0.00870497012460403","279.811013293552","flat","notgloved","LC","2","tickle"
"4597","4588","4594.05","4594","4.12405063291139","31","367524","3.50043591979076","3.49771391247551","3.49860421897304","3.49858603437024","2.19494962260984e-07","0.0103431987133882","279.888337517843","3.49847494553377","3.49662676822633","3.49724116676785","3.49706202393906","2.50495785372317e-07","0.00838416444764745","279.779293341428","flat","notgloved","LC","2","tickle"
"4597","4590","4593.2625","4593","3.96819620253165","27","367461","3.50010886131069","3.49815016322089","3.49933750390673","3.4994554563276","3.86095334946314e-07","0.00685963677011703","279.947000312538","3.49858480296103","3.49662676822633","3.49759860945071","3.49771391247551","3.82298833569028e-07","0.00663987675168132","279.807888756056","flat","notgloved","LC","2","tickle"
"4629","4620","4624.75","4624","5.17721518987342","29","369980","3.5102791603549","3.50702398962611","3.5090953909254","3.50940337619855","7.75260145738704e-07","0.0161023142078318","280.727631274032","3.51514495889225","3.51243243243243","3.51384424409995","3.51394594594595","4.86025324051302e-07","0.0167609412515159","281.107539527996","flat","notgloved","RG","2","constant"
"4625","4616","4621.325","4621","6.75379746835443","34","369706","3.5110437418796","3.5078953060783","3.5087883038703","3.50876054510058","5.68664279871277e-07","0.013024219386887","280.703064309624","3.51460722787275","3.51212121212121","3.51361886907681","3.51351935972312","2.46865244453844e-07","0.0125745891884539","281.089509526145","flat","notgloved","RG","2","constant"
"4622","4609","4616.325","4617.5","15.3867088607595","50","369306","3.51072124756335","3.50683148991542","3.50898090653761","3.5091539698427","1.19658091766549e-06","0.016506326360592","280.718472523009","3.51309807317601","3.51073519843852","3.51207379272963","3.51213171804869","2.19874650794457e-07","0.0171344702953431","280.965903418371","flat","notgloved","RG","2","constant"
"4619","4609","4614.3","4614.5","9.2253164556962","37","369144","3.50985488412389","3.50682852807284","3.50839476310924","3.50855719277596","7.41834806466543e-07","0.016582860251229","280.671581048739","3.51440329218107","3.5112749349523","3.51264776609606","3.51256499133449","6.10278726946626e-07","0.0126760492821996","281.011821287685","flat","notgloved","RG","2","constant"
"4605","4599","4602.6375","4603","1.72768987341772","22","368211","3.49945711183496","3.49782608695652","3.49890679516657","3.49891398783666","1.85606994634491e-07","0.00652008510774094","279.912543613326","3.50249945663986","3.50086918730987","3.50162271950663","3.5016293721486","1.11007639322743e-07","0.00630689477216517","280.12981756053","flat","notgloved","RG","1","no"
"4604","4599","4601.5","4602","1.44303797468354","21","368120","3.50086918730987","3.49913081269013","3.49987227672416","3.49978270317253","1.96007034273658e-07","0.00967025299318847","279.989782137933","3.50108648413733","3.50021729682747","3.50064111186786","3.50048897689702","8.26916142856886e-08","0.00467280263717784","280.051288949429","flat","notgloved","RG","1","no"
"4603","4596","4600.3","4601","3.78227848101266","25","368024","3.5016293721486","3.49945616706548","3.50054052705312","3.50059788517353","4.74353081559638e-07","0.0085859894022291","280.043242164249","3.5016300804173","3.49978251413658","3.50072538291275","3.50086956521739","2.1730679540638e-07","0.0077183606432607","280.05803063302","flat","notgloved","RG","1","no"
"4604","4598","4600.9875","4601","2.46819620253165","25","368079","3.50097804825038","3.49913043478261","3.50006383773044","3.5","3.19548662446576e-07","0.012497236751289","280.005107018436","3.50173837461973","3.50032601608346","3.50097939732021","3.50097804825038","1.10450857768906e-07","0.00815200915869152","280.078351785616","flat","notgloved","RG","1","no"
"4603","4598","4600.0625","4600","2.03401898734177","24","368005","3.50206566644923","3.49913043478261","3.50058565193717","3.5005433601391","5.04202217672078e-07","0.012173394200969","280.046852154974","3.50163078930202","3.49945687595047","3.50074872080623","3.50086994345368","3.81347122994138e-07","0.00847656035755939","280.059897664498","flat","notgloved","RG","2","no"
"4605","4599","4601.675","4601.5","2.70316455696203","21","368134","3.50108695652174","3.49869565217391","3.49958441269682","3.49945687595047","2.54648009991258e-07","0.0127134006259522","279.966753015745","3.5004347826087","3.49891304347826","3.4997447552885","3.49967412557028","2.34925698895993e-07","0.0066286164774052","279.97958042308","flat","notgloved","RG","2","no"
"4602","4598","4599.7375","4600","0.828955696202532","18","367979","3.50108695652174","3.49913043478261","3.50026494536316","3.50021739130435","1.92589761269748e-07","0.00804399822267632","280.021195629053","3.49967398391654","3.49836921069798","3.49908009536059","3.49918488884126","1.13981220887805e-07","0.00652202291034376","279.926407628847","flat","notgloved","RG","2","no"
"4603","4598","4600.4125","4600","1.33401898734177","17","368033","3.50119539230602","3.49913043478261","3.50014806799815","3.50005431240495","3.01237514248981e-07","0.00836854987350666","280.011845439852","3.49978260869565","3.49836921069798","3.49908026665002","3.49913043478261","1.77887519666981e-07","0.00663031673294112","279.926421332001","flat","notgloved","RG","2","no"
"4608","4600","4603.5875","4603","3.6125","48","368287","3.50173913043478","3.498696785404","3.50065320762542","3.5007602085502","6.95353704523303e-07","0.0178115936178616","280.052256610034","3.50238922675934","3.50010857763301","3.50114994030523","3.50108554059922","1.76746869414482e-07","0.0188972757556325","280.091995224418","flat","notgloved","RG","1","pat"
"4605","4597","4600.7125","4600.5","3.09351265822785","55","368057","3.50282608695652","3.49869565217391","3.50088157539422","3.50092359425328","1.0656676584145e-06","0.0246690742895788","280.070526031538","3.50250054359643","3.49989132797218","3.50103378357466","3.50103203020686","5.24175535809982e-07","0.0181496497948603","280.082702685972","flat","notgloved","RG","1","pat"
"4605","4597","4600.5875","4601","1.99224683544304","56","368047","3.50239130434783","3.49902195174962","3.50065352170773","3.5004347826087","7.34750510814759e-07","0.022171126776414","280.052281736618","3.50228211258422","3.49869565217391","3.50043598043056","3.5004890713739","8.64284785113092e-07","0.0178227336240324","280.034878434445","flat","notgloved","RG","1","pat"
"4604","4598","4601.6125","4602","1.78465189873418","43","368129","3.5016293721486","3.4995652173913","3.50035715659416","3.50032587442972","2.40919363359685e-07","0.016189016717481","280.028572527533","3.50141335072842","3.49923929580526","3.50034375561195","3.50021729682747","2.96187645391823e-07","0.0172788068069361","280.027500448956","flat","notgloved","RG","1","pat"
"4598","4591","4594.9","4595","3.28101265822785","60","367592","3.50359085963003","3.50043516100957","3.50207027767506","3.50212161176865","5.12153257065798e-07","0.021332747029537","280.165622214005","3.50391986062718","3.50141396562976","3.50254373972841","3.5025027203482","4.39823684013542e-07","0.0213447789522285","280.203499178273","flat","notgloved","RG","2","pat"
"4600","4593","4597.825","4598","2.29810126582278","46","367826","3.50337323177367","3.50065217391304","3.50203638546818","3.50217485863419","3.5929844097759e-07","0.0158888237864665","280.162910837455","3.50293797606094","3.50065245759026","3.50193574265196","3.50201237175313","3.18817190486513e-07","0.0150197212539749","280.154859412157","flat","notgloved","RG","2","pat"
"4604","4595","4599.45","4599","3.71898734177215","47","367956","3.50184983677911","3.49989132797218","3.50092687936915","3.50097804825038","2.52228570496196e-07","0.0170718639153082","280.074150349532","3.50260983036103","3.5","3.50119027839329","3.50130406439544","4.67587862047932e-07","0.0144638254700609","280.095222271463","flat","notgloved","RG","2","pat"
"4601","4594","4597.1875","4597","3.74920886075949","48","367775","3.50293797606094","3.49967370023929","3.50108086394225","3.50108742931709","5.54294506660194e-07","0.0195816801753841","280.08646911538","3.50304612706702","3.50021748586342","3.50166820194782","3.50163078930202","5.59876123061837e-07","0.0187018996136987","280.133456155826","flat","notgloved","RG","2","pat"
"4621","4573","4599.675","4602.5","210.070253164557","164","367974","3.5091823349366","3.50196078431373","3.50480610786174","3.50478156944996","2.86879798077685e-06","0.0384973945605198","280.384488628939","3.5113686051596","3.495670995671","3.50323710879296","3.50271559677714","2.09153809278258e-05","0.0534065763533533","280.258968703437","flat","notgloved","RG","1","rub"
"4625","4567","4591.6375","4589.5","366.461867088608","180","367331","3.50820389411507","3.50032587442972","3.50469601177786","3.50464430719554","4.48878820704757e-06","0.0425300881457553","280.375680942229","3.51335376532399","3.49297297297297","3.50498746867786","3.50604678767031","4.0609563518334e-05","0.0600419205991316","280.398997494229","flat","notgloved","RG","1","rub"
"4617","4561","4589.6","4587.5","368.167088607595","176","367168","3.5128261346196","3.50141458106638","3.50583813398816","3.50526647845147","1.00375233771114e-05","0.037426256833299","280.467050719053","3.51414163560623","3.49599306909248","3.50499922573066","3.50544432226495","3.30357105809852e-05","0.0533665979491182","280.399938058453","flat","notgloved","RG","1","rub"
"4636","4570","4603.675","4606","375.487974683544","228","368294","3.50995405819296","3.49923797082517","3.50371174684537","3.5036717062635","7.51934172250069e-06","0.0448639118205336","280.29693974763","3.51115973741794","3.48878343399482","3.50075345679541","3.5002712320475","3.99318428509165e-05","0.0689331466895071","280.060276543632","flat","notgloved","RG","1","rub"
"4605","4537","4575.075","4574","420.500632911392","201","366006","3.50991501416431","3.50065502183406","3.50587042182429","3.50581582172376","5.93953738430305e-06","0.039892545215785","280.469633745943","3.50132158590308","3.49353495507342","3.49781464975379","3.49766234285808","5.49308860952741e-06","0.0253301074609635","279.825171980303","flat","notgloved","RG","2","rub"
"4621","4550","4581.1","4575","580.26835443038","212","366488","3.50962995022722","3.49110085695452","3.50222462289541","3.50561118914918","4.41398379545374e-05","0.0498935128099003","280.177969831633","3.50459719789842","3.49561403508772","3.4989336581036","3.49814693664357","5.2413180914502e-06","0.0338203344683312","279.914692648288","flat","notgloved","RG","2","rub"
"4623","4558","4598.675","4603.5","372.298101265823","226","367894","3.5116832540026","3.49770190413657","3.50737172421263","3.50792272777922","9.92798537580778e-06","0.0452300771428762","280.589737937011","3.50581267821891","3.49804941482445","3.50103722238639","3.50081600975821","3.96594868372671e-06","0.0374342131450991","280.082977790911","flat","notgloved","RG","2","rub"
"4630","4561","4594.775","4596.5","493.442405063291","182","367582","3.51063368055556","3.50098489822718","3.50529078624036","3.50434607527304","1.01478768784473e-05","0.0382511369028866","280.423262899229","3.50602937952203","3.49513723795116","3.50098201616891","3.50168918100203","7.49929212494486e-06","0.0298692953570754","280.078561293512","flat","notgloved","RG","2","rub"
"4610","4591","4600.65","4601","22.3316455696203","85","368052","3.50369886858138","3.5004347826087","3.50185044579483","3.50184742447294","5.01943788427245e-07","0.0242396925553181","280.148035663587","3.50239234449761","3.49880512709103","3.50043821871404","3.50016293735337","1.08334154054709e-06","0.0203279252440902","280.035057497123","flat","notgloved","RG","1","scratch"
"4608","4586","4597.7375","4598","42.018829113924","98","367819","3.50588748364588","3.49967398391654","3.50236540919506","3.50217061004366","2.26292159044344e-06","0.0280952378013919","280.189232735605","3.50392498909725","3.49913194444444","3.50120191988949","3.50124958663541","1.75095941767661e-06","0.0245934689463922","280.096153591159","flat","notgloved","RG","1","scratch"
"4604","4583","4596.1625","4597.5","30.239082278481","97","367693","3.50512764564696","3.50087032201915","3.50265925791088","3.50239026510213","9.54775705153533e-07","0.0266902661410273","280.21274063287","3.50338206415012","3.49978222996516","3.50097831080591","3.50086918730987","7.04137451501914e-07","0.0197024661748024","280.078264864472","flat","notgloved","RG","1","scratch"
"4605","4579","4596.5625","4599","46.5530063291139","111","367725","3.5065445026178","3.50119539230602","3.50312748616605","3.50282485875706","1.6153729085004e-06","0.0286663491109884","280.250198893284","3.50414485165794","3.499348392702","3.5010336380089","3.50070674629893","1.66472208329615e-06","0.0231861878797752","280.082691040712","flat","notgloved","RG","1","scratch"
"4620","4608","4614.1375","4614","6.34794303797468","83","369131","3.50400866738895","3.49772481040087","3.50126636254858","3.50140967252223","2.72206520880116e-06","0.0228631007826023","280.101309003886","3.50508988520684","3.49306759098787","3.49856827914084","3.49837425366305","1.25570885737942e-05","0.0300037416401659","279.885462331267","flat","notgloved","RG","2","scratch"
"4622","4607","4614.825","4614.5","17.8930379746835","107","369186","3.50248971638883","3.49685534591195","3.49952796390068","3.49929582139165","2.22725045685793e-06","0.0235146354067077","279.962237112055","3.50628249566724","3.49945875730678","3.50209681594436","3.50184421783467","2.20631148313298e-06","0.0352082363251656","280.167745275549","flat","notgloved","RG","2","scratch"
"4616","4601","4609.2625","4609","10.7023734177215","82","368741","3.49978317432784","3.49728791494901","3.49883788926136","3.4988064235549","3.57002306988655e-07","0.0197465317663124","279.907031140909","3.50715214564369","3.50173460537728","3.50387114850203","3.50358306188925","1.32657786776297e-06","0.0273099197595772","280.309691880162","flat","notgloved","RG","2","scratch"
"4610","4599","4603.9375","4604","7.17325949367089","62","368315","3.50076004343105","3.49728437975234","3.49912954735905","3.49907701910825","7.0627822029999e-07","0.0188964273473626","279.930363788724","3.50467289719626","3.50054265248535","3.50232586926118","3.50217249630067","9.99947321403334e-07","0.0295522407591231","280.186069540895","flat","notgloved","RG","2","scratch"
"4627","4579","4610.1875","4615","159.54667721519","102","368815","3.50884472592269","3.49783643444396","3.50249142349074","3.50162372807967","6.85062450143643e-06","0.031715963270246","280.19931387926","3.50229307709107","3.49665009725524","3.49924309111597","3.49913344887348","2.04845669319116e-06","0.0231958187080186","279.939447289277","flat","notgloved","RG","1","stroke"
"4618","4600","4608.2875","4607","28.7643987341772","77","368663","3.50282485875706","3.49967454979388","3.50151016380569","3.5014115092291","6.48695727765172e-07","0.0179148624978644","280.120813104455","3.501953125","3.49859215941087","3.49990148859389","3.49978275036993","8.32005811847046e-07","0.0205123884359626","279.992119087512","flat","notgloved","RG","1","stroke"
"4631","4603","4619.225","4622.5","84.9107594936709","76","369538","3.50216076058773","3.49989184512222","3.50111253289816","3.50107991360691","4.44947898763663e-07","0.0177562666756903","280.089002631853","3.50140540540541","3.49794149512459","3.49937967276793","3.49924357034796","9.39351864906666e-07","0.0242492175384674","279.950373821434","flat","notgloved","RG","1","stroke"
"4635","4621","4627.025","4627","14.8094936708861","102","370162","3.50323694432456","3.49848681366191","3.50076692258942","3.50059447830194","1.57306895496423e-06","0.0250670239549038","280.061353807153","3.50086393088553","3.49729846552842","3.49872779466694","3.49859611172161","5.68204808264154e-07","0.0224836398071497","279.898223573355","flat","notgloved","RG","1","stroke"
"4602","4596","4599.8375","4600","2.28971518987342","34","367987","3.50032629976071","3.49836921069798","3.499688848914","3.49978270317253","2.49418364013477e-07","0.00869844201603565","279.97510791312","3.50337176419404","3.50086956521739","3.50152868198292","3.5013037809648","3.59282597285544e-07","0.0104368173558909","280.122294558634","flat","notgloved","RG","2","stroke"
"4603","4594","4599.2625","4600","5.33528481012658","56","367941","3.5005433601391","3.49706202393906","3.49907433235994","3.49929325370107","7.57754345225677e-07","0.0195677730780806","279.925946588795","3.50434782608696","3.5006518904824","3.50295045128468","3.50326086956522","7.83325062688344e-07","0.0219734114723793","280.236036102775","flat","notgloved","RG","2","stroke"
"4609","4595","4600.9375","4600","11.9833860759494","63","368075","3.50206118463875","3.49815096802262","3.4996203357333","3.49923896484846","1.14744996612243e-06","0.0242387548586844","279.969626858664","3.50337029789085","3.4965202261853","3.50110477227717","3.50152240104393","3.00080400690927e-06","0.0261998013420635","280.088381782174","flat","notgloved","RG","2","stroke"
"4608","4597","4604.4","4605","6.57215189873418","59","368352","3.50151909722222","3.49782703172534","3.49947037964577","3.49951125909001","8.13202278548442e-07","0.0237810084504151","279.957630371662","3.50184581976113","3.49696180555556","3.49969037363182","3.50021710811984","1.97723452256069e-06","0.0242191466993087","279.975229890546","flat","notgloved","RG","2","stroke"
"4612","4603","4607.675","4608","4.5006329113924","39","368614","3.50043402777778","3.49782797567333","3.49967427117481","3.49989149305045","3.45614537782352e-07","0.0103112015290621","279.973941693985","3.50108601216334","3.5","3.500447605395","3.5005424170102","8.38585256532431e-08","0.0118278003121715","280.0358084316","flat","notgloved","RG","1","tickle"
"4611","4605","4607.8625","4608","2.01882911392405","44","368629","3.50043402777778","3.49880668257757","3.49977077228293","3.49978298611111","1.30554585879712e-07","0.0141068464974721","279.981661782634","3.50173611111111","3.49924028652051","3.50035126449416","3.50032537962485","2.91260260420919e-07","0.0156253311678971","280.028101159533","flat","notgloved","RG","1","tickle"
"4609","4604","4607.05","4607","1.94683544303797","32","368564","3.50108554059922","3.49869791666667","3.49993764325141","3.49983722780702","3.67933477556569e-07","0.0112877379604255","279.995011460113","3.50217013888889","3.49967426710098","3.50046664170132","3.50037980963449","3.58230462137506e-07","0.00933235151991285","280.037331336106","flat","notgloved","RG","1","tickle"
"4610","4605","4607.325","4607","1.10822784810127","35","368586","3.50054265248535","3.49869791666667","3.49961201758257","3.49945734751465","2.19679346750453e-07","0.0111782174250408","279.968961406605","3.50141028422651","3.49945734751465","3.50042862423743","3.50054265248535","1.83009393628615e-07","0.0094388562965726","280.034289938995","flat","notgloved","RG","1","tickle"
"4610","4606","4607.6","4608","1.20506329113924","45","368608","3.50054265248535","3.49848024316109","3.49954149690168","3.49956597222222","1.67568196747997e-07","0.0126951952888064","279.963319752135","3.50065132435953","3.49956616052061","3.50007055071534","3.50005424170102","5.51896315235664e-08","0.00813870461583255","280.005644057227","flat","notgloved","RG","2","tickle"
"4612","4606","4608.1375","4608","1.79098101265823","43","368651","3.50086843247937","3.49815498154982","3.49949682283239","3.49940343524909","6.51520863311025e-07","0.0120435885939507","279.959745826591","3.50021710811984","3.49891445940078","3.49978434154528","3.49989146950293","9.04706937366257e-08","0.00900605323480042","279.982747323622","flat","notgloved","RG","2","tickle"
"4611","4606","4608.1125","4608","0.936550632911392","24","368649","3.50108506944444","3.49945734751465","3.5001125297617","3.5","2.18886432352106e-07","0.00824553975259024","280.009002380936","3.50130208333333","3.49934895833333","3.50014238919141","3.5","2.74957525147626e-07","0.00672780707061671","280.011391135313","flat","notgloved","RG","2","tickle"
"4608","4603","4605.825","4606","2.27278481012658","30","368466","3.50184581976113","3.49782891880156","3.4999024798924","3.5","9.01180763308337e-07","0.0125911873455546","279.992198391392","3.50162866449511","3.49891398783666","3.50017363995144","3.50021701388889","3.67241852035266e-07","0.0138970415344413","280.013891196115","flat","notgloved","RG","2","tickle"
"4603","4597","4599.0125","4599","1.73401898734177","24","367921","3.50510980647967","3.50249945663986","3.5037794130025","3.5034797738147","5.30842131154779e-07","0.0115247170110249","280.3023530402","3.50717703349282","3.50358617691806","3.5060707176101","3.50641583327433","8.56546178150889e-07","0.0119743458889019","280.485657408808","flat","notgloved","WZ","1","constant"
"4603","4597","4600.525","4601","1.49303797468354","29","368042","3.50489236790607","3.50282608695652","3.50373328482246","3.50358617691806","2.47519025190192e-07","0.0116163316868376","280.298662785797","3.50521739130435","3.50380517503805","3.50458101524106","3.50461908135463","1.97279334173235e-07","0.0101230827734828","280.366481219284","flat","notgloved","WZ","1","constant"
"4614","4596","4602.8875","4601","25.9238924050633","69","368231","3.50661174940386","3.50293414475114","3.5042370717571","3.50412595024885","8.17647121516442e-07","0.0200774218416959","280.338965740568","3.51094732278344","3.50293542074364","3.50622855276142","3.5058157969895","8.02019366373203e-06","0.0225083069161589","280.498284220914","flat","notgloved","WZ","1","constant"
"4615","4609","4612.2875","4613","2.73908227848101","29","368983","3.50672451193059","3.50509209100758","3.50582008315706","3.50585175552666","2.56191104311589e-07","0.00964632109772667","280.465606652565","3.51181956191715","3.50812567713976","3.51016184031545","3.50986129218406","1.42127429225684e-06","0.0092188461185394","280.812947225236","flat","notgloved","WZ","1","constant"
"4618","4607","4613.1125","4613","6.0251582278481","48","369049","3.50933159722222","3.50574463472794","3.50667817038468","3.50650054201702","4.50987284231238e-07","0.017778272340526","280.534253630775","3.50368923611111","3.50097508125677","3.50223157182393","3.50216731726894","5.30187905491473e-07","0.0130176718752382","280.178525745915","flat","notgloved","WZ","2","constant"
"4617","4605","4608.95","4609","4.27594936708861","38","368716","3.51073985680191","3.50792272628609","3.50942189175126","3.50944625407166","5.47070968680948e-07","0.0171230110663521","280.753751340101","3.50747238466537","3.50195227765727","3.50327873000389","3.50325379609544","1.1013817657074e-06","0.0151844299067529","280.262298400311","flat","notgloved","WZ","2","constant"
"4640","4618","4629.8875","4631","18.9871835443038","67","370391","3.51274298056155","3.50801212646167","3.51088428904845","3.51122625215889","1.32122068220016e-06","0.0248884012523902","280.870743123876","3.51112070827035","3.50399481753401","3.50922931397295","3.50982721428132","3.02799576571525e-06","0.0234240702568562","280.738345117836","flat","notgloved","WZ","2","constant"
"4631","4621","4625.825","4626","5.13354430379747","39","370066","3.50810110174984","3.50475572849114","3.50595564583004","3.50595109283705","6.14793145414205e-07","0.0117905410122994","280.476451666403","3.5036717062635","3.50172935581496","3.50246983855008","3.50237786424557","2.38107239950009e-07","0.0130826306771916","280.197587084007","flat","notgloved","WZ","2","constant"
"4605","4600","4602.2","4602","1.98481012658228","19","368176","3.50184742447294","3.50054288816504","3.50129294573851","3.50141212252879","1.42300734348539e-07","0.00575909736974678","280.103435659081","3.50086880973067","3.4995652173913","3.5000244028084","3.50021720243267","1.2849420868823e-07","0.0059755925287881","280.001952224672","flat","notgloved","WZ","1","no"
"4605","4598","4602.3375","4603","2.45427215189873","26","368187","3.50315285931724","3.50032573289902","3.50171534340469","3.5016293721486","3.78864718216851e-07","0.00739645280510093","280.137227472375","3.50097804825038","3.49902152641879","3.50013711224677","3.50010862480991","1.3984598379286e-07","0.00760708978146951","280.010968979741","flat","notgloved","WZ","1","no"
"4604","4600","4602.0625","4602","1.24920886075949","14","368165","3.50239130434783","3.50108648413733","3.5019135682407","3.50206387138823","1.18899311902029e-07","0.00673964951400352","280.153085459256","3.50086956521739","3.49934782608696","3.50035711821601","3.50043459365493","2.31693739448751e-07","0.00651942462133714","280.028569457281","flat","notgloved","WZ","1","no"
"4602","4598","4599.875","4600","0.844936708860759","25","367990","3.50293542074364","3.50054359643401","3.50182884045729","3.50206476852858","5.39882054001177e-07","0.00880862512894565","280.146307236583","3.50130434782609","3.49934782608696","3.5002119890223","3.50021739130435","3.33237448300708e-07","0.00728249073820919","280.016959121784","flat","notgloved","WZ","1","no"
"4605","4600","4601.875","4602","2.18670886075949","25","368150","3.5019556714472","3.49989132797218","3.50083396875653","3.50097719869707","3.39886247119929e-07","0.00966930778287267","280.066717500522","3.50173913043478","3.49923962633065","3.50071183664791","3.5006518904824","5.0622298615569e-07","0.00988840001987246","280.056946931833","flat","notgloved","WZ","2","no"
"4607","4602","4604.8875","4605","1.34161392405063","29","368391","3.50162866449511","3.49967426710098","3.50070439448591","3.50065141876451","2.30677451004302e-07","0.0133554265210249","280.056351558872","3.50021720243267","3.49913156752063","3.49969464070842","3.49967426710098","1.12837875845862e-07","0.00901151955164092","279.975571256674","flat","notgloved","WZ","2","no"
"4608","4603","4605.3","4605","1.27594936708861","25","368424","3.50184581976113","3.49945734751465","3.50070852388751","3.50076004343105","5.24318555821232e-07","0.0107488562487337","280.056681911001","3.50097762328916","3.49913156752063","3.49978561752499","3.49967426710098","1.9223477541494e-07","0.00901246299754455","279.982849401999","flat","notgloved","WZ","2","no"
"4608","4604","4606.4125","4607","1.56186708860759","14","368513","3.50108601216334","3.49891445940078","3.49984674488241","3.49978289188016","2.92086940847685e-07","0.00694797890352783","279.987739590593","3.50108554059922","3.49913156752063","3.50030259533204","3.50032559149121","2.75545891852363e-07","0.00521101916109101","280.024207626563","flat","notgloved","WZ","2","no"
"4607","4600","4603.725","4604","2.96139240506329","37","368298","3.5016293721486","3.50032573289902","3.50113501497628","3.50114041905021","8.19433104694985e-08","0.00771179698051894","280.090801198103","3.50152041702867","3.49891351586267","3.50024162238064","3.50021720243267","4.12702803071464e-07","0.013142046380644","280.019329790451","flat","notgloved","WZ","1","pat"
"4608","4598","4603.7875","4605","8.67579113924051","40","368303","3.50326228795128","3.50054359643401","3.5015003401144","3.50141335072842","3.93751781985743e-07","0.0132536886477537","280.120027209152","3.50195737277077","3.49923995656895","3.50032214281712","3.50021710811984","6.0258481893914e-07","0.0145588976381879","280.025771425369","flat","notgloved","WZ","1","pat"
"4605","4597","4600.35","4600","3.97721518987342","37","368028","3.50380517503805","3.500651607298","3.50253538259038","3.50250000011815","5.22587623821658e-07","0.0116358506434202","280.202830607231","3.50195737277077","3.49989142236699","3.50097833365072","3.50097847358121","1.95207102284984e-07","0.0155452999353876","280.078266692057","flat","notgloved","WZ","1","pat"
"4607","4602","4604.025","4604","1.41708860759494","55","368322","3.50282363162467","3.50021720243267","3.50172955939741","3.50179171961123","4.34963639786759e-07","0.0150981883364292","280.138364751793","3.50086880973067","3.49847958297133","3.49975569559575","3.49972848513676","3.62889438299123e-07","0.023131423558358","279.98045564766","flat","notgloved","WZ","1","pat"
"4612","4599","4604.775","4605","6.88544303797468","65","368382","3.50238922675934","3.49913119026933","3.50122674489644","3.50141150949535","8.8387205654496e-07","0.021606250600656","280.098139591715","3.50368763557484","3.49989142236699","3.50174271420867","3.50173761946134","4.75246992285204e-07","0.0250772020297654","280.139417136693","flat","notgloved","WZ","2","pat"
"4611","4603","4606.2","4606","3.50379746835443","59","368496","3.50369244135534","3.500651607298","3.50223611911984","3.50217108119844","5.15526641332774e-07","0.017685762509001","280.178889529587","3.50206297502714","3.49989142236699","3.50082769771997","3.50075971362266","2.90098627255448e-07","0.0192122081944519","280.066215817598","flat","notgloved","WZ","2","pat"
"4607","4599","4603.275","4604","3.31582278481013","47","368262","3.50369565217391","3.5014115092291","3.50283775457547","3.50293286986748","2.76321829356297e-07","0.0196599140121756","280.227020366037","3.50282485875706","3.49978279756733","3.50127094764909","3.50119539230602","3.93471930985083e-07","0.0185826814080614","280.101675811927","flat","notgloved","WZ","2","pat"
"4608","4600","4603.4","4603","5.02784810126582","45","368272","3.50369565217391","3.50108554059922","3.50240331732588","3.50255183403299","4.86523281537665e-07","0.017705756501269","280.19226538607","3.50239026510213","3.49891398783666","3.50067902498524","3.500651607298","6.34294975326798e-07","0.0181385066129023","280.05432199882","flat","notgloved","WZ","2","pat"
"4627","4570","4599.3875","4602","259.683386075949","153","367951","3.51072210065646","3.50173761946134","3.50492714716596","3.5041241824005","6.23532593865163e-06","0.0295927937083715","280.394171773277","3.50486696950032","3.49967213114754","3.50109061142802","3.50086617583369","8.91072863207414e-07","0.0253302766264993","280.087248914242","flat","notgloved","WZ","1","rub"
"4626","4565","4593.5","4593.5","285.063291139241","146","367480","3.51028896672504","3.50174140182847","3.50499546615994","3.5045563391341","4.76873048906395e-06","0.0284323424083874","280.399637292795","3.50525394045534","3.50075938381428","3.50289333607104","3.50261553663728","1.52294355451755e-06","0.029204999906042","280.231466885683","flat","notgloved","WZ","1","rub"
"4620","4567","4596.425","4599.5","237.690506329114","160","367714","3.50675970344527","3.50174443959878","3.50407399943702","3.50423636758636","1.09293396244825e-06","0.0311601156875416","280.325919954961","3.50454545454545","3.49924061618572","3.50234475851753","3.50293415362185","2.37162457262113e-06","0.0245887294307594","280.187580681402","flat","notgloved","WZ","1","rub"
"4627","4560","4600.475","4603.5","417.062658227848","215","368038","3.50953738215304","3.50087108013937","3.50402307892603","3.50341304036851","5.06726127472757e-06","0.0375840309458897","280.321846314082","3.50621321124918","3.49804006968641","3.50112268024041","3.50054194921923","6.23451451514954e-06","0.0287817417358731","280.089814419233","flat","notgloved","WZ","1","rub"
"4613","4589","4605.075","4607","36.3740506329114","89","368406","3.50348280365694","3.50010853049707","3.50145574163164","3.50119383569276","8.93689722402285e-07","0.0257404457389439","280.116459330531","3.50401388587546","3.4957507082153","3.50009299728153","3.50032559149121","3.04205185766353e-06","0.0270496213099527","280.007439782522","flat","notgloved","WZ","2","rub"
"4609","4585","4599.2","4599.5","40.0860759493671","97","367936","3.50479720889664","3.50097762328916","3.50268363109881","3.50233571732049","1.23398424668865e-06","0.0190530223925753","280.214690487905","3.50249511824691","3.49312977099237","3.49913533759122","3.49978260865456","5.76044700667025e-06","0.0368869285004512","279.930827007297","flat","notgloved","WZ","2","rub"
"4604","4583","4595.375","4596","37.376582278481","83","367630","3.50523560209424","3.50097762328916","3.50281670558785","3.50266443033289","1.39719743556777e-06","0.0247219169637201","280.225336447028","3.50228112100804","3.49214659685864","3.49794823417337","3.49831430714454","7.56495017090284e-06","0.0354004743834304","279.83585873387","flat","notgloved","WZ","2","rub"
"4603","4581","4592.425","4593","39.9436708860759","84","367394","3.50632635253054","3.50097804825038","3.50279976365585","3.50217817468961","2.49952428644829e-06","0.0257284795249291","280.223981092468","3.50184742447294","3.4923647469459","3.49723680624467","3.49738846559993","7.13185929734605e-06","0.0368499618157516","279.778944499574","flat","notgloved","WZ","2","rub"
"4607","4602","4604.9625","4605","1.1504746835443","26","368397","3.5014115092291","3.49978289188016","3.50058227175552","3.50075987845527","2.16759759103108e-07","0.0108569147717161","280.046581740441","3.49956578376031","3.49772085956154","3.49878799267576","3.49885984019745","2.41819921202683e-07","0.00759859638783755","279.903039414061","flat","notgloved","WZ","1","scratch"
"4610","4603","4607.4","4607","2.06582278481013","39","368592","3.50195397307859","3.50032559149121","3.50112597221616","3.50108506944444","1.54716954204075e-07","0.010097955172061","280.090077777293","3.50065104166667","3.49782891880156","3.49937332760725","3.49934895833333","3.8994314235254e-07","0.0118292131727555","279.94986620858","flat","notgloved","WZ","1","scratch"
"4617","4605","4609.9875","4610","11.7087025316456","45","368799","3.50151975683891","3.49924160346696","3.50061709376998","3.50059642377193","2.85056361673628e-07","0.00921945102177579","280.049367501598","3.50119435396308","3.49956634865568","3.50039737597614","3.50043365134432","1.23385024157823e-07","0.0090040337946018","280.031790078091","flat","notgloved","WZ","1","scratch"
"4616","4606","4610.7","4611","7.55443037974684","50","368856","3.50206207944432","3.49891681109185","3.50012760675351","3.49989161066551","5.32312227600608e-07","0.0145320292249953","280.010208540281","3.50097550401041","3.49902491874323","3.49981023394956","3.49978308021948","1.64169938234329e-07","0.0097600278673573","279.984818715965","flat","notgloved","WZ","1","scratch"
"4622","4607","4612.1875","4612","11.9770569620253","67","368975","3.50173535791757","3.49718736477715","3.50003966321027","3.50016263109162","7.73225643960994e-07","0.0215736806166356","280.003173056821","3.50325238508239","3.49934952298352","3.50118015175679","3.50113766631179","7.92128995565538e-07","0.0252552990709671","280.094412140543","flat","notgloved","WZ","2","scratch"
"4622","4603","4612.4625","4614","24.3276898734177","81","368997","3.501953125","3.49751136117723","3.50006938392524","3.50037915132442","1.32025277017938e-06","0.0230862010934998","280.00555071402","3.50346620450607","3.49945734751465","3.50155647288518","3.50162337669943","9.0842556734626e-07","0.0241619099892834","280.124517830815","flat","notgloved","WZ","2","scratch"
"4619","4604","4610.5","4610","15.4430379746835","71","368840","3.50173310225303","3.49934867564047","3.50071576981093","3.50070453206502","2.31601693518081e-07","0.0191971998765794","280.057261584874","3.50465670348711","3.50010857763301","3.50224954727563","3.50227815144283","1.00851169657264e-06","0.0224258903349464","280.17996378205","flat","notgloved","WZ","2","scratch"
"4627","4601","4613.5125","4612","41.7466772151899","100","369081","3.50108271979212","3.49750812567714","3.49974440512177","3.49983760326358","7.14283988022364e-07","0.0279632621598029","279.979552409741","3.50583910034602","3.50043421623969","3.50334044550863","3.50346770697876","1.96275043770945e-06","0.0292267028497641","280.267235640691","flat","notgloved","WZ","2","scratch"
"4597","4574","4588.7375","4592","38.4238924050633","97","367099","3.5104940970704","3.50271916467261","3.50630979164861","3.50587979094077","3.11074492670296e-06","0.0298572644525663","280.504783331889","3.50874125874126","3.50195822454308","3.50477627160102","3.50435540069686","3.48838449353528e-06","0.0293945139746987","280.382101728082","flat","notgloved","WZ","1","stroke"
"4597","4578","4587.075","4586","24.6272151898734","61","366966","3.50751797777294","3.50293669784642","3.50558982977991","3.50577845864374","1.04645013513994e-06","0.0250074210286906","280.447186382393","3.50731281379611","3.5025027203482","3.50491151549973","3.50468920392585","1.31316960228198e-06","0.0186921821674524","280.392921239979","flat","notgloved","WZ","1","stroke"
"4595","4584","4591.5875","4592.5","8.82768987341772","52","367327","3.50698080279232","3.50414123801221","3.50514133095537","3.50511648160244","3.66364554795255e-07","0.0166087080935813","280.41130647643","3.50479930191972","3.50152372659991","3.5028084918688","3.50277624816664","5.27234398334009e-07","0.0189814151531547","280.224679349504","flat","notgloved","WZ","1","stroke"
"4592","4578","4585.8875","4587","8.80996835443038","67","366871","3.50982961992136","3.50337764218784","3.50670470703759","3.50681199512135","1.95709164978847e-06","0.0285242253157327","280.536376563007","3.50523560209424","3.50174443959878","3.50344410094739","3.50348887919756","5.2684908199921e-07","0.0228244418169821","280.275528075791","flat","notgloved","WZ","1","stroke"
"4617","4608","4612.25","4612","7.40506329113924","64","368980","3.50043383947939","3.49794238683128","3.4992549123972","3.49934924078091","3.64451020102409e-07","0.0143089940109511","279.940392991776","3.50162584001734","3.49902364938164","3.49990503059483","3.4997830802603","3.72489740901232e-07","0.0153917607872534","279.992402447586","flat","notgloved","WZ","1","tickle"
"4612","4604","4607.0375","4606.5","4.03655063291139","32","368563","3.50097719869707","3.49934952298352","3.50012626796409","3.50010857763301","2.0946103555335e-07","0.0119400999128287","280.010101437127","3.50086843247937","3.49945734751465","3.50016963015088","3.50021682567216","1.52969256767684e-07","0.00890039697589939","280.01357041207","flat","notgloved","WZ","1","tickle"
"4607","4602","4604.7375","4605","1.28465189873418","32","368379","3.50228112100804","3.49913119026933","3.50063929388988","3.50054288826744","3.50502482989148e-07","0.0130328072973889","280.051143511191","3.50065132435953","3.49913119026933","3.49993891091697","3.49989142236699","1.61730690847511e-07","0.00846999960928452","279.995112873358","flat","notgloved","WZ","1","tickle"
"4610","4603","4607.1625","4607.5","2.16313291139241","38","368573","3.50206387138823","3.49934867564047","3.50029986621854","3.50021706100437","3.80883546232638e-07","0.0143276765174289","280.023989297483","3.50075971347949","3.49924028652051","3.49990096060686","3.49983720423905","1.67632421618211e-07","0.0125898683482797","279.992076848549","flat","notgloved","WZ","1","tickle"
"4615","4605","4609.225","4609","4.40443037974684","55","368738","3.50217013888889","3.50032545020612","3.50113364174655","3.50108506944444","1.9613504500677e-07","0.0137808764214959","280.090691339724","3.50216731686173","3.49891493055556","3.5005991221396","3.5005424170102","4.90750557226386e-07","0.0170307683727842","280.047929771168","flat","notgloved","WZ","2","tickle"
"4613","4606","4609.9875","4610","2.9998417721519","46","368799","3.50184421783467","3.49924094556495","3.50049499146381","3.50032530904359","5.52887178080474e-07","0.0151846652264558","280.039599317104","3.50260416666667","3.49989151659796","3.50119712452565","3.50119331742243","4.43504545668398e-07","0.0180000603105808","280.095769962052","flat","notgloved","WZ","2","tickle"
"4615","4604","4608.3125","4608","10.4707278481013","53","368665","3.50195227765727","3.4988072001735","3.50057393931677","3.50054218173932","6.64743238830908e-07","0.0218034299257552","280.045915145341","3.50249728555917","3.50010843634786","3.5015286331921","3.50173611111111","3.94567523393585e-07","0.0218032873008518","280.122290655368","flat","notgloved","WZ","2","tickle"
"4613","4603","4608","4608","8.17721518987342","48","368640","3.50140967252223","3.49945734751465","3.5003365123556","3.50037948019396","3.1916661224377e-07","0.0169250166276766","280.026920988448","3.50281995661605","3.49891445940078","3.50102241240588","3.50135644355912","1.16709905495599e-06","0.0154041723393963","280.08179299247","flat","notgloved","WZ","2","tickle"
