2,0,25,0,0,6,0,1,2,20,3,7,0,8,0,0,0,9,0,1,33,0,0,0,4,0,14,25,0,0,6,15,0,0,23,7
14,15,6,30,1,20,18,0,0,0,10,0,3,0,17,6,0,0,0,0,0,0,0,18,24,0,0,0,0,17,0,13,24,7,14,27
0,7,1,0,1,20,0,3,0,8,6,0,0,0,0,0,0,0,3,0,14,0,0,13,2,7,0,1,0,19,13,8,40,0,0,3
3,26,8,0,0,15,0,6,0,0,17,0,0,0,8,0,0,21,8,4,0,0,0,20,5,6,0,0,0,12,21,16,0,8,0,14
2,0,0,18,17,0,4,7,9,5,0,0,0,0,0,6,11,0,5,7,15,0,0,7,12,2,8,0,3,7,0,23,1,36,14,0
6,0,17,0,21,0,0,7,7,0,0,0,0,0,0,0,13,0,17,0,26,14,0,33,0,0,0,10,0,0,0,0,19,16,0,2
4,0,0,2,5,14,0,0,31,8,0,0,0,17,0,0,35,0,0,27,22,12,0,15,0,10,0,3,7,22,0,28,0,0,18,4
0,8,0,0,0,0,0,0,0,0,0,0,28,0,6,0,27,0,0,0,0,0,0,7,0,4,0,0,30,1,0,0,19,0,0,9
4,21,31,0,31,0,0,9,0,0,17,0,12,0,0,3,10,0,0,0,0,0,12,16,3,0,0,20,0,13,0,0,0,35,0,8
0,0,0,0,16,0,0,0,0,0,0,2,14,0,0,2,0,5,0,7,0,11,0,0,0,7,0,0,0,0,0,0,0,0,6,0
16,0,0,0,17,0,10,0,4,0,2,21,0,16,0,9,26,31,2,0,0,0,1,0,0,11,0,0,0,8,5,3,39,0,0,0
11,6,5,6,0,22,7,11,8,0,22,0,0,0,0,11,5,1,35,0,38,16,0,13,0,24,27,5,0,0,4,0,9,0,26,3
2,0,0,10,0,0,0,1,0,19,0,0,5,0,0,0,3,0,0,3,0,0,0,0,23,16,7,0,0,4,8,0,27,6,2,0
5,4,6,3,0,0,5,0,18,13,2,7,12,0,0,22,4,0,2,21,0,28,0,11,0,3,7,0,0,6,19,0,26,8,0,15
0,1,12,47,31,0,0,0,0,0,0,9,0,0,11,11,0,0,0,0,25,6,27,33,0,7,0,12,0,0,3,0,0,3,17,5
0,20,0,3,1,0,46,0,15,13,15,0,8,0,0,4,0,0,0,1,28,0,25,22,0,0,16,24,7,0,21,9,0,17,0,12
0,10,8,11,0,0,5,0,5,0,0,0,0,26,0,0,4,0,0,10,25,0,0,29,9,0,0,0,3,0,3,22,16,0,9,0
16,4,0,0,19,0,0,2,4,0,2,0,0,2,0,0,18,6,13,13,25,0,0,0,0,0,12,15,8,1,25,38,4,0,5,0
3,4,0,14,9,4,0,10,22,0,0,0,23,0,20,37,24,0,0,0,15,5,0,0,0,11,18,0,4,9,0,14,19,0,0,0
0,0,22,10,0,12,1,12,0,0,23,0,0,0,2,0,0,7,0,0,0,0,20,5,0,19,22,0,8,27,0,33,0,18,0,0
0,16,0,0,11,0,1,11,0,11,0,33,0,0,26,0,0,0,12,0,34,2,14,0,0,11,0,0,6,0,22,0,2,13,0,1
0,0,0,15,45,18,0,3,0,20,5,0,1,61,0,0,0,3,0,0,0,3,0,7,0,10,0,0,5,0,0,18,0,7,3,13
14,0,0,8,14,0,9,0,0,19,0,0,0,2,0,0,0,0,0,10,7,24,0,12,5,0,8,0,12,3,18,0,13,5,7,0
5,1,3,7,0,0,4,0,0,14,11,18,9,17,15,9,17,2,0,2,15,7,23,15,19,12,12,3,0,15,0,29,0,0,0,0
0,0,0,0,16,0,18,7,8,0,25,30,0,0,20,35,14,27,0,0,0,0,13,0,9,12,25,0,0,15,6,0,0,16,8,0
18,2,0,0,0,0,0,0,21,3,38,0,0,0,16,0,0,9,9,0,16,9,14,0,0,0,0,0,0,7,0,12,1,0,0,8
2,0,0,0,0,38,19,5,0,0,0,0,0,0,0,7,8,20,0,0,0,2,0,20,0,0,0,0,19,11,18,17,15,0,0,3
9,4,12,0,0,6,0,3,0,6,18,14,11,0,0,32,7,0,0,0,0,0,0,9,30,3,0,0,0,9,22,0,0,0,0,11
8,0,0,20,7,17,8,12,3,4,19,0,0,0,0,0,0,0,0,0,0,27,26,0,0,0,0,14,28,0,0,10,27,0,2,0
0,9,3,15,0,0,0,19,3,18,0,5,0,12,0,0,0,7,0,2,6,0,0,0,0,5,0,0,0,11,0,0,25,10,0,0
0,0,0,0,0,0,0,0,26,20,0,9,3,7,26,36,1,0,26,0,5,0,0,16,1,0,0,27,25,0,31,7,0,0,0,5
0,16,14,3,1,2,8,0,0,0,9,30,11,12,0,0,0,9,0,0,0,30,0,7,0,0,0,0,17,1,0,0,27,23,0,0
0,5,0,0,12,0,0,14,0,0,0,9,8,0,0,20,10,10,15,2,9,0,0,0,5,8,2,0,30,0,19,11,0,0,2,0
9,0,0,14,0,0,0,0,14,22,0,13,0,11,0,0,0,0,0,10,14,0,0,0,2,2,0,23,0,0,0,4,0,1,0,0
0,0,0,3,0,14,4,0,0,7,0,4,0,0,22,0,0,0,0,0,0,0,0,0,13,0,0,0,0,0,0,0,0,10,0,0
0,8,0,15,22,0,15,5,33,28,17,0,1,6,11,36,0,24,2,0,50,0,10,16,17,0,0,12,0,18,1,0,3,10,0,0
0,0,0,10,33,37,4,3,0,0,0,0,6,0,0,5,0,4,0,0,0,30,0,16,0,0,0,1,14,13,0,0,0,0,0,0
0,0,0,21,15,0,16,6,1,0,0,16,0,0,0,15,0,4,0,5,8,0,7,15,29,0,0,0,13,0,37,0,3,19,13,0
2,0,0,0,29,0,0,0,0,0,23,6,9,9,0,1,0,0,0,4,23,10,15,1,0,13,0,0,2,0,1,0,0,4,13,0
3,0,53,16,0,11,0,0,27,0,1,0,4,2,0,15,22,11,0,0,0,19,0,22,0,5,0,0,3,0,15,28,2,2,0,11
0,27,19,0,5,3,0,24,0,4,21,0,0,0,0,3,0,0,0,0,10,14,0,0,0,6,7,13,0,9,15,0,0,20,0,9
0,6,0,1,0,0,0,0,5,0,0,0,0,0,0,0,8,0,0,0,5,21,11,0,0,7,8,6,7,5,9,0,15,7,12,0
12,0,8,8,6,0,0,5,11,0,19,0,3,0,0,0,0,0,0,0,3,0,12,18,1,0,6,0,0,3,26,48,0,13,0,7
0,0,6,15,0,0,0,19,0,0,0,30,15,7,27,9,16,16,0,0,0,12,0,17,0,0,0,0,0,1,0,0,1,9,0,0
0,19,25,23,9,7,10,0,0,5,16,0,1,0,0,18,19,0,0,0,0,26,36,8,0,11,0,0,0,0,0,0,3,0,0,0
0,23,0,7,0,32,7,0,17,0,5,21,13,1,0,0,20,21,0,0,27,3,12,5,18,0,0,0,5,2,1,10,0,12,0,0
20,0,23,0,30,17,0,0,0,3,12,0,0,0,0,6,10,0,8,14,4,0,0,0,17,0,0,36,0,0,3,6,9,12,13,0
0,0,11,7,38,0,0,6,0,25,17,0,0,2,13,0,9,8,0,6,10,0,1,0,0,0,0,0,0,22,0,0,0,22,7,0
0,0,3,0,53,26,12,6,0,0,38,12,16,30,0,0,0,0,0,0,9,28,0,0,6,0,0,6,0,12,0,20,17,4,4,0
9,0,0,0,0,0,0,18,0,0,28,0,0,35,26,0,0,7,1,0,1,5,0,11,20,0,0,0,5,0,15,18,0,0,21,0
0,2,6,4,0,7,0,6,0,0,4,16,0,18,9,14,22,0,0,0,8,5,5,0,45,0,20,5,17,0,0,0,13,0,20,0
6,4,0,0,13,10,0,4,0,0,0,0,0,0,4,0,28,0,0,0,0,15,0,0,9,0,4,0,0,0,35,1,0,0,5,0
2,15,15,36,2,0,0,2,7,0,0,3,0,28,28,9,0,39,0,18,14,0,16,25,28,11,0,0,4,17,0,0,6,0,0,9
7,0,0,17,0,0,0,0,0,36,16,24,5,0,16,0,0,17,0,0,0,16,6,5,0,8,0,0,0,0,0,9,47,28,3,21
0,15,7,17,19,0,2,0,2,3,19,3,0,0,14,0,0,23,0,16,0,6,26,25,15,30,0,0,10,23,29,0,0,27,11,2
0,0,7,0,0,0,2,12,0,21,0,6,0,3,26,0,0,0,9,0,0,0,0,20,0,7,23,0,21,0,0,0,0,31,0,0
0,0,7,13,24,11,0,0,0,0,0,1,0,0,13,0,0,2,24,0,0,13,0,17,19,0,8,0,0,0,0,11,11,0,0,5
0,11,10,0,18,0,4,0,0,20,43,12,0,0,0,23,23,0,6,3,19,0,9,21,7,9,11,0,0,0,0,0,16,13,13,25
1,0,9,0,1,0,5,0,19,0,0,0,0,0,26,0,0,0,28,1,2,21,3,15,0,0,0,33,10,3,0,0,0,0,0,0
0,2,0,0,0,0,0,0,0,0,0,0,0,4,11,0,9,0,0,0,0,0,6,0,1,4,18,6,0,0,30,0,2,16,0,14
0,19,0,3,9,0,0,0,0,0,16,0,0,11,0,9,19,0,3,0,16,2,7,6,5,0,17,19,0,0,0,8,29,6,0,17
0,36,0,0,16,0,6,8,0,28,0,16,2,1,0,11,0,0,0,5,0,23,13,1,4,7,15,0,15,0,2,0,0,0,0,0
0,0,0,3,0,20,9,10,0,0,1,15,0,16,0,10,0,12,4,3,15,6,0,6,19,4,0,0,0,0,6,0,0,11,23,0
0,0,19,6,0,0,17,1,0,0,16,7,0,3,12,20,0,2,0,1,0,15,32,37,0,13,20,6,17,11,20,0,22,0,0,0
0,14,0,0,3,0,9,0,17,0,0,0,13,0,0,23,0,19,4,0,0,5,23,0,0,0,4,0,17,0,0,14,0,0,0,0
13,0,1,0,0,0,16,8,0,7,0,3,3,0,4,35,0,0,13,12,0,0,0,16,0,11,0,0,0,4,0,0,30,0,0,0
4,9,0,0,29,0,17,3,0,15,7,0,22,3,13,0,0,3,0,0,0,0,0,5,0,8,0,16,9,14,7,0,0,17,0,3
0,4,0,3,0,5,0,0,10,7,4,0,0,27,0,0,5,8,0,0,0,0,0,0,0,0,0,0,0,8,0,0,0,0,0,3
0,16,0,27,0,0,0,16,8,10,0,0,7,0,23,0,0,4,0,4,13,35,20,0,0,0,9,0,4,7,0,0,0,9,0,0
0,2,0,0,47,23,5,0,0,0,14,0,0,0,0,17,0,0,0,0,0,0,0,0,0,0,14,13,7,9,25,0,0,20,0,6
23,0,0,0,0,19,3,0,0,12,5,15,0,0,0,21,3,0,0,0,0,0,2,0,3,0,0,11,6,3,1,0,0,32,10,0
0,0,0,0,10,0,0,3,0,0,0,11,5,0,13,5,23,0,0,0,17,0,0,0,30,0,0,23,4,15,15,21,0,0,0,6
22,0,6,0,0,0,0,25,8,0,0,0,0,0,20,8,26,0,0,0,0,19,0,0,1,15,0,0,30,10,14,2,18,0,0,0
18,0,0,9,0,0,1,20,0,0,0,18,0,0,0,6,0,0,0,22,35,22,0,13,5,0,0,0,10,0,19,23,18,22,1,0
11,10,0,0,0,0,3,13,1,4,15,23,18,0,12,17,0,0,2,15,29,0,13,0,10,15,8,12,0,0,0,4,0,8,0,0
0,5,0,0,0,0,4,0,0,0,0,0,4,0,23,15,5,6,0,15,0,24,0,0,0,6,0,0,23,0,0,34,0,7,15,0
0,1,0,22,1,0,0,0,3,2,15,7,0,4,3,0,20,0,2,2,17,15,0,0,14,12,5,10,10,0,16,0,2,0,7,0
0,14,7,0,20,0,0,7,0,0,17,0,0,0,2,23,0,4,1,0,16,20,3,20,0,0,0,0,2,0,0,25,44,0,13,7
0,10,0,0,3,0,0,0,10,12,0,0,0,5,0,0,0,0,0,0,0,0,5,0,0,0,0,10,0,6,0,0,0,0,0,0
3,19,0,0,0,9,2,23,0,0,8,15,10,3,9,0,9,0,19,0,15,32,0,0,0,1,0,0,0,23,6,6,11,0,12,14
1,0,4,43,0,4,0,0,0,0,13,15,0,1,0,20,0,21,14,0,0,33,7,0,18,3,20,0,10,9,13,0,0,43,7,3
0,7,0,0,10,41,11,0,0,7,0,4,0,13,7,0,37,0,0,15,0,29,0,0,0,7,5,0,8,6,0,26,35,24,0,1
10,0,23,12,19,1,23,29,0,3,0,0,1,0,7,3,12,0,0,0,5,4,0,40,0,0,5,7,0,0,0,0,2,0,9,29
20,6,0,7,0,18,0,0,25,9,36,0,0,0,0,0,24,0,0,0,0,0,24,0,0,0,0,0,5,21,0,3,0,0,0,16
0,5,1,31,0,6,3,6,0,0,23,0,8,0,27,0,6,13,6,0,0,0,0,0,0,0,16,0,5,0,35,0,12,23,3,4
0,0,1,0,0,27,0,9,0,3,3,0,0,0,23,0,0,3,0,0,0,0,0,0,12,9,14,0,17,0,0,0,13,0,17,0
0,0,6,11,0,0,0,17,0,0,0,0,0,13,32,1,4,0,26,24,1,19,23,0,0,0,5,26,0,0,0,0,10,0,22,5
10,0,11,0,47,0,1,11,0,15,0,9,0,0,12,0,0,7,0,21,11,6,0,0,0,0,0,0,0,12,0,2,13,19,2,0
11,16,0,0,0,5,0,0,0,1,0,0,0,0,23,0,0,0,0,12,0,0,46,32,0,3,18,0,20,15,26,7,42,0,17,2
5,9,3,0,2,0,20,18,0,7,17,14,0,9,11,0,0,0,14,31,0,26,0,8,0,0,41,24,0,0,6,0,0,0,0,0
11,3,0,0,0,0,0,0,12,0,0,0,0,0,8,0,10,0,0,18,0,0,11,0,0,0,0,0,23,0,15,4,0,0,3,0
0,0,0,0,11,17,0,0,9,6,0,0,0,0,0,0,17,0,0,0,0,0,1,0,0,0,0,0,2,0,0,9,46,0,12,1
0,0,0,28,21,0,20,0,22,3,11,0,1,13,0,0,28,0,20,2,10,5,0,0,28,5,11,3,4,0,0,26,0,0,11,0
0,8,0,0,0,0,0,0,13,24,9,0,2,0,16,1,18,33,0,0,0,0,18,0,37,0,0,0,10,5,0,0,22,35,0,9
0,0,2,14,6,4,1,0,7,5,0,5,4,5,11,17,0,24,0,5,0,2,0,0,0,1,0,0,0,0,0,36,23,4,2,5
0,0,0,18,28,1,3,13,14,0,16,0,0,0,18,10,5,0,0,28,0,26,0,2,0,0,5,8,2,4,0,0,0,0,0,22
0,1,0,8,0,0,0,6,9,22,14,34,0,0,22,13,0,18,4,26,18,0,8,13,23,0,0,10,0,6,8,7,0,5,14,17
0,0,3,28,0,14,7,16,0,0,4,0,0,11,19,0,6,1,1,0,14,19,16,27,12,0,6,0,13,13,0,25,31,12,17,7
0,0,3,10,0,0,14,0,0,0,0,27,0,13,17,0,0,11,9,28,0,0,0,7,0,5,0,0,0,23,0,3,39,0,0,2
3,0,13,0,5,7,0,0,0,0,9,0,5,0,8,11,0,10,8,0,0,22,0,0,0,0,47,2,18,5,1,0,33,19,15,3
0,0,0,49,17,18,0,5,0,23,0,4,0,0,23,0,15,0,27,8,15,0,0,0,0,0,0,0,0,0,6,12,9,0,11,18
0,8,3,0,5,23,0,0,0,0,2,0,11,12,0,0,19,0,2,3,0,12,0,20,0,0,0,15,0,0,0,25,18,19,8,2
0,0,28,0,0,0,1,0,0,0,0,2,0,0,15,34,6,0,0,2,38,28,6,29,0,0,3,0,0,0,0,10,34,0,11,16
0,0,18,0,0,0,0,0,0,0,0,0,14,0,0,11,13,0,0,0,36,0,0,17,0,11,0,0,6,7,37,18,0,0,13,0
7,0,0,12,0,0,0,3,0,22,3,0,5,0,6,0,16,0,16,3,0,5,0,5,0,0,4,17,0,0,0,27,0,0,0,3
0,0,0,18,8,0,0,19,4,24,7,1,0,0,0,7,15,14,0,0,0,4,0,0,0,0,0,22,14,0,4,0,0,0,6,0
1,0,0,1,0,0,0,0,0,0,5,6,0,3,0,0,0,11,0,0,16,0,3,23,0,0,0,1,0,0,0,0,0,0,30,7
11,7,0,0,15,20,3,0,5,0,38,10,9,1,22,0,17,3,0,0,1,23,37,11,26,0,0,9,0,0,0,5,0,0,0,0
0,5,7,0,0,0,23,5,20,16,12,32,0,0,10,0,0,20,0,10,0,4,0,0,10,0,0,0,37,23,0,3,28,0,7,21
2,24,18,0,9,6,0,11,2,0,0,29,3,5,0,14,0,0,6,0,13,0,40,0,0,0,1,0,0,0,8,11,9,5,14,0
0,9,0,0,0,0,0,0,0,0,0,6,2,0,15,37,3,40,0,6,0,0,29,25,36,0,11,0,1,8,0,5,20,24,0,12
7,5,0,33,29,20,0,1,0,16,0,24,0,0,0,0,0,5,12,5,0,45,0,27,2,0,0,7,1,35,0,0,17,0,0,2
2,0,0,16,0,16,0,15,0,16,10,0,0,25,0,2,0,0,1,0,0,34,13,0,0,25,20,8,0,0,10,8,14,0,0,3
3,0,0,9,2,28,7,6,0,0,0,0,0,6,0,3,0,16,3,0,8,4,0,27,0,0,0,22,45,28,6,0,0,0,0,17
6,0,0,0,0,0,0,6,0,22,9,3,9,0,7,0,0,21,0,0,10,25,0,5,0,0,15,0,31,0,0,0,26,17,0,4
15,0,18,12,2,7,11,0,0,18,0,0,6,0,15,21,28,0,0,0,39,0,0,0,2,5,0,3,0,0,0,0,33,0,1,0
4,1,2,0,3,19,0,6,0,0,29,0,5,0,6,0,9,11,0,0,15,0,0,3,0,0,0,0,17,2,9,0,4,0,0,15
10,0,13,0,18,0,8,0,0,17,0,0,7,0,0,1,0,6,0,0,17,28,5,0,0,0,41,19,4,0,0,0,0,0,5,0
11,2,0,0,0,11,0,14,0,23,8,0,15,7,16,5,0,0,7,5,0,0,13,0,0,0,0,1,0,9,1,4,3,0,5,0
1,0,0,8,1,9,0,0,30,0,0,19,1,11,0,32,0,0,0,5,15,22,0,0,0,31,4,0,5,0,3,0,17,12,5,5
3,0,6,20,3,0,6,0,0,0,0,6,0,0,0,14,0,8,29,0,0,7,18,0,0,0,0,5,16,34,1,5,39,3,11,0
16,10,0,32,23,0,15,14,0,17,28,0,10,0,5,0,0,0,0,0,4,41,12,0,4,5,0,0,14,9,0,0,22,0,9,0
3,17,0,26,7,0,0,1,0,0,0,0,0,0,13,0,0,21,0,1,0,18,0,0,0,25,0,0,15,0,0,0,6,0,11,14
5,2,15,5,3,18,0,0,0,0,17,0,0,0,0,11,2,0,0,4,9,0,16,13,0,11,0,7,16,0,0,0,11,12,6,0
0,0,0,0,4,0,0,0,0,0,0,0,14,0,18,11,1,0,0,0,27,0,19,0,3,0,0,1,0,4,0,0,0,0,5,0
0,0,0,0,0,24,1,3,2,22,0,12,0,3,10,0,21,0,3,25,3,20,7,0,0,0,9,15,0,0,2,6,0,3,9,5
17,0,0,10,30,0,0,9,0,17,9,0,7,0,26,0,26,7,0,13,5,0,0,1,6,23,2,0,0,15,0,7,0,3,0,0
4,2,2,15,0,0,0,12,9,0,0,7,68,0,0,4,0,0,3,0,0,0,4,0,0,0,0,0,0,10,20,62,26,19,23,0
3,0,19,0,8,0,30,0,0,0,14,0,0,28,7,8,23,0,5,10,5,17,0,0,0,0,0,24,0,2,16,0,5,1,0,0
0,7,0,30,2,0,0,2,0,0,2,0,0,0,0,0,0,0,9,13,12,0,0,23,0,17,0,0,0,12,0,8,0,3,0,0
28,2,0,13,0,0,0,0,19,9,0,25,10,18,22,30,0,24,5,2,39,0,0,0,3,27,16,0,22,9,0,0,0,0,0,8
3,0,0,13,0,0,18,12,0,10,22,2,0,0,46,0,0,3,0,0,0,41,0,3,8,18,1,0,0,10,18,0,0,0,0,0
5,5,18,26,9,15,5,0,7,0,6,29,0,12,0,15,22,4,30,0,0,0,4,0,0,12,10,3,0,9,40,0,15,13,6,0
0,0,14,39,0,2,0,1,0,0,34,2,0,0,0,0,6,38,0,9,0,10,0,0,4,0,6,12,0,8,0,5,2,0,16,7
16,12,0,17,6,0,0,13,0,17,0,0,2,0,15,0,0,29,0,0,10,29,0,0,0,0,7,0,0,0,0,16,13,0,6,11
0,0,22,0,16,8,7,4,0,0,0,2,0,0,0,0,9,2,0,19,0,11,0,0,11,17,5,0,20,0,8,0,0,0,0,17
0,0,10,10,0,21,0,8,0,10,15,0,2,6,40,0,0,3,0,11,0,0,0,0,0,0,0,16,0,16,7,0,0,16,38,18
6,0,0,5,41,0,0,9,0,0,0,0,0,0,23,32,26,6,0,14,14,0,1,14,24,3,0,0,2,9,0,12,15,15,0,0
0,0,14,0,19,0,0,10,0,29,0,0,0,7,25,0,0,0,0,3,24,0,0,1,3,1,1,0,11,2,0,0,38,0,13,17
0,8,6,34,8,29,0,14,0,0,0,13,0,0,8,8,0,0,0,0,0,2,19,30,0,0,7,0,8,3,4,11,32,6,0,2
1,0,0,0,0,16,2,5,0,0,0,0,0,0,22,0,10,0,13,10,0,23,0,0,0,0,0,0,12,12,0,0,6,4,6,0
0,5,0,0,5,27,0,4,10,16,0,0,0,0,0,28,1,0,17,13,0,2,6,0,15,0,0,0,17,9,3,25,0,19,21,0
16,8,2,17,9,0,0,29,4,6,27,0,6,0,0,0,16,23,0,0,0,3,4,0,1,0,2,0,0,9,11,4,22,23,0,0
10,1,8,18,26,22,0,0,0,7,11,0,24,0,20,30,0,11,4,4,14,19,4,7,17,12,0,16,0,5,0,1,0,0,12,8
21,5,0,9,0,15,12,0,0,0,20,14,0,0,24,0,16,0,0,22,2,0,0,4,19,20,7,0,0,0,0,9,0,14,0,0
0,0,6,0,23,0,0,0,13,25,23,0,23,8,0,0,2,0,0,8,2,14,15,17,40,9,19,3,15,39,0,24,14,34,13,12
7,0,0,4,15,18,0,23,2,0,3,23,0,0,7,0,31,2,0,0,0,1,0,21,2,0,0,13,0,0,20,24,0,23,0,2
0,8,7,0,0,0,0,0,3,0,5,10,0,0,0,0,0,15,0,0,38,14,0,2,0,0,0,9,0,0,0,2,11,0,5,2
0,1,0,0,18,0,0,0,0,0,0,0,17,3,36,0,0,12,7,8,0,2,0,12,20,0,14,1,0,28,0,0,9,18,19,0
8,6,33,30,1,0,0,0,0,0,16,0,0,1,0,41,19,5,0,8,2,0,30,5,0,0,0,0,12,4,0,8,17,14,6,9
8,0,12,0,27,22,1,2,3,12,30,5,0,0,33,0,10,0,4,14,4,0,0,10,0,0,0,0,2,0,12,0,40,30,0,0
0,0,15,36,10,0,0,32,0,0,0,24,0,0,50,0,16,11,6,0,0,2,0,17,0,0,0,18,0,0,9,0,12,8,22,4
0,0,0,5,0,18,6,0,0,31,8,0,0,0,4,4,15,7,8,7,0,0,10,22,16,23,27,0,19,31,33,0,0,17,0,14
0,6,0,0,0,0,0,4,0,0,0,17,0,12,0,2,10,0,0,0,0,4,23,0,7,5,35,0,8,12,1,0,0,19,2,0
0,0,4,0,8,0,0,4,11,1,2,2,16,5,28,0,1,0,0,5,34,17,0,0,0,0,7,23,21,20,16,0,13,0,0,0
2,6,27,1,0,0,0,0,0,0,47,9,3,11,4,0,24,9,14,2,12,0,0,3,0,0,0,0,0,10,2,0,36,24,0,4
0,19,3,0,1,19,17,0,0,24,47,0,14,0,3,23,0,0,0,0,2,13,0,4,15,0,10,0,0,12,0,0,13,0,6,7
4,0,1,0,8,0,17,2,4,0,25,0,0,0,25,0,3,1,0,4,0,0,4,0,0,3,9,0,0,0,15,0,12,0,12,0
27,0,0,18,8,17,12,0,0,31,5,0,6,6,17,8,0,25,0,6,0,0,15,0,0,0,0,4,9,18,0,7,14,0,7,19
0,0,0,41,0,6,0,13,18,16,37,0,0,11,0,9,5,33,0,11,22,26,10,0,3,13,0,0,16,0,0,10,12,24,0,15
0,0,10,0,0,0,1,5,6,22,35,0,1,0,0,0,0,0,4,0,1,14,22,0,0,0,0,0,4,0,14,32,11,17,33,8
1,0,0,0,0,17,5,0,2,2,50,0,17,0,0,0,6,0,10,11,0,0,8,0,0,10,0,0,9,13,1,11,0,0,16,0
4,0,0,0,3,23,0,0,0,0,0,0,0,0,0,0,8,0,0,0,0,3,0,9,0,12,36,13,1,0,12,0,0,30,0,0
4,13,19,6,0,3,6,1,12,21,11,5,9,0,9,0,0,33,0,0,0,0,0,16,7,0,0,0,8,17,12,0,14,41,14,7
0,3,0,0,0,0,0,4,1,0,24,0,9,0,16,17,0,0,0,24,11,4,0,0,0,9,45,17,0,0,29,26,0,4,22,0
0,11,0,3,0,0,0,1,45,37,0,0,8,0,5,11,7,0,0,0,30,6,0,0,14,0,12,0,24,2,10,16,0,25,5,13
2,11,0,1,0,26,0,0,8,0,7,0,9,8,0,7,0,20,0,16,15,8,24,19,46,0,0,0,15,3,0,5,0,0,0,0
0,2,8,6,0,0,12,13,0,9,0,0,11,0,1,6,23,14,2,2,23,0,0,22,39,0,0,4,1,4,0,0,18,22,0,0
3,29,0,0,29,0,4,0,29,20,5,0,1,4,0,5,0,7,0,0,6,20,9,0,0,1,11,0,1,17,1,0,25,29,0,0
0,1,0,0,0,12,0,0,0,0,49,0,0,0,28,0,9,0,0,17,16,12,0,0,0,0,19,0,0,1,0,0,5,0,0,0
1,0,0,0,0,0,0,27,11,0,10,0,1,0,0,43,13,3,6,22,0,0,0,0,28,6,10,17,14,0,11,11,23,32,3,3
0,0,0,0,0,0,0,0,0,5,0,11,0,5,0,16,0,0,9,5,4,24,16,7,19,0,0,5,18,0,0,0,0,31,2,13
9,8,0,0,0,0,5,0,5,0,0,18,0,0,8,0,21,0,0,0,0,0,3,6,4,0,0,0,0,0,0,0,0,0,6,12
0,16,7,34,22,5,19,0,0,0,9,0,0,3,0,0,16,0,11,18,38,20,16,36,0,0,0,20,5,8,0,26,8,17,0,0
1,7,19,37,20,16,0,4,0,0,16,9,0,5,12,0,12,12,1,31,10,0,0,0,17,6,30,0,0,18,0,0,12,0,0,0
0,0,1,0,16,38,23,0,12,5,0,0,0,2,6,0,10,0,0,0,8,34,0,0,0,0,2,0,20,24,0,17,6,3,0,8
0,0,0,17,0,0,10,0,0,0,14,0,0,0,0,9,3,0,2,0,12,0,0,0,0,1,3,12,12,4,0,0,0,12,0,0
12,0,1,0,0,0,13,4,38,2,26,0,4,12,8,2,4,4,0,0,0,0,0,0,2,20,0,0,0,14,14,17,38,6,0,0
10,5,0,7,12,20,1,20,3,0,0,18,9,17,7,0,5,0,0,0,15,0,3,8,0,0,17,0,0,6,0,20,0,33,0,0
0,0,0,7,11,8,7,12,0,8,32,0,0,32,0,0,0,0,1,0,0,25,4,33,0,0,11,0,3,17,0,0,0,0,0,32
0,6,0,0,17,0,0,0,15,0,0,0,0,10,38,8,0,8,0,2,0,24,11,0,7,11,0,0,11,0,0,19,3,0,5,0
0,0,1,0,13,0,16,0,0,0,14,0,0,0,30,0,0,0,1,22,5,2,0,0,53,9,8,0,17,2,0,2,0,15,0,7
0,0,0,30,0,6,1,0,36,0,23,0,1,14,20,18,0,0,17,0,0,0,0,20,0,0,0,1,0,7,0,0,0,11,4,0
0,0,12,10,0,17,20,2,4,20,3,7,18,0,26,12,0,2,1,5,11,5,2,18,24,0,19,0,0,5,0,0,0,15,9,7
4,0,0,15,5,7,12,0,0,0,1,18,8,0,0,0,0,0,0,0,2,4,0,0,29,0,26,0,4,0,11,0,2,0,2,26
18,0,14,2,20,0,0,8,1,28,15,0,0,14,0,22,11,0,0,11,16,7,0,0,0,0,0,1,5,4,0,41,0,0,0,2
2,2,8,8,8,1,0,7,35,15,10,0,9,13,0,15,0,23,6,20,0,0,13,0,20,28,4,0,0,0,12,9,33,13,13,16
16,0,13,9,0,4,2,0,0,24,0,14,0,32,13,0,7,0,0,17,17,15,19,4,0,20,0,0,9,0,0,0,23,8,0,13
0,0,0,0,2,3,0,10,0,6,12,1,0,10,0,0,0,28,0,20,0,0,18,18,18,0,38,32,7,0,29,0,31,4,0,3
0,0,0,9,0,20,0,0,0,5,12,0,2,8,7,7,0,12,32,0,19,48,0,0,0,10,0,0,0,18,0,0,19,9,14,0
1,0,7,0,0,0,0,0,0,0,0,6,0,0,0,8,13,0,0,0,0,20,0,16,28,0,4,0,18,6,21,5,28,26,0,0
4,6,14,2,0,10,32,17,13,4,18,0,3,0,11,0,0,0,0,9,5,38,0,29,9,0,0,16,8,28,32,7,5,0,13,0
6,17,13,0,6,0,7,0,0,0,0,1,15,0,41,0,14,7,8,0,0,2,0,34,0,0,0,17,7,12,6,0,20,12,0,0
0,2,28,0,6,8,18,0,2,0,4,2,0,0,0,1,6,11,0,11,0,4,10,0,0,12,8,8,0,23,22,0,0,0,0,29
0,0,6,19,6,5,0,24,11,37,0,0,5,18,31,8,6,9,0,11,0,0,18,0,3,4,0,4,0,21,0,26,8,9,13,4
12,1,23,14,16,0,4,0,0,0,0,0,24,0,14,0,13,5,0,36,0,0,0,0,7,13,0,0,2,0,21,0,0,4,0,5
0,0,0,23,5,0,0,0,24,0,0,0,0,0,0,1,8,10,0,2,0,0,18,11,0,0,0,5,18,20,0,0,20,0,1,0
12,0,0,25,25,15,0,0,6,0,0,0,0,3,3,0,14,0,3,13,0,0,10,11,0,4,1,6,0,0,0,0,0,0,16,0
0,19,0,0,0,0,0,5,0,29,0,5,22,8,0,6,0,17,0,0,13,0,0,0,0,0,0,0,0,11,0,0,0,0,0,0
16,0,0,6,27,0,0,17,0,30,0,9,12,28,5,9,13,1,0,23,0,0,0,22,11,0,0,0,0,3,0,0,23,10,0,0
0,0,6,0,0,2,0,0,0,32,4,0,30,1,0,23,18,4,51,3,0,0,3,29,16,0,0,0,34,14,13,0,22,0,0,3
0,12,0,19,0,9,17,0,0,11,0,25,0,0,0,0,9,33,0,3,0,22,0,5,0,0,0,2,0,10,0,31,26,0,0,14
6,5,0,0,0,0,22,32,0,0,4,0,23,9,0,0,0,4,11,10,0,0,35,2,6,0,13,25,7,0,0,0,11,0,17,0
0,7,0,0,0,0,33,14,0,15,1,0,3,0,0,9,0,12,0,0,0,0,9,0,0,35,0,0,4,23,0,0,0,0,6,18
5,11,0,0,5,12,0,0,0,0,0,1,0,0,0,10,16,0,0,0,23,0,0,0,0,11,16,41,0,0,5,0,0,0,0,0
2,0,3,24,0,0,3,0,17,33,20,0,0,0,7,7,2,11,20,17,0,0,8,0,1,0,0,0,0,0,17,22,18,4,0,12
14,7,0,10,0,0,15,0,0,44,6,0,0,26,9,0,9,0,6,0,0,1,0,0,5,23,18,36,4,1,6,14,0,0,8,0
3,0,0,16,0,21,4,6,0,13,0,7,0,3,0,0,0,4,18,0,3,13,8,24,13,0,0,29,4,0,38,19,27,0,0,8
0,2,0,0,0,9,0,0,33,0,17,0,25,9,43,22,13,13,2,0,0,22,0,0,12,22,0,0,0,0,24,0,25,0,10,0
13,0,23,0,0,4,22,10,0,0,13,11,0,0,0,18,0,0,10,24,0,13,0,14,0,0,19,41,2,24,18,8,17,27,3,4
5,12,0,29,14,19,11,9,7,6,15,0,0,0,35,14,0,0,13,11,18,1,0,0,0,0,0,0,3,0,0,27,8,13,0,18
18,0,0,16,41,0,1,10,0,0,0,2,0,0,4,10,10,32,0,0,0,1,0,3,0,1,3,0,14,0,0,11,0,31,5,4
0,6,3,7,28,0,0,0,21,6,0,0,36,0,9,15,0,1,9,6,14,10,10,21,2,0,19,4,31,0,25,25,12,0,20,0
0,3,18,38,0,0,16,0,0,0,7,0,4,5,0,0,0,33,0,12,8,13,0,0,19,26,22,0,0,16,2,0,6,0,0,3
0,0,1,6,0,36,0,11,0,0,3,0,13,0,22,9,10,20,0,25,0,1,4,0,13,16,18,0,0,7,0,0,3,17,14,17
22,1,0,3,3,0,17,0,0,1,0,0,1,19,0,23,0,5,0,0,19,4,0,13,0,22,0,0,0,6,0,0,3,19,14,0
0,0,6,0,0,0,0,0,31,0,0,2,0,21,0,0,10,0,4,0,12,0,0,6,10,0,10,13,0,0,0,1,20,0,9,0
12,8,0,38,2,10,7,0,9,0,5,0,0,0,18,24,0,0,0,2,20,1,0,0,9,4,5,0,29,0,0,0,8,19,16,8
0,6,0,6,20,24,0,8,6,29,0,0,0,0,0,0,7,0,18,0,0,0,5,25,0,0,2,16,36,14,1,20,0,22,18,0
0,0,12,0,0,0,0,0,0,10,0,14,0,0,3,19,2,0,0,3,0,0,11,0,0,0,0,32,0,0,32,0,6,12,0,0
16,2,0,0,20,0,3,1,11,0,0,0,4,7,6,0,0,0,4,17,0,4,3,0,10,0,32,29,12,0,0,0,0,25,18,0
0,7,0,0,12,0,6,0,0,0,0,9,0,24,0,11,0,0,4,18,11,0,1,20,0,0,42,0,25,0,0,0,20,0,0,4
0,0,0,21,42,8,0,23,0,0,8,18,25,0,23,7,4,16,0,4,0,0,11,17,0,1,21,1,19,10,20,25,15,13,12,0
3,0,0,0,0,0,0,0,0,13,16,16,0,0,20,0,11,0,7,0,6,0,0,11,0,0,0,0,0,13,0,0,9,9,0,0
0,0,0,0,17,0,32,0,8,0,40,0,0,1,0,1,11,15,32,0,27,0,0,0,18,30,0,0,17,0,12,0,18,0,12,0
0,0,0,12,28,0,2,0,0,33,30,0,3,0,0,12,0,23,0,0,0,16,0,3,16,7,24,21,0,0,9,0,18,0,0,14
0,0,15,13,8,8,0,0,0,1,0,0,0,0,0,0,0,18,0,0,0,16,21,14,0,9,0,0,8,0,26,0,7,9,11,6
5,3,0,6,6,0,0,9,0,0,0,0,0,5,0,1,0,2,1,6,0,0,0,5,0,0,0,0,14,0,0,0,0,18,0,0
7,6,0,27,0,10,0,3,0,11,20,11,0,0,66,0,7,2,3,0,0,0,0,0,0,15,0,15,0,0,0,0,0,14,7,24
0,0,7,0,0,22,9,0,0,20,5,1,17,0,0,0,0,23,15,0,0,30,0,0,27,15,0,5,7,22,9,7,0,0,15,9
2,4,0,25,0,3,5,1,0,33,25,0,0,0,0,0,0,0,0,0,0,11,0,9,1,17,22,0,6,0,0,7,34,20,0,10
0,3,0,0,22,0,0,18,25,0,19,0,1,3,22,0,0,17,0,0,0,18,0,0,0,13,0,0,0,10,0,0,0,6,0,9
7,0,14,0,18,0,37,0,0,0,34,0,0,4,9,20,17,0,0,24,0,0,0,13,0,0,23,8,0,10,0,10,18,0,0,1
0,0,0,0,0,0,3,0,13,0,0,0,15,11,28,0,0,0,0,0,1,1,12,0,0,5,18,35,36,1,5,0,0,0,19,0
0,3,0,3,0,1,0,0,11,3,0,0,0,0,14,5,0,0,0,8,0,0,0,0,9,0,0,10,0,0,0,0,5,12,0,0
17,0,11,2,0,12,0,0,14,0,0,0,5,5,18,18,3,0,0,0,0,0,0,0,23,0,25,0,0,0,10,0,0,0,13,0
0,0,0,12,9,1,5,34,0,0,17,0,11,0,2,25,0,0,4,0,0,0,14,0,0,15,19,29,20,0,3,13,13,34,10,20
11,0,0,0,0,3,0,0,0,0,0,12,10,19,0,0,33,4,0,30,0,0,0,9,10,22,0,0,0,0,0,0,33,13,19,27
2,0,7,4,1,0,0,0,28,5,2,0,0,3,0,0,0,0,10,0,0,3,0,17,0,2,17,4,0,0,14,0,9,0,0,0
9,12,9,0,0,0,1,0,0,6,8,0,24,0,0,0,9,0,4,0,9,40,0,10,0,0,0,34,14,8,0,5,0,0,15,0
2,0,11,0,0,0,0,22,0,0,0,2,0,0,5,0,0,20,0,0,0,0,0,2,0,0,0,4,0,0,0,0,0,0,12,0
0,29,0,0,0,0,0,9,6,0,0,0,7,30,0,31,15,0,0,0,1,0,0,0,17,0,29,0,7,16,38,0,12,0,0,1
0,0,4,0,52,0,16,2,10,12,0,23,11,9,0,0,0,0,12,0,6,0,10,0,25,9,0,11,13,0,0,0,0,2,0,8
10,0,16,0,0,0,0,0,0,0,0,0,0,0,0,0,7,0,0,19,0,9,0,11,3,0,10,5,5,0,0,22,0,0,0,6
0,2,0,0,0,0,12,0,26,1,10,22,0,24,4,0,5,25,4,0,0,0,0,3,0,0,0,0,0,10,0,0,4,13,0,0
0,0,9,23,0,3,2,0,0,3,0,5,0,11,0,37,0,0,1,14,0,18,0,8,0,0,0,0,17,0,0,0,0,10,0,0
11,0,16,1,15,0,12,3,0,0,3,0,18,6,0,0,0,0,8,0,0,0,0,0,0,0,0,0,0,7,0,0,0,0,0,0
0,0,0,0,41,0,1,0,0,26,3,9,0,0,0,0,13,8,0,6,0,21,0,17,0,7,27,27,4,0,12,5,0,7,5,0
0,5,15,9,0,0,0,0,10,1,12,0,17,6,0,0,4,17,13,25,7,1,0,3,1,0,14,5,0,10,12,0,5,0,8,14
7,0,0,0,10,0,0,0,19,0,23,0,0,0,19,0,0,0,0,0,0,0,0,35,31,13,5,0,0,0,0,0,8,17,0,0
13,0,25,6,11,0,0,7,0,14,0,31,0,3,0,0,22,19,12,0,20,25,0,0,18,0,32,0,0,0,0,36,9,0,18,0
0,7,7,0,0,6,18,0,0,0,12,0,0,0,0,7,2,0,0,8,0,0,0,25,17,0,0,16,11,18,0,0,4,9,6,1
9,14,0,30,18,14,17,0,0,0,15,0,2,0,44,15,0,0,0,0,24,23,20,0,0,25,18,17,0,0,4,0,0,7,0,5
0,0,0,0,1,1,7,19,7,3,0,0,5,0,12,5,0,0,0,12,29,15,24,0,0,4,0,0,31,0,0,20,0,41,0,0
0,10,0,2,24,0,0,16,0,0,38,0,4,0,5,0,4,7,0,27,0,0,0,33,0,10,19,9,0,0,0,32,27,10,0,0
0,0,0,0,18,0,6,0,0,5,7,0,7,0,0,0,0,13,44,0,0,10,4,13,0,0,0,17,0,0,1,0,0,6,13,4
12,0,0,17,14,25,9,4,0,14,0,0,0,17,0,0,19,8,1,0,12,0,0,0,7,12,46,6,19,0,33,0,28,2,1,0
0,0,0,31,0,0,11,11,0,0,5,0,0,2,0,0,0,17,0,0,0,0,0,15,0,10,0,0,0,7,0,0,10,0,4,0
7,24,0,0,5,0,19,0,0,5,25,9,3,0,0,0,0,8,0,13,0,11,0,0,0,0,0,0,19,11,0,0,0,0,0,27
0,0,0,0,4,23,2,51,0,0,7,0,0,0,6,0,0,0,0,0,0,0,9,1,3,6,17,0,0,12,15,5,16,0,1,12
0,0,0,0,13,4,0,22,2,3,0,0,6,0,0,14,18,1,7,25,29,0,10,3,0,0,14,4,0,8,6,0,19,14,0,0
25,0,0,14,2,11,11,0,0,0,21,22,0,17,4,0,0,17,10,0,0,16,16,1,0,0,31,0,13,14,0,0,20,13,22,0
10,15,0,11,0,22,2,0,0,10,0,2,0,5,0,6,0,5,7,3,29,6,7,9,0,0,0,0,0,0,19,8,16,7,12,0
8,17,0,0,23,0,0,0,0,0,2,0,12,0,0,0,16,0,0,38,0,0,0,32,32,0,22,5,12,9,0,11,0,3,0,0
0,0,5,3,2,0,9,6,19,0,5,0,0,7,3,0,0,0,0,19,16,0,0,15,0,28,6,2,0,0,15,10,0,9,0,21
0,0,0,21,0,28,0,5,12,0,0,1,20,0,6,0,0,0,19,13,7,1,0,1,0,0,0,0,12,0,7,22,19,11,5,0
0,9,0,4,0,0,0,10,8,0,0,0,11,20,6,12,25,0,9,0,27,0,13,0,22,0,0,4,10,5,12,0,5,0,0,0
31,0,0,0,0,0,0,0,0,0,16,0,3,0,27,0,0,47,0,0,0,0,0,0,0,7,9,16,12,3,0,0,0,0,3,4
5,0,14,0,0,21,0,11,0,9,6,0,0,25,13,0,15,0,4,0,0,0,7,0,29,0,40,34,9,0,1,0,6,0,0,0
0,0,0,0,0,2,0,14,23,2,0,0,0,0,0,22,0,8,0,6,12,0,0,13,0,0,0,0,0,22,16,15,13,19,0,25
17,0,0,0,26,0,0,0,0,0,5,20,10,0,0,0,4,3,6,0,1,11,0,7,0,0,20,0,24,0,0,31,7,1,15,0
4,0,0,22,17,0,0,7,0,0,18,0,0,1,17,26,1,0,0,0,0,0,0,0,0,0,9,0,17,0,0,0,0,10,20,0
0,0,0,16,0,0,0,0,0,0,13,0,2,9,0,0,0,0,8,0,0,17,0,0,0,1,0,0,12,0,11,0,0,0,0,0
0,10,0,0,5,0,0,3,7,34,3,0,20,0,4,0,15,2,0,0,0,22,7,16,14,0,9,0,9,4,0,0,0,0,8,0
0,0,19,29,0,13,0,0,0,0,0,16,0,0,0,14,11,0,0,28,3,0,0,0,10,0,29,4,0,1,0,0,29,28,9,2
11,0,9,0,36,18,24,11,0,0,0,30,0,33,0,6,0,9,3,3,0,0,0,5,8,0,16,20,17,4,28,6,0,24,0,2
0,0,0,14,28,0,1,0,11,18,24,0,0,0,31,0,6,0,0,26,4,41,0,0,0,0,0,0,0,13,0,0,0,0,22,0
0,15,0,17,10,12,1,3,0,23,0,0,0,7,0,13,7,29,15,18,0,1,0,0,0,16,27,9,5,0,0,29,31,34,0,0
5,0,0,11,0,0,0,0,0,0,13,0,0,0,8,5,14,23,0,1,17,18,6,0,12,0,23,11,9,13,0,0,0,17,0,0
3,8,2,15,0,26,15,0,0,15,0,0,12,2,0,1,0,0,4,0,0,13,0,8,0,20,0,24,0,0,16,18,15,0,3,8
0,0,10,0,0,0,0,6,21,0,0,0,0,0,0,13,26,0,0,0,0,40,0,0,0,26,0,0,0,0,2,0,25,20,0,2
3,0,2,25,0,6,0,21,0,0,0,0,7,5,13,0,0,0,11,0,0,28,0,4,5,0,6,9,0,9,0,11,5,7,0,0
0,0,0,3,19,0,27,5,0,9,0,15,14,9,0,15,0,18,4,14,25,9,0,14,22,1,0,0,2,0,14,0,9,9,9,8
0,0,0,0,18,0,3,0,0,0,10,8,0,1,13,25,29,27,0,3,0,0,11,8,15,4,0,6,35,0,2,0,0,2,0,4
0,4,0,13,2,0,19,0,0,0,0,0,20,5,0,16,2,0,10,0,0,0,0,0,0,0,0,0,4,20,0,0,4,27,13,0
4,0,16,10,0,13,6,23,0,0,0,8,0,0,0,4,11,0,0,5,20,12,0,13,2,13,7,30,0,0,0,2,23,0,6,0
0,9,8,8,7,32,0,0,0,27,31,40,14,3,0,25,0,19,32,18,5,0,0,4,0,0,6,24,0,11,4,2,0,0,7,13
0,4,23,22,0,0,14,0,10,0,8,0,7,0,0,0,32,0,0,0,6,0,5,8,26,0,0,0,0,0,27,0,0,15,7,0
12,6,2,0,3,0,0,0,0,0,26,16,32,0,8,9,26,12,3,4,5,19,29,2,14,0,9,0,6,17,0,32,31,0,4,6
7,1,0,0,40,5,11,35,11,0,2,0,15,0,26,0,0,17,0,10,0,15,0,34,20,0,7,16,2,0,0,11,31,0,1,1
0,0,13,5,0,10,14,1,24,0,14,0,6,6,14,0,0,0,0,9,0,18,24,0,16,0,28,1,0,18,15,11,3,0,0,2
12,0,0,14,0,5,7,1,2,9,24,0,0,23,0,0,0,0,0,8,13,0,25,40,3,22,12,14,0,0,0,0,0,0,2,12
10,0,0,13,24,0,0,0,4,0,0,0,0,16,0,0,0,0,0,13,0,10,0,0,0,0,0,0,26,13,0,0,8,0,2,0
0,0,10,5,0,0,0,0,0,0,0,0,0,0,0,14,0,12,0,0,13,0,0,0,0,0,6,5,25,5,12,0,7,0,0,0
0,11,0,14,13,0,0,5,7,0,9,0,12,1,0,0,7,7,0,0,0,0,0,11,1,0,0,25,0,0,0,9,0,0,0,0
0,0,0,23,45,6,5,7,28,2,0,1,7,0,6,14,0,0,0,0,5,0,16,0,10,2,0,7,0,0,2,36,0,22,12,0
0,0,32,4,4,6,0,17,0,0,5,0,8,6,23,0,35,0,0,26,0,30,0,0,0,4,0,25,13,0,0,5,6,0,16,0
1,1,0,0,11,4,0,8,0,1,12,12,0,13,0,0,24,0,0,17,23,0,0,6,1,0,8,12,0,10,10,0,0,10,12,0
0,6,37,0,22,1,6,0,13,5,11,0,7,18,17,0,24,6,11,0,0,0,12,0,0,1,0,0,20,16,1,0,0,18,1,0
0,0,22,0,0,2,0,10,0,25,0,0,12,0,0,0,6,9,0,0,0,0,5,0,0,15,7,9,16,2,22,11,17,2,0,16
0,0,11,0,7,0,3,0,25,27,2,0,3,5,11,4,23,0,0,0,40,6,0,0,0,1,24,26,15,7,0,26,24,14,15,9
2,3,5,0,6,0,6,0,0,0,21,9,9,59,33,5,0,0,0,12,0,0,10,0,27,0,0,0,0,0,0,13,9,14,1,0
0,3,0,0,6,19,0,32,25,14,16,0,0,0,3,0,10,0,0,0,0,12,26,5,16,0,12,0,8,0,13,12,0,0,0,0
0,0,5,17,0,0,0,20,0,3,0,0,0,0,8,7,29,0,0,0,2,0,0,0,17,3,0,8,6,0,4,0,18,0,4,8
11,1,8,24,4,0,0,0,0,10,13,1,0,0,0,0,0,0,0,0,11,1,0,13,0,9,0,0,10,0,5,0,18,14,0,0
0,0,4,8,0,11,0,3,0,0,0,0,0,0,0,8,2,0,10,0,0,0,0,16,0,0,0,0,0,2,12,14,0,0,8,2
2,0,0,21,0,0,0,3,0,0,0,0,0,0,0,33,0,0,0,0,0,0,0,2,0,0,2,0,3,9,0,0,9,0,0,6
13,0,1,3,0,10,0,28,0,0,0,0,1,1,0,0,3,0,4,5,18,7,36,0,18,0,0,14,0,19,15,0,6,3,0,10
10,0,6,0,29,7,1,0,0,2,0,0,0,1,0,17,20,0,3,20,11,1,0,9,12,0,2,5,0,0,2,34,0,3,0,0
13,6,0,0,0,0,3,0,0,0,6,0,0,10,28,18,1,0,0,22,0,3,0,3,0,0,18,0,12,8,0,3,0,14,9,6
8,1,24,60,43,0,0,5,24,0,0,3,1,15,0,44,0,32,0,0,6,0,16,14,0,0,0,0,14,0,17,6,29,20,0,0
0,4,8,38,14,4,0,6,10,0,0,0,9,9,20,0,0,6,14,12,4,23,15,8,0,0,0,0,12,21,5,30,0,13,3,12
0,0,0,6,34,0,0,1,0,29,0,22,0,3,13,0,0,0,0,0,16,31,19,0,0,0,22,0,0,2,6,0,4,27,4,12
0,0,0,0,20,0,12,0,0,0,11,0,5,19,2,0,13,0,10,12,0,0,0,0,5,0,14,30,0,0,0,26,0,4,18,0
2,0,0,0,54,33,0,16,0,0,6,14,11,0,0,0,0,28,3,12,1,0,0,1,8,1,0,20,0,12,30,9,25,2,2,4
6,0,0,4,0,9,5,0,19,0,7,2,0,1,0,12,0,0,0,0,0,0,0,0,0,0,0,0,9,14,0,10,7,4,6,0
12,0,16,18,0,1,0,0,0,0,19,0,0,0,0,0,0,0,0,0,29,29,26,0,25,0,0,0,17,0,0,0,18,0,0,9
0,0,0,0,19,18,6,16,3,0,22,0,3,0,0,0,0,4,0,3,0,13,0,20,24,2,0,0,0,19,14,0,0,12,0,2
0,9,0,13,25,0,0,0,0,0,0,0,4,0,5,2,0,40,0,21,6,0,5,20,0,0,0,0,6,12,10,16,0,0,0,0
0,7,12,7,15,0,0,0,0,0,0,0,7,19,9,0,2,19,0,6,0,0,0,29,11,0,0,33,0,0,10,0,13,8,19,0
4,0,25,35,0,0,3,0,2,2,39,3,27,2,1,14,0,18,0,6,0,27,0,12,0,1,23,0,4,0,12,6,19,0,0,0
2,0,0,0,9,0,0,0,0,0,0,2,0,0,26,7,0,0,0,9,8,0,0,0,2,2,13,0,0,18,33,0,0,12,0,2
0,0,0,7,23,22,0,5,0,14,33,0,0,0,13,3,0,16,0,0,0,33,1,0,5,4,0,0,10,0,0,0,0,0,3,0
0,0,0,24,0,0,11,0,3,0,25,3,9,0,13,16,3,2,14,2,0,30,26,47,14,0,0,23,0,9,23,0,0,19,4,0
0,0,0,0,10,0,12,6,11,31,21,0,22,0,0,0,13,0,0,5,0,40,15,4,0,15,0,5,12,0,43,3,7,0,0,1
0,0,0,0,0,27,0,4,4,0,12,0,0,0,0,0,2,16,0,0,0,12,0,16,0,13,0,0,5,4,0,19,21,2,15,0
0,0,12,10,23,10,4,0,0,0,6,0,0,15,0,7,0,0,0,0,0,5,19,10,0,0,10,20,18,7,11,8,25,0,0,1
16,13,0,0,0,16,7,25,20,21,31,7,9,0,0,4,9,0,0,0,0,0,0,0,0,0,0,0,0,0,0,0,20,2,0,3
0,0,0,18,22,0,0,0,0,16,0,0,0,28,0,0,0,33,0,2,0,0,0,36,0,0,17,30,15,2,4,0,0,20,0,0
0,0,13,8,0,4,0,0,36,0,0,0,0,26,9,0,33,9,0,4,4,13,25,5,0,0,0,0,4,0,24,0,0,17,14,26
0,16,0,16,7,13,1,22,0,9,0,0,3,3,20,1,0,17,0,14,6,0,0,0,9,0,8,0,10,11,0,0,15,3,0,1
0,0,1,4,7,0,0,0,17,0,24,32,0,0,14,29,0,0,16,0,19,0,12,5,20,0,0,0,34,0,2,0,1,22,10,0
0,0,0,0,0,45,0,1,0,11,25,0,0,15,0,0,13,0,0,4,16,0,10,0,0,7,12,0,14,0,0,0,41,17,0,0
0,0,0,0,0,0,3,0,3,0,22,0,3,0,1,0,0,0,0,0,0,0,1,2,1,0,3,20,9,9,0,0,0,0,0,10
0,0,6,27,0,0,3,2,9,0,13,6,5,5,0,18,0,9,10,33,13,20,0,34,0,0,0,0,0,10,0,0,0,2,0,9
0,0,15,13,3,36,8,26,0,0,9,0,0,13,10,0,10,0,0,0,0,0,0,0,0,4,18,25,0,8,0,0,16,26,0,5
4,0,0,4,8,9,17,1,0,16,4,0,28,2,0,0,3,27,1,6,0,35,12,0,0,0,0,0,0,1,0,0,3,0,0,0
10,0,0,0,0,3,0,0,0,0,30,0,0,11,0,16,4,11,0,0,18,0,1,15,0,0,0,0,20,13,0,0,13,0,3,0
0,3,0,0,9,1,0,0,14,5,17,3,9,0,10,0,0,29,0,0,35,0,0,6,1,9,0,10,0,0,33,7,0,8,13,4
0,15,0,12,0,3,5,15,2,0,12,14,8,6,10,0,7,0,0,0,0,20,0,0,10,0,13,0,0,29,0,6,0,13,0,12
0,0,17,14,0,7,20,3,1,0,0,2,0,14,26,0,29,10,0,0,5,12,0,0,0,14,0,20,9,0,46,0,6,11,16,0
0,23,3,8,47,0,0,14,0,3,0,6,14,0,0,0,13,11,0,29,30,0,3,0,0,6,22,16,7,7,0,0,8,24,6,9
5,7,2,17,0,0,0,5,0,0,10,3,0,0,12,0,6,0,0,0,0,35,14,0,0,8,3,0,0,0,0,0,0,0,0,2
20,0,0,8,0,1,22,0,31,0,6,0,0,0,0,0,7,1,0,0,8,9,0,0,8,0,0,0,8,14,0,0,16,0,18,0
0,0,0,2,0,0,8,24,0,0,0,6,0,0,14,0,0,8,0,1,0,0,0,0,6,0,16,0,1,8,2,0,0,17,0,2
0,0,22,1,11,0,9,0,29,1,0,10,0,13,0,11,18,3,0,0,24,0,0,11,4,15,0,3,0,0,0,41,1,0,15,15
11,7,20,0,22,0,1,0,14,0,16,20,0,0,0,0,0,0,5,14,0,20,0,0,0,17,19,34,6,15,12,14,0,1,0,18
7,0,3,36,15,0,0,0,12,0,0,14,0,0,23,9,15,0,0,0,0,32,0,0,0,0,7,9,18,0,25,17,4,0,0,0
25,0,9,0,0,1,7,0,0,9,0,13,0,0,0,5,0,4,3,18,21,0,4,0,4,19,13,9,1,0,0,0,10,0,0,0
5,0,0,19,5,0,13,0,0,0,0,0,0,0,6,0,27,0,0,0,16,8,9,0,0,2,8,8,0,0,0,0,3,21,0,7
0,0,0,18,0,0,4,0,0,0,0,20,0,6,0,0,16,0,0,19,0,0,0,17,0,4,0,7,35,0,17,0,0,0,15,2
0,11,0,15,0,15,0,0,0,0,7,0,1,0,15,13,0,0,0,1,11,30,0,27,0,0,0,0,17,22,0,15,32,31,0,20
19,0,12,0,0,1,0,12,1,26,0,0,2,0,7,13,0,0,48,0,3,0,0,0,0,0,0,14,20,0,0,1,15,12,6,0
1,0,0,0,0,0,0,0,0,0,10,0,7,0,0,0,0,6,0,0,0,0,10,0,1,0,0,0,0,23,0,9,0,0,0,0
6,0,0,6,0,0,0,27,4,2,18,9,0,0,0,4,16,17,0,0,0,0,3,7,32,0,0,9,7,0,0,0,0,0,0,7
13,0,23,1,34,0,0,11,23,28,8,0,0,0,0,0,6,0,0,0,27,5,0,0,0,0,0,0,0,0,0,0,4,0,0,0
0,2,2,0,0,1,20,11,17,0,17,0,0,0,0,0,5,0,0,20,0,0,23,0,0,0,0,12,11,1,0,5,0,0,0,0
6,0,0,0,0,1,0,7,0,29,35,22,1,0,11,0,0,0,11,0,0,43,5,0,0,16,0,0,3,0,10,0,13,4,0,0
11,25,17,24,4,0,13,11,0,9,0,25,7,8,19,0,3,11,0,20,1,0,0,24,0,0,0,0,7,0,15,7,0,13,6,0
0,0,0,0,0,26,7,0,0,0,33,1,8,0,1,0,25,0,8,0,0,3,0,0,0,0,20,0,14,0,6,0,0,1,0,0
0,0,0,20,9,3,0,0,0,0,10,11,36,0,10,0,6,8,2,0,0,0,0,0,0,3,0,0,0,3,0,0,0,0,0,1
0,0,7,17,14,0,0,10,0,2,0,0,0,6,0,0,0,8,0,0,0,0,0,0,0,0,0,0,0,14,14,19,29,0,4,0
0,0,23,17,0,2,8,10,12,27,0,0,0,0,12,1,6,26,3,1,8,2,0,10,0,16,20,10,0,0,0,0,0,0,2,3
0,0,2,0,1,20,0,0,1,0,0,0,17,0,0,0,0,0,0,19,40,0,0,0,7,9,0,0,5,0,0,13,0,23,0,0
0,0,13,0,0,0,0,8,0,0,0,0,0,0,0,0,20,11,17,10,0,36,2,23,18,0,0,16,0,0,0,23,0,8,0,6
0,0,3,24,0,0,14,0,0,19,0,0,17,0,7,0,12,0,20,15,0,0,0,12,0,9,47,15,20,0,0,15,0,0,17,17
15,5,0,0,0,0,0,0,0,0,10,0,5,8,0,0,0,18,16,6,5,11,1,6,8,0,17,12,15,4,0,0,31,0,0,0
29,3,0,4,3,0,17,0,0,0,0,11,6,0,0,0,0,2,0,0,15,11,0,0,4,16,7,14,6,0,0,0,11,0,6,9
15,0,20,0,24,11,12,6,0,4,12,0,0,8,0,0,0,0,0,0,0,7,0,0,6,8,0,0,1,5,0,0,0,24,9,0
0,0,0,15,13,0,0,0,19,1,0,0,31,0,0,0,0,0,0,0,0,5,0,0,0,2,0,0,10,8,0,0,5,28,5,0
7,1,2,40,17,0,8,5,0,0,0,0,3,0,29,0,17,10,13,0,0,0,3,7,1,0,0,24,30,0,18,0,14,30,6,4
0,0,7,14,0,0,0,0,0,4,0,0,0,11,0,0,0,0,8,0,21,20,16,8,2,5,0,0,16,7,3,0,0,1,2,11
9,1,7,0,7,0,0,0,0,12,0,0,0,0,0,0,0,15,0,2,13,0,6,0,13,0,0,0,0,0,0,0,0,24,0,6
0,0,2,14,0,2,2,24,32,8,0,0,20,0,3,0,0,16,0,0,0,0,0,0,14,11,33,0,0,2,0,0,0,7,0,8
0,0,0,0,18,0,8,17,39,0,21,2,28,4,0,0,29,13,0,0,36,20,13,1,0,0,0,0,16,7,0,0,0,0,8,21
0,2,0,0,22,2,0,17,0,0,5,0,4,12,0,0,0,0,8,0,0,0,8,0,0,0,7,5,25,4,14,13,0,0,16,2
0,4,0,5,13,0,0,15,0,0,0,0,0,0,0,0,6,0,24,32,0,17,0,0,0,0,0,0,5,3,0,13,6,0,17,0
9,7,0,7,13,24,0,0,0,7,0,0,5,0,0,7,0,9,7,4,0,36,15,0,0,0,0,0,0,12,0,9,0,5,0,9
0,0,0,10,4,0,0,0,7,0,0,0,4,0,0,0,0,0,0,32,13,0,0,8,0,0,0,0,0,0,0,0,35,0,7,0
10,0,0,17,5,0,40,5,0,0,0,7,12,0,30,0,26,1,0,3,0,0,0,2,22,13,24,6,0,0,8,5,0,12,18,12
0,12,0,17,18,0,2,0,0,4,0,0,10,1,0,0,2,0,32,12,16,0,8,0,0,18,5,0,17,14,0,20,0,28,0,7
0,7,0,40,26,0,0,0,0,0,0,8,0,10,0,0,3,0,0,4,0,17,0,9,0,18,0,0,1,16,0,0,0,0,0,0
5,0,12,0,0,0,5,0,18,12,0,0,0,0,0,41,12,10,0,1,18,0,0,0,0,0,0,12,0,16,11,0,35,0,0,10
1,0,0,0,5,0,8,38,7,0,3,19,4,0,3,0,16,10,0,10,0,0,0,6,11,0,20,15,17,0,7,0,31,15,4,0
0,19,5,5,0,0,8,0,0,0,15,5,3,0,0,9,0,16,4,0,28,0,0,5,5,0,0,15,13,27,29,36,1,3,0,7
0,0,6,0,19,21,0,16,0,4,26,0,7,10,0,24,0,0,0,1,8,4,2,13,1,10,0,0,26,0,26,0,0,0,16,0
12,5,0,3,8,8,0,0,0,0,0,19,20,0,0,0,3,2,3,6,0,0,0,3,24,20,0,0,32,24,13,0,11,17,13,0
0,3,3,13,0,9,6,6,0,0,0,0,0,6,13,0,0,0,0,0,0,0,0,0,0,15,16,0,0,0,9,18,20,0,15,9
0,0,0,4,17,20,9,7,0,8,0,0,0,0,0,0,0,15,0,0,0,0,0,0,17,25,0,0,11,0,1,6,0,0,0,0
1,0,0,5,16,0,0,0,0,17,0,0,0,30,0,2,6,10,22,2,10,0,0,0,0,0,0,5,0,0,28,5,0,7,5,0
0,0,0,0,0,0,0,18,3,0,0,0,0,8,0,0,8,7,0,7,0,0,0,0,0,0,0,0,0,5,14,0,0,12,0,0
0,21,0,3,0,0,0,0,0,5,14,0,0,0,0,0,13,2,0,27,0,0,0,2,39,11,24,18,10,19,0,5,0,0,0,12
0,0,0,7,11,17,0,0,0,9,0,0,0,0,0,2,0,23,0,8,0,0,0,0,5,14,13,0,0,15,0,0,23,6,0,2
0,0,3,0,0,0,0,9,8,11,0,0,13,2,0,0,1,19,0,3,30,11,0,9,0,0,0,0,17,0,0,0,0,21,0,0
0,2,0,0,6,0,2,5,10,0,0,0,0,11,11,7,26,0,13,23,0,31,4,3,0,0,20,1,0,0,0,0,42,0,30,6
0,2,0,0,28,0,12,4,0,0,0,0,15,5,0,13,0,3,0,0,0,9,6,0,0,0,0,15,0,0,0,0,56,19,0,0
0,5,22,3,3,17,23,0,0,29,34,0,0,0,0,9,0,0,0,0,0,33,0,13,0,0,0,0,0,7,0,0,0,19,0,6
0,0,0,0,0,5,18,5,8,5,11,11,0,9,14,0,34,0,3,0,3,13,0,0,0,14,14,15,0,0,1,8,1,0,6,7
6,0,0,0,10,0,0,0,0,0,13,10,0,19,0,5,20,0,0,0,0,0,18,14,0,0,26,2,14,0,1,18,0,0,0,5
23,3,7,5,0,0,0,32,0,5,0,0,6,7,17,22,0,0,2,8,22,0,0,14,0,0,1,0,0,0,0,0,0,0,17,0
0,4,0,1,3,15,24,0,0,9,14,0,29,0,0,0,0,0,0,0,10,0,4,12,0,0,20,23,9,0,4,3,0,21,7,0
0,0,0,0,0,18,0,0,0,0,0,0,0,6,0,5,0,0,0,15,14,0,0,0,0,10,0,5,0,1,33,0,0,0,0,0
4,0,29,0,15,0,0,6,0,0,0,0,1,5,0,4,25,0,6,19,0,2,0,0,0,17,7,0,19,15,13,28,11,32,14,9
0,0,3,0,0,0,18,26,0,7,37,24,0,0,0,0,0,0,0,0,0,0,0,19,0,0,0,0,22,0,4,0,0,13,3,6
0,6,0,0,0,9,0,0,0,0,8,0,22,0,8,4,27,0,0,0,16,4,0,0,12,19,1,0,0,1,18,0,0,14,0,10
0,0,0,0,0,9,9,0,0,20,14,0,0,4,0,0,0,0,10,0,23,0,0,11,0,24,0,0,0,6,0,4,11,14,8,1
2,0,0,11,0,22,13,0,0,0,9,0,3,22,0,0,25,39,29,0,2,0,0,0,13,0,0,15,8,4,11,0,4,0,0,0
0,0,11,3,29,18,0,0,0,0,4,0,0,10,7,0,0,0,3,28,0,12,0,6,0,24,0,9,0,14,13,0,0,6,4,0
17,0,11,17,5,8,8,0,13,0,0,5,0,0,17,0,0,0,0,0,10,9,0,0,25,0,0,0,0,1,12,0,0,25,5,11
9,0,0,0,0,5,0,0,0,0,0,0,2,24,0,3,0,0,0,6,0,0,2,0,0,6,0,35,2,29,0,3,14,1,7,0
0,0,0,22,0,1,0,19,0,4,0,23,4,0,0,0,11,0,8,0,11,13,0,7,0,0,0,0,7,4,12,0,28,7,0,4
0,0,0,0,13,0,0,18,5,17,27,0,0,0,0,0,7,0,0,0,0,0,19,0,14,12,0,4,0,18,0,0,1,0,8,0
3,0,0,9,0,0,0,0,6,13,0,7,0,0,0,0,2,0,0,0,12,0,0,0,0,0,24,0,0,0,11,0,0,39,0,0
7,0,0,0,0,0,0,6,14,0,6,0,0,0,24,0,13,1,0,0,30,0,0,0,3,5,0,17,10,2,10,0,0,15,14,9
0,0,0,22,1,8,15,4,0,0,20,0,0,0,10,0,1,0,7,0,0,0,0,0,0,0,0,0,0,17,23,4,0,23,0,17
0,4,0,0,0,0,0,7,0,0,0,0,0,0,0,1,0,0,12,0,11,0,0,0,2,0,23,0,0,0,0,16,0,0,2,0
0,25,41,0,0,0,0,0,0,1,0,17,18,5,0,49,6,0,11,18,0,0,0,14,0,1,1,0,0,30,11,9,0,1,0,2
0,0,0,0,3,0,0,0,0,0,0,8,0,0,0,1,0,0,0,16,0,0,0,0,16,0,0,0,13,7,0,6,10,14,0,10
1,0,0,10,2,0,0,0,0,2,0,0,0,0,5,0,0,0,3,3,30,0,0,0,0,16,0,0,0,0,6,8,0,17,0,8
0,13,0,0,0,0,0,1,0,2,0,0,4,6,0,0,23,7,0,17,16,22,11,3,16,0,0,12,0,0,0,0,0,18,0,0
0,2,0,0,5,0,0,4,0,4,0,0,0,0,0,0,0,0,0,0,0,1,0,12,0,0,10,0,0,0,0,29,13,0,0,0
0,0,0,14,0,3,0,11,0,0,5,25,10,2,0,0,0,0,0,0,13,0,15,0,10,9,12,0,0,11,0,7,0,0,0,2
0,0,25,13,0,6,0,1,0,0,29,0,17,0,0,0,0,0,4,0,0,0,7,23,0,6,0,5,0,16,0,15,0,2,0,9
2,0,0,3,6,0,0,21,28,27,1,0,0,0,20,0,10,0,0,0,0,35,24,17,0,0,15,19,0,4,21,0,0,15,0,10
0,0,0,13,15,17,11,18,0,0,8,0,15,2,0,0,20,0,0,2,0,30,0,0,7,0,0,0,10,19,5,0,3,6,0,0
7,0,8,0,0,1,0,8,0,1,0,0,0,0,37,15,0,0,13,0,0,0,1,0,0,0,0,6,1,0,7,0,0,6,0,0
0,6,3,0,0,0,0,0,0,9,0,3,14,0,28,38,0,17,18,0,0,41,28,0,5,0,0,0,0,0,10,0,0,5,13,0
13,5,8,20,28,0,0,0,5,13,0,18,10,1,0,26,0,31,0,0,15,0,0,13,10,0,1,16,16,1,0,22,33,0,0,10
3,3,7,0,0,0,0,27,4,8,11,0,12,20,6,0,0,4,5,0,0,18,4,0,0,0,0,0,4,24,0,0,0,3,0,0
10,7,9,0,0,0,8,0,3,29,0,0,0,7,0,8,0,0,8,0,0,0,0,20,20,0,33,0,29,0,0,10,29,21,0,0
3,16,0,0,0,0,0,0,4,0,5,0,0,7,4,0,10,39,0,0,0,19,4,0,0,0,14,6,1,0,4,0,0,9,0,22
0,0,24,8,0,11,0,8,26,0,0,19,17,0,27,0,18,17,11,0,12,25,0,0,0,5,2,0,0,3,5,17,13,0,2,0
0,20,14,0,37,0,5,13,27,1,6,18,0,0,0,0,0,0,0,15,0,9,0,17,1,13,0,0,0,0,9,0,7,13,0,4
3,0,8,21,9,0,1,0,0,0,16,0,0,0,0,26,10,0,19,0,18,0,8,0,0,5,0,0,0,5,0,16,6,2,0,9
8,0,0,0,0,0,9,2,11,0,0,0,0,2,0,7,10,0,5,0,0,9,1,0,0,0,0,13,0,0,0,0,13,0,13,0
0,0,12,5,0,0,0,6,0,30,14,6,0,20,6,0,0,0,0,15,0,26,0,17,0,0,0,0,0,0,0,0,2,0,0,24
0,9,0,16,0,18,0,4,0,9,13,10,0,0,2,25,0,1,0,0,0,0,14,8,0,0,28,0,4,0,15,0,0,7,0,8
0,0,7,0,0,0,0,18,8,28,0,0,0,17,0,1,16,0,10,0,0,14,0,4,24,0,6,0,6,17,2,9,13,6,0,0
0,0,4,0,1,0,0,0,0,0,33,0,16,0,7,0,5,0,0,2,1,0,0,15,22,0,3,7,13,3,5,33,0,0,0,0
16,13,0,4,43,18,0,0,0,3,10,0,0,0,8,0,27,7,0,0,0,4,5,22,0,0,0,2,14,0,0,23,2,0,13,10
