0,0,0,0,2,0,0,0,10,10,11,14,3,5,52,29,19,29,3,7,41,13,3,9,8,0,0,0,0,0,2,5,3,32,6,8
0,0,0,0,2,0,0,0,10,10,11,14,3,6,53,29,19,29,3,8,41,14,3,9,8,0,0,0,0,0,2,5,3,32,6,8
0,0,0,0,2,0,0,0,10,10,11,14,3,6,53,29,19,29,3,8,42,14,3,9,8,0,0,0,0,0,2,5,3,32,6,8
0,0,0,0,2,0,0,0,10,10,11,14,3,6,54,30,19,29,3,8,43,15,3,9,8,0,0,0,0,0,2,5,3,32,6,8
0,0,0,0,2,0,0,0,10,10,11,14,3,6,54,30,19,30,3,8,43,15,3,10,8,0,0,0,0,0,2,5,3,32,6,8
0,0,0,0,2,0,0,0,10,10,11,14,3,6,54,30,19,30,3,8,44,15,3,10,8,0,0,0,0,0,2,5,3,32,6,8
0,0,0,0,2,0,0,0,10,10,11,14,3,6,54,30,20,30,3,8,44,15,3,10,8,0,0,0,0,0,2,5,3,32,6,9
0,0,0,0,2,0,0,0,10,10,11,14,3,6,54,30,20,30,3,8,45,15,3,10,8,0,0,0,0,0,2,5,3,32,6,9
0,0,0,0,2,0,0,1,10,10,11,14,3,6,54,30,20,30,3,8,45,15,3,10,8,0,0,0,0,0,2,5,3,32,6,9
0,0,0,0,2,0,0,1,10,10,11,14,3,6,54,30,20,30,3,8,45,16,3,10,8,0,0,0,0,0,2,5,3,32,6,9
0,0,0,0,2,0,0,1,10,10,11,14,3,7,55,31,20,30,3,8,45,16,3,10,8,0,0,0,0,0,2,5,3,32,6,9
0,0,0,0,2,0,0,1,11,10,11,14,3,7,55,31,20,30,3,8,46,16,3,10,8,0,0,0,0,0,2,5,4,32,6,9
0,0,0,0,2,0,0,1,11,10,11,14,3,7,56,31,20,30,3,8,46,16,3,10,9,0,0,0,0,0,2,5,4,33,6,9
0,0,0,0,2,0,0,1,11,10,11,15,3,7,56,31,20,30,3,8,46,16,3,10,9,0,0,0,0,0,2,5,4,33,6,9
0,0,0,0,2,0,0,1,11,10,11,15,3,7,56,31,20,30,3,8,47,17,3,11,9,0,0,0,0,0,2,5,4,33,6,9
0,0,0,0,2,0,0,1,11,10,11,15,3,7,56,31,20,30,3,8,47,18,3,11,9,0,0,0,0,0,2,6,4,33,6,9
0,0,0,0,2,0,0,1,11,10,11,15,3,7,56,32,20,30,3,8,47,18,3,11,9,0,0,0,0,0,2,6,4,33,6,9
0,0,0,0,2,0,0,1,11,10,11,15,3,7,56,32,20,31,3,8,47,18,3,11,9,0,0,0,0,0,2,6,4,34,6,9
0,0,0,0,2,0,0,1,11,10,11,15,3,7,56,32,20,31,3,8,48,19,3,11,9,0,0,0,0,0,2,6,4,34,6,9
0,0,0,0,2,0,0,1,12,10,11,15,3,7,56,32,20,31,3,8,48,19,3,11,9,0,0,0,0,0,2,6,4,34,6,9
0,0,0,0,2,0,0,1,12,10,11,15,3,7,56,32,20,31,3,8,48,20,4,11,9,0,0,0,0,0,2,6,4,34,6,9
0,0,0,0,2,0,0,2,12,10,11,15,3,7,56,32,20,31,3,9,48,20,4,11,9,0,0,0,0,0,2,6,4,34,6,9
0,0,0,0,2,0,0,2,12,10,11,15,3,7,56,32,21,31,3,9,49,20,4,11,9,0,0,0,0,0,2,6,4,34,6,9
0,0,0,0,2,0,0,2,11,10,11,16,3,6,56,32,22,31,3,9,49,21,4,11,9,0,0,0,0,0,2,6,4,34,7,10
0,0,0,0,2,0,0,2,11,10,11,16,3,6,56,32,22,31,3,9,50,22,4,11,9,0,0,0,0,0,2,6,4,34,7,10
0,0,0,0,2,0,0,2,11,10,11,16,4,6,56,32,22,31,3,9,50,22,4,11,9,0,0,0,0,0,2,6,4,34,7,10
0,0,0,0,2,0,0,2,11,10,11,16,4,6,56,32,22,31,3,9,50,22,4,11,9,0,0,0,0,0,2,6,4,34,7,10
0,0,0,0,2,0,0,2,11,10,11,16,4,6,57,33,22,31,3,9,51,23,4,12,9,0,0,0,0,0,2,6,4,34,7,10
0,0,0,0,2,0,0,2,11,10,11,16,4,6,57,33,22,32,3,9,51,23,5,12,9,0,0,0,0,0,2,6,4,34,7,10
0,0,0,0,2,0,0,1,12,10,11,16,4,6,57,33,23,32,3,9,51,24,5,12,9,0,0,0,0,0,2,6,4,34,7,11
0,0,0,0,2,0,0,1,12,10,11,16,4,6,57,33,23,32,3,9,51,24,5,12,10,0,0,0,0,0,2,6,4,34,7,11
0,0,0,0,2,0,0,1,12,10,11,16,4,6,57,33,23,32,3,9,52,25,5,12,10,0,0,0,0,0,2,6,4,34,7,11
0,0,0,0,2,0,0,1,12,10,11,16,4,6,57,33,23,32,3,9,52,25,5,12,10,0,0,0,0,0,2,6,4,35,7,11
0,0,0,0,2,0,0,1,12,10,11,16,4,6,57,33,23,32,3,9,52,26,5,12,10,0,0,0,0,0,2,6,4,35,7,11
0,0,0,0,2,0,0,2,12,10,11,16,4,6,57,33,23,32,3,9,52,26,5,12,10,0,0,0,0,0,2,6,4,35,7,11
0,0,0,0,2,0,0,2,11,10,11,16,4,6,57,34,23,32,3,9,53,26,6,12,10,0,0,0,0,0,2,6,4,35,7,11
0,0,0,0,2,0,0,1,11,10,11,16,4,6,57,34,23,32,3,9,53,27,6,13,10,0,0,0,0,0,2,6,4,36,7,12
0,0,0,0,2,0,0,1,11,10,11,16,4,6,57,34,23,32,3,9,53,27,6,13,10,0,0,0,0,0,2,6,4,36,7,12
0,0,0,0,2,0,0,1,12,10,12,16,4,6,57,34,23,32,3,9,53,27,6,13,9,0,0,0,0,0,2,6,4,36,7,12
0,0,0,0,2,0,0,1,12,10,12,16,4,5,57,34,23,32,3,9,54,27,7,13,9,0,0,0,0,0,2,6,3,36,8,12
0,0,0,0,2,0,0,1,12,10,12,16,4,5,57,34,23,32,3,9,54,27,7,13,9,0,0,0,0,0,3,6,3,36,8,12
0,0,0,0,2,0,0,1,12,10,12,16,4,6,57,34,23,33,3,9,54,28,7,13,9,0,0,0,0,0,3,6,3,36,8,12
0,0,0,0,2,0,0,1,12,10,12,16,4,6,57,34,23,33,3,9,54,28,7,13,9,0,0,0,0,0,3,6,3,36,8,12
0,0,0,0,2,0,0,2,11,10,12,16,4,6,57,34,23,33,3,9,54,29,7,13,9,0,0,0,0,0,3,6,3,36,8,12
0,0,0,0,2,0,0,2,11,10,12,16,4,6,57,34,23,34,3,9,54,29,7,13,9,0,0,0,0,0,3,6,3,36,8,13
0,0,0,0,2,0,0,2,11,10,12,16,4,5,57,34,24,34,3,9,55,29,7,13,8,0,0,0,0,0,3,6,3,36,8,13
0,0,0,0,2,0,0,2,11,10,12,16,4,5,57,34,24,34,4,9,55,29,7,13,8,0,0,0,0,0,3,6,3,36,8,13
0,0,0,0,2,0,0,2,11,10,12,16,4,5,57,34,24,34,4,9,56,29,7,13,8,0,0,0,0,0,3,6,3,36,8,13
0,0,0,0,2,0,0,2,11,10,12,16,4,5,57,34,24,34,4,9,56,29,7,13,8,0,0,0,0,0,3,6,3,36,8,13
0,0,0,0,2,0,0,2,11,10,12,16,3,5,57,35,24,34,4,9,56,30,7,14,8,0,0,0,0,0,3,6,3,36,8,13
0,0,0,0,2,0,0,2,11,10,12,16,3,5,57,35,24,34,4,9,56,30,8,14,8,0,0,0,0,0,3,6,3,36,8,13
0,0,0,0,2,0,0,2,11,10,12,16,3,5,57,35,24,34,4,9,57,30,8,15,7,0,0,0,0,0,3,6,3,36,9,13
0,0,0,0,1,0,0,2,11,10,12,16,3,5,57,35,24,34,4,9,57,30,8,15,7,0,0,0,0,0,3,6,3,36,9,13
0,0,0,0,1,0,0,2,11,10,12,17,3,6,57,35,24,34,4,9,57,30,8,15,7,0,0,0,0,0,3,6,3,36,9,13
0,0,0,0,1,0,0,2,11,10,12,17,3,6,57,35,24,34,4,9,57,30,8,15,7,0,0,0,0,0,2,6,3,36,9,13
0,0,0,0,1,0,0,2,11,10,12,17,3,6,57,35,24,35,4,9,57,30,8,15,7,0,0,0,0,0,2,6,3,36,9,13
0,0,0,0,1,0,0,2,11,10,12,17,3,6,57,35,24,34,4,9,57,30,8,15,7,0,0,0,0,0,2,6,3,36,9,13
0,0,0,0,1,0,0,2,11,10,12,17,3,6,56,35,24,34,4,9,57,30,9,15,6,0,0,0,0,0,2,6,3,36,9,13
0,0,0,0,1,0,0,2,11,10,12,17,3,6,56,35,24,34,4,9,57,30,9,15,6,0,0,0,0,0,2,6,3,36,9,13
0,0,0,0,1,0,0,2,11,10,12,17,3,6,56,35,24,34,4,9,57,30,9,15,6,0,0,0,0,0,2,6,3,36,9,13
0,0,0,0,1,0,0,2,11,10,12,17,3,6,56,35,24,34,4,9,57,30,9,15,6,0,0,0,0,0,2,6,3,36,9,13
0,0,0,0,1,0,0,2,11,10,12,17,3,6,56,35,24,34,4,9,57,30,9,15,6,0,0,0,0,0,2,6,3,36,10,13
0,0,0,0,1,0,0,2,11,10,12,16,3,6,56,35,24,34,4,9,57,30,9,15,6,0,0,0,0,0,2,6,3,36,10,14
0,0,0,0,1,0,0,2,11,10,12,16,3,6,56,35,24,34,4,9,57,30,9,15,6,0,0,0,0,0,2,6,3,36,10,14
0,0,0,0,1,0,0,2,11,10,12,16,3,6,55,35,24,34,4,9,57,30,9,15,6,0,0,0,0,0,2,5,3,36,10,14
0,0,0,0,1,0,0,2,10,10,12,16,3,6,55,35,24,34,4,9,58,30,9,15,6,0,0,0,0,0,2,6,3,36,11,14
0,0,0,0,1,0,0,2,10,10,12,16,3,6,54,35,24,34,4,9,58,30,9,15,6,0,0,0,0,0,2,6,3,36,11,14
0,0,0,0,1,0,0,2,10,10,12,16,3,6,54,35,24,34,4,9,58,30,9,15,6,0,0,0,0,0,2,6,3,36,11,15
0,0,0,0,1,0,0,2,10,10,12,16,3,6,54,34,24,34,4,9,57,30,9,16,6,0,0,0,0,0,2,6,3,36,11,15
0,0,0,0,1,0,0,2,10,10,12,16,4,6,54,34,24,34,4,9,57,30,9,16,6,0,0,0,0,0,2,6,3,36,11,15
0,0,0,0,1,0,0,2,10,10,12,16,4,6,53,34,24,34,4,9,57,30,9,16,6,0,0,0,0,0,2,6,3,36,11,15
0,0,0,0,1,0,0,2,10,10,12,16,4,6,53,34,24,34,4,9,57,30,9,16,6,0,0,0,0,0,2,6,3,36,11,15
0,0,0,0,1,0,0,2,11,10,12,16,4,6,53,34,24,34,4,9,57,30,9,16,6,0,0,0,0,0,2,6,3,36,11,15
0,0,0,0,1,0,0,2,11,10,12,16,3,6,52,34,24,34,4,9,57,30,9,16,6,0,0,0,0,0,2,6,3,36,11,15
0,0,0,0,1,0,0,2,11,10,12,16,3,6,52,34,24,34,4,9,57,30,9,16,6,0,0,0,0,0,2,6,3,36,11,15
0,0,0,0,1,0,0,2,11,10,12,16,3,6,52,34,24,34,4,9,57,30,9,16,6,0,0,0,0,0,2,6,3,36,11,15
0,0,0,0,1,0,0,2,11,10,12,16,3,6,52,34,24,34,4,9,57,30,9,16,6,0,0,0,0,0,2,6,4,36,11,15
0,0,0,0,1,0,0,2,11,10,12,16,3,6,52,34,24,34,4,9,57,30,9,16,6,0,0,0,0,0,2,6,4,36,11,15
0,0,0,0,1,0,0,2,11,10,12,16,3,6,52,33,24,34,4,9,57,30,9,16,6,0,0,0,0,0,3,6,4,36,11,15
0,0,0,0,1,0,0,2,11,10,12,16,3,6,52,33,24,34,4,9,57,30,10,16,6,0,0,0,0,0,3,6,4,36,11,15
0,0,0,0,1,0,0,2,11,10,12,16,3,6,52,33,24,34,4,9,57,30,10,16,6,0,0,0,0,0,3,6,4,36,11,16
0,0,0,0,1,0,0,2,11,10,12,16,3,6,52,33,24,34,4,9,57,30,10,16,7,0,0,0,0,0,3,6,4,36,11,16
0,0,0,0,1,0,0,2,11,10,12,16,3,6,52,33,24,34,4,9,57,30,10,16,7,0,0,0,0,0,3,6,4,36,11,16
0,0,0,0,1,0,0,2,11,10,12,16,3,6,52,33,24,34,4,9,57,30,10,16,7,0,0,0,0,0,3,6,4,36,11,16
0,0,0,0,1,0,0,2,11,10,12,16,3,6,52,33,24,34,4,9,57,30,10,16,6,0,0,0,0,0,3,6,4,36,11,16
0,0,0,0,1,0,0,2,11,10,12,16,3,6,52,33,24,34,4,9,57,30,10,16,6,0,0,0,0,0,3,6,4,36,11,15
0,0,0,0,0,0,0,2,11,10,12,16,3,6,52,33,24,34,4,9,57,30,10,16,6,0,0,0,0,0,3,5,4,36,11,15
0,0,0,0,0,0,0,2,10,10,12,16,4,5,52,33,24,34,4,9,57,30,10,16,6,0,0,0,0,0,3,5,4,36,11,15
0,0,0,0,0,0,0,2,10,10,12,16,4,5,52,33,24,35,4,9,57,30,10,16,6,0,0,0,0,0,3,5,4,36,12,15
0,0,0,0,0,0,0,2,10,10,12,16,4,5,52,33,24,35,4,9,57,30,10,16,6,0,0,0,0,0,3,5,4,36,12,15
0,0,0,0,0,0,0,1,10,10,11,16,4,5,52,33,24,35,4,9,57,30,10,17,7,0,0,0,0,0,3,5,4,36,12,15
0,0,0,0,0,0,0,1,10,10,11,16,4,5,52,33,24,35,4,9,57,30,10,17,7,0,0,0,0,0,3,5,4,36,12,15
0,0,0,0,0,0,0,1,10,10,11,16,3,5,52,33,24,35,4,9,57,30,10,17,6,0,0,0,0,0,3,5,4,36,12,15
0,0,0,0,0,0,0,1,11,10,11,16,3,5,52,33,24,35,4,9,58,30,10,17,6,0,0,0,0,0,3,5,4,36,12,15
0,0,0,0,0,0,0,1,11,10,11,16,3,5,52,33,24,35,4,9,58,30,10,17,6,0,0,0,0,0,3,5,4,36,12,15
0,0,0,0,0,0,0,1,11,10,11,16,3,5,52,33,24,35,4,9,58,30,10,17,6,0,0,0,0,0,3,5,4,36,12,15
0,0,0,0,0,0,0,1,11,10,11,16,3,5,52,33,24,35,4,9,58,30,10,17,6,0,0,0,0,0,3,5,4,36,12,15
0,0,0,0,0,0,0,1,11,10,11,16,3,5,52,33,24,35,4,9,58,30,10,17,6,0,0,0,0,0,3,5,4,36,12,15
0,0,0,0,0,0,0,1,11,10,11,16,3,5,52,33,24,35,4,9,58,30,10,17,6,0,0,0,0,0,3,5,4,36,12,15
0,0,0,0,0,0,0,1,11,10,11,16,3,5,52,33,24,35,4,9,58,30,10,16,6,0,0,0,0,0,3,5,4,36,12,15
0,0,0,0,0,0,0,1,11,10,11,16,3,5,52,33,24,35,4,9,58,30,10,16,6,0,0,0,0,0,3,5,4,36,11,15
0,0,0,0,0,0,0,1,10,10,11,16,3,5,52,33,24,35,4,9,58,30,10,16,6,0,0,0,0,0,3,5,4,36,11,15
0,0,0,0,0,0,0,1,10,10,11,16,3,5,52,33,24,34,4,9,58,30,10,16,6,0,0,0,0,0,3,5,4,36,11,16
0,0,0,0,0,0,0,1,10,10,11,16,3,5,52,33,24,34,4,9,58,30,10,16,6,0,0,0,0,0,3,5,4,36,11,16
0,0,0,0,0,0,0,1,10,10,11,16,3,5,52,33,24,35,4,9,58,30,10,16,7,0,0,0,0,0,3,5,4,36,12,16
0,0,0,0,0,0,0,1,10,10,11,16,3,5,52,33,24,35,4,9,58,30,10,16,7,0,0,0,0,0,3,5,4,36,12,16
0,0,0,0,0,0,0,1,10,10,11,16,3,5,52,33,24,35,4,9,58,30,10,16,7,0,0,0,0,0,3,5,4,36,12,16
0,0,0,0,0,0,0,1,10,10,11,16,3,5,52,33,24,35,4,9,58,30,10,17,7,0,0,0,0,0,3,5,4,36,12,16
0,0,0,0,0,0,0,1,10,10,11,16,3,5,52,33,24,35,4,9,58,30,10,17,7,0,0,0,0,0,3,5,4,36,12,16
0,0,0,0,0,0,0,1,10,10,11,16,3,5,52,33,24,35,4,9,58,30,10,17,7,0,0,0,0,0,3,5,4,36,12,16
0,0,0,0,0,0,0,1,10,10,11,16,3,5,51,33,25,35,4,9,58,30,10,17,7,0,0,0,0,0,3,5,4,36,12,16
0,0,0,0,1,0,0,1,11,10,11,16,3,5,51,33,25,35,4,9,58,30,10,17,7,0,0,0,0,0,3,5,4,36,12,16
0,0,0,0,1,0,0,2,11,10,11,16,4,5,51,32,25,35,4,9,58,30,10,17,7,0,0,0,0,0,3,5,4,36,12,16
0,0,0,0,1,0,0,2,11,10,11,16,4,5,51,32,25,35,4,9,58,30,10,17,7,0,0,0,0,0,3,6,4,36,12,16
0,0,0,0,1,0,0,2,11,10,11,16,4,5,51,32,25,35,4,9,58,30,10,17,6,0,0,0,0,0,3,6,4,36,12,16
0,0,0,0,1,0,0,2,11,10,11,16,4,5,51,32,25,35,4,9,58,30,10,17,6,0,0,0,0,0,3,6,4,36,12,16
0,0,0,0,1,0,0,2,11,10,11,16,4,5,51,32,25,35,4,9,58,30,10,17,6,0,0,0,0,0,3,6,4,36,12,16
0,0,0,0,1,0,0,2,11,10,12,16,4,5,51,32,25,35,4,8,57,30,10,17,6,0,0,0,0,0,3,6,4,36,12,16
0,0,0,0,1,0,0,2,11,10,12,16,4,5,51,32,25,35,4,8,57,30,10,17,6,0,0,0,0,0,3,5,4,36,12,16
0,0,0,0,1,0,0,2,11,10,12,16,4,5,51,32,25,35,4,8,57,30,10,17,6,0,0,0,0,0,3,6,4,36,12,16
0,0,0,0,1,0,0,2,11,10,12,16,4,6,51,32,25,35,4,8,57,30,10,17,5,0,0,0,0,0,3,6,4,36,12,16
0,0,0,0,1,0,0,2,11,10,12,16,4,6,51,32,25,35,4,8,57,30,10,17,5,0,0,0,0,0,3,6,4,36,12,16
0,0,0,0,1,0,0,2,11,10,12,16,4,7,50,32,25,35,4,8,57,30,10,17,5,0,0,0,0,0,3,6,4,36,12,16
0,0,0,0,1,0,0,2,11,10,12,16,4,7,50,32,25,35,4,8,57,30,10,17,5,0,0,0,0,0,3,6,4,36,11,16
0,0,0,0,1,0,0,2,11,10,12,16,4,7,50,32,25,35,4,8,57,30,10,17,5,0,0,0,0,0,3,6,4,36,11,16
0,0,0,0,1,0,0,2,11,10,12,16,4,7,50,32,25,35,4,8,57,30,10,17,6,0,0,0,0,0,3,6,4,36,11,16
0,0,0,0,1,0,0,2,11,10,12,16,4,7,50,32,25,35,4,8,57,30,10,17,6,0,0,0,0,0,3,6,4,36,11,16
0,0,0,0,1,0,0,2,11,10,12,16,4,6,50,32,25,35,4,8,57,30,10,17,6,0,0,0,0,0,3,6,4,36,11,16
0,0,0,0,1,0,0,2,11,10,12,16,4,6,50,32,25,35,4,8,57,30,10,17,6,0,0,0,0,0,3,6,4,36,11,16
0,0,0,0,1,0,0,2,11,9,12,16,4,6,50,32,25,35,4,8,57,30,10,17,6,0,0,0,0,0,3,6,4,36,11,16
0,0,0,0,1,0,0,2,11,9,12,16,4,6,50,32,25,35,4,8,57,30,10,17,6,0,0,0,0,0,3,6,4,36,11,16
0,0,0,0,1,0,0,2,11,9,11,16,4,5,50,32,25,35,4,8,57,30,10,17,5,0,0,0,0,0,3,6,4,36,11,16
0,0,0,0,1,0,0,2,11,9,11,16,4,5,50,32,25,35,4,8,57,30,10,17,5,0,0,0,0,0,3,6,4,36,11,16
0,0,0,0,1,0,0,2,11,9,11,15,4,5,50,32,25,35,4,8,57,30,10,17,5,0,0,0,0,0,3,6,4,36,11,16
0,0,0,0,1,0,0,2,11,9,11,15,4,5,50,32,25,35,4,8,57,30,10,17,6,0,0,0,0,0,3,6,4,36,11,16
0,0,0,0,1,0,0,2,10,9,11,15,4,5,50,32,25,35,4,8,57,30,10,17,5,0,0,0,0,0,3,6,4,37,11,16
0,0,0,0,1,0,0,2,10,9,11,15,4,5,50,32,25,34,4,8,57,30,10,17,6,0,0,0,0,0,3,6,4,37,11,16
0,0,0,0,1,0,0,2,10,9,11,15,4,5,50,32,25,34,4,8,57,30,10,17,6,0,0,0,0,0,3,6,4,37,11,16
0,0,0,0,1,0,0,2,10,9,12,15,4,5,51,32,25,34,4,8,57,30,10,17,6,0,0,0,0,0,3,6,4,37,11,16
0,0,0,0,1,0,0,2,10,9,12,15,4,5,51,32,25,34,4,8,57,30,10,17,6,0,0,0,0,0,3,6,5,37,11,16
0,0,0,0,1,0,0,2,10,9,12,15,4,5,51,32,25,35,4,8,57,30,10,17,6,0,0,0,0,0,3,6,5,37,11,16
0,0,0,0,1,0,0,2,10,10,12,15,4,5,51,32,25,35,4,8,57,30,10,17,6,0,0,0,0,0,3,6,5,37,11,16
0,0,0,0,1,0,0,2,10,10,12,15,4,5,51,32,25,35,4,8,57,31,11,17,6,0,0,0,0,0,3,6,5,37,12,17
0,0,0,0,1,0,0,2,10,10,12,15,4,5,51,32,25,35,4,8,57,31,11,17,6,0,0,0,0,0,3,6,5,37,12,17
0,0,0,0,1,0,0,2,10,10,12,15,4,5,51,32,25,35,4,9,58,31,11,17,6,0,0,0,0,0,3,6,5,37,12,17
0,0,0,0,1,0,0,2,10,10,12,15,4,5,51,32,25,35,4,9,58,31,11,17,6,0,0,0,0,0,3,6,5,37,12,17
0,0,0,0,1,0,0,2,10,10,12,15,4,5,51,32,25,35,4,9,58,31,11,17,6,0,0,0,0,0,3,6,5,37,12,17
0,0,0,0,1,0,0,2,10,10,12,15,4,5,51,32,25,35,4,9,58,31,11,18,6,0,0,0,0,0,3,6,5,37,12,17
0,0,0,0,1,0,0,2,10,10,12,15,4,5,51,32,25,35,4,9,58,31,11,17,6,0,0,0,0,0,3,6,5,37,12,17
0,0,0,0,1,0,0,2,10,10,12,15,4,5,51,32,25,35,4,9,58,31,11,17,6,0,0,0,0,0,3,6,5,37,12,17
0,0,0,0,1,0,0,2,10,10,11,15,4,5,51,32,25,35,4,9,58,31,11,17,6,0,0,0,0,0,3,6,5,37,12,17
0,0,0,0,1,0,0,2,10,10,11,15,4,5,50,32,25,35,4,9,58,31,11,17,6,0,0,0,0,0,3,6,5,37,12,17
0,0,0,0,1,0,0,2,10,10,11,15,4,5,50,32,25,35,4,9,57,31,11,17,6,0,0,0,0,0,4,6,5,37,12,17
0,0,0,0,1,0,0,2,10,10,11,15,4,5,50,32,25,35,4,9,57,31,11,17,6,0,0,0,0,0,4,6,5,37,12,17
0,0,0,0,1,0,0,2,10,10,11,15,4,5,50,32,25,35,4,9,57,31,11,17,6,0,0,0,0,0,4,6,5,37,12,17
0,0,0,0,1,0,0,2,10,10,12,15,4,5,49,32,25,35,3,8,57,31,11,17,6,0,0,0,0,0,4,6,5,37,12,17
0,0,0,0,1,0,0,2,10,10,12,15,4,5,49,32,25,35,3,8,57,31,11,17,6,0,0,0,0,0,4,6,5,37,12,17
0,0,0,0,1,0,0,2,10,10,12,15,4,5,49,32,25,35,3,8,57,31,11,17,6,0,0,0,0,0,4,6,5,37,12,17
0,0,0,0,1,0,0,3,10,10,12,15,4,5,49,32,25,35,3,8,57,31,11,17,6,0,0,0,0,0,4,6,5,37,12,17
0,0,0,0,1,0,0,3,10,10,12,15,4,5,49,31,25,35,3,8,57,31,11,17,6,0,0,0,0,0,4,6,5,37,12,17
0,0,0,0,1,0,0,3,10,10,11,15,4,5,49,31,25,35,3,8,57,31,11,17,6,0,0,0,0,0,4,7,5,37,12,17
0,0,0,0,1,0,0,3,10,10,11,15,4,5,49,31,25,35,3,8,57,31,11,17,6,0,0,0,0,0,4,7,5,37,12,17
0,0,0,0,1,0,0,3,10,9,11,15,4,5,49,31,25,35,3,8,57,31,11,17,6,0,0,0,0,0,5,7,5,37,12,17
0,0,0,0,1,0,0,3,11,9,11,15,5,5,49,31,25,35,3,8,57,31,11,17,6,0,0,0,0,0,5,7,5,37,12,17
0,0,0,0,1,0,0,3,11,9,11,15,5,5,49,31,25,34,4,8,56,31,11,17,6,0,0,0,0,0,5,7,5,37,12,17
0,0,0,0,1,0,0,3,11,9,11,15,5,5,49,31,25,34,4,8,56,30,11,17,6,0,0,0,0,0,5,7,5,37,12,17
0,0,0,0,1,0,0,3,11,10,11,15,5,5,49,31,25,34,4,8,56,30,11,17,6,0,0,0,0,0,5,7,5,37,12,17
0,0,0,0,1,0,0,4,11,10,11,15,5,5,48,31,25,34,4,8,56,30,11,17,6,0,0,0,0,0,5,7,5,37,12,17
0,0,0,0,1,0,0,4,11,10,11,15,5,5,48,31,25,34,4,9,56,30,11,17,6,0,0,0,0,0,5,7,5,37,12,17
0,0,0,0,1,0,0,4,11,10,11,15,5,5,47,31,25,35,4,9,56,30,11,17,6,0,0,0,0,0,5,7,5,37,12,17
0,0,0,0,1,0,0,4,11,10,11,16,5,5,47,31,25,35,4,9,56,30,11,17,6,0,0,0,0,0,5,7,5,37,12,17
0,0,0,0,1,0,0,4,11,10,11,16,5,5,47,31,25,35,4,9,56,30,11,17,6,0,0,0,0,0,5,7,5,37,12,17
0,0,0,0,1,0,0,4,11,10,11,16,5,5,47,31,25,34,4,9,56,30,11,17,6,0,0,0,0,0,5,7,5,37,12,17
0,0,0,0,1,0,0,4,11,10,11,16,5,5,47,31,25,34,4,9,56,30,11,17,6,0,0,0,0,0,5,7,5,37,12,17
0,0,0,0,1,0,0,4,11,10,11,16,5,5,46,31,25,34,4,9,55,30,11,17,6,0,0,0,0,0,5,7,5,37,12,17
0,0,0,0,1,0,0,4,11,10,11,16,4,5,46,31,25,34,4,9,55,30,11,17,6,0,0,0,0,0,5,7,5,37,12,17
0,0,0,0,1,0,0,4,11,10,11,16,4,5,46,31,26,34,4,9,55,30,11,17,6,0,0,0,0,0,5,7,5,37,12,17
1,0,0,0,1,0,0,4,11,10,11,16,4,5,46,31,26,34,4,9,54,30,11,17,6,0,0,0,0,0,5,7,5,37,12,17
1,0,0,0,1,0,0,4,11,10,11,16,4,5,46,31,26,34,5,9,54,30,11,17,6,0,0,0,0,0,5,8,5,37,12,17
1,0,0,0,1,0,0,4,11,10,11,16,4,5,46,31,26,35,5,9,54,30,11,17,6,0,0,0,0,0,5,8,5,37,12,17
1,0,0,0,1,0,0,4,11,10,12,16,4,5,46,31,26,35,5,9,53,30,11,17,6,0,0,0,0,0,5,8,5,37,12,17
1,0,0,0,1,0,0,4,12,11,12,16,4,5,45,31,26,35,5,9,53,30,11,17,6,0,0,0,0,0,5,8,5,37,12,17
1,0,0,0,1,0,0,4,12,11,12,16,4,6,45,31,26,35,4,9,53,30,11,17,6,0,0,0,0,0,5,8,5,37,12,17
1,0,0,0,1,0,0,4,12,11,12,16,4,6,45,31,26,35,5,10,53,30,11,17,6,0,0,0,0,0,5,8,5,37,12,17
1,0,0,0,1,0,0,4,12,11,12,17,5,6,45,31,26,35,5,10,53,30,11,17,6,0,0,0,0,0,5,8,5,37,12,17
1,0,0,0,2,0,0,4,12,11,12,17,5,6,45,31,26,36,5,10,53,30,11,17,6,0,0,0,0,0,5,8,5,37,12,17
1,0,0,0,2,0,0,4,12,11,12,17,5,6,45,31,26,36,5,10,53,30,11,17,6,0,0,0,0,0,5,8,5,37,12,17
1,0,0,0,2,0,0,4,12,11,12,17,5,6,45,31,26,36,5,10,53,30,11,17,6,0,0,0,0,0,5,8,5,37,12,17
1,0,0,0,2,0,0,4,12,11,12,17,5,6,45,31,26,36,5,10,52,30,11,18,6,0,0,0,0,0,5,8,5,37,12,17
1,0,0,0,2,0,0,4,12,11,12,17,5,6,45,31,26,35,5,10,52,30,11,18,6,0,0,0,0,0,5,8,5,37,12,17
1,0,0,0,2,0,0,4,12,11,12,17,5,6,45,31,26,35,5,10,52,30,11,18,6,0,0,0,0,0,5,7,5,37,12,17
1,0,0,0,2,0,0,4,12,11,12,17,5,6,45,31,26,35,5,10,52,30,11,18,6,0,0,0,0,0,5,7,5,37,12,17
1,0,0,0,2,0,0,4,12,11,12,17,6,7,45,31,26,36,5,10,52,30,11,18,6,0,0,0,0,0,5,7,6,37,12,17
1,0,0,0,2,0,0,4,12,11,12,17,6,7,45,31,26,36,5,10,52,30,11,18,7,0,0,0,0,0,5,7,6,36,12,17
1,0,0,0,2,0,0,5,12,11,12,17,6,7,45,31,26,36,5,10,52,29,11,18,7,0,0,0,0,0,5,7,6,36,12,17
1,0,0,0,2,0,0,5,12,11,12,17,6,7,45,31,26,36,5,10,52,29,11,18,7,0,0,0,0,0,5,7,6,36,12,17
0,0,0,0,2,0,0,5,12,11,12,17,6,7,45,31,26,36,5,10,52,29,11,18,7,0,0,0,0,0,5,7,6,36,12,17
0,0,0,0,2,0,0,5,12,11,12,17,6,7,45,31,26,36,5,10,52,29,11,18,7,0,0,0,0,0,5,7,6,36,12,17
0,0,0,0,2,0,0,4,12,11,12,17,6,7,45,31,26,36,5,10,52,29,11,18,6,0,0,0,0,0,5,7,6,36,12,17
0,0,0,0,2,0,0,4,12,11,12,17,6,7,45,31,26,36,5,10,52,29,11,18,6,0,0,0,0,0,5,7,6,36,12,17
0,0,0,0,2,0,0,4,12,11,13,17,6,7,45,31,26,36,5,9,52,29,11,18,6,0,0,0,0,0,5,7,5,35,12,17
0,0,0,0,2,0,0,4,12,11,13,17,6,7,45,31,26,37,5,9,52,29,11,18,6,0,0,0,0,0,5,7,5,35,12,17
1,0,0,0,2,0,0,4,12,11,13,17,6,7,45,31,26,37,5,10,52,29,11,18,6,0,0,0,0,0,5,7,5,35,12,18
1,0,0,0,2,0,0,3,12,11,13,17,6,7,45,31,26,37,4,10,52,29,11,18,6,0,0,0,0,0,5,7,5,35,12,18
1,0,0,0,2,0,0,3,12,11,13,17,5,6,45,31,26,37,4,10,52,29,11,18,6,0,0,0,0,0,5,7,6,35,12,18
1,0,0,0,2,0,0,4,12,12,13,17,5,6,45,31,27,37,5,10,52,29,11,18,6,0,0,0,0,0,6,7,6,35,12,18
1,0,0,0,3,0,0,4,12,12,13,17,6,6,45,31,27,37,5,10,52,29,11,19,6,0,0,0,0,0,6,7,6,35,12,18
1,0,0,0,3,0,0,4,12,12,13,17,6,7,45,31,27,36,5,10,52,29,12,19,6,0,0,0,0,0,6,7,6,35,13,18
0,0,0,0,3,0,0,4,12,12,13,17,6,7,45,31,27,36,5,10,52,29,12,19,6,0,0,0,0,0,6,7,6,35,13,18
1,0,0,0,3,0,0,4,12,12,13,17,6,7,46,31,27,37,5,10,52,29,12,19,6,0,0,0,0,0,6,7,6,35,13,19
1,0,0,0,3,0,0,4,12,12,14,17,6,7,46,31,27,37,5,10,52,29,12,20,6,0,0,0,0,0,6,7,6,35,13,19
1,0,0,0,3,0,0,4,12,12,14,17,6,7,46,31,27,37,5,10,52,29,13,20,6,0,0,0,0,0,6,7,6,35,13,19
1,0,0,0,4,0,1,4,12,12,14,17,6,7,46,31,27,37,5,10,52,29,13,20,6,0,0,0,0,0,6,8,6,35,13,19
1,0,0,0,4,0,1,4,12,13,14,18,6,7,46,31,27,37,5,10,53,29,13,20,6,0,0,0,0,0,6,8,7,36,13,19
2,0,0,0,4,0,2,4,12,13,14,19,6,7,46,31,27,37,5,11,53,29,13,20,6,0,0,0,0,0,6,8,7,36,13,19
2,0,0,0,4,0,2,4,12,13,15,19,6,7,46,31,27,37,5,11,53,29,13,20,6,0,0,0,0,0,6,9,7,36,13,19
2,0,0,0,4,0,2,4,12,13,15,19,6,7,46,31,27,37,5,11,53,29,13,20,6,0,0,0,0,0,6,9,7,36,13,19
2,0,0,0,4,0,2,4,12,13,15,19,6,7,46,31,27,37,5,11,53,29,13,20,6,0,0,0,0,0,6,9,7,36,13,19
2,0,0,0,4,0,2,4,12,13,15,19,7,7,46,31,27,37,5,11,52,29,13,20,6,0,0,0,0,0,6,9,7,36,13,19
2,0,0,0,4,0,2,4,12,13,15,19,7,7,46,31,27,37,5,11,52,29,13,20,6,0,0,0,0,0,6,9,7,36,13,19
2,0,0,0,4,0,2,5,12,13,15,19,7,8,46,31,27,37,5,11,52,29,13,20,6,0,0,0,0,0,6,9,7,36,13,19
2,0,0,0,4,0,2,5,12,13,15,19,7,8,46,31,27,37,5,11,52,29,13,20,6,0,0,0,0,0,6,9,7,36,13,19
2,0,0,0,3,0,2,5,12,13,15,19,7,8,46,31,27,37,5,11,52,29,13,20,6,0,0,0,0,0,6,9,7,36,13,19
1,0,0,0,3,0,2,5,12,13,15,19,7,8,46,31,27,37,5,10,52,29,13,20,6,0,0,0,0,0,6,9,8,36,13,19
1,0,0,0,3,0,1,5,12,13,15,19,7,8,46,31,27,37,5,10,52,29,13,20,6,0,0,0,0,0,6,9,8,36,13,19
1,0,0,0,3,0,1,5,12,13,15,19,7,8,46,31,27,37,5,10,52,29,13,20,6,0,0,0,0,0,6,9,8,36,13,19
1,0,0,0,3,0,1,5,12,13,15,19,7,8,46,31,27,38,5,10,52,29,13,20,6,0,0,0,0,0,6,9,8,36,13,19
1,0,0,0,3,0,1,5,12,13,15,19,7,8,46,31,27,38,5,11,52,29,13,20,6,0,0,0,0,0,6,9,8,36,13,19
1,0,0,0,3,0,1,5,12,13,15,19,7,8,46,31,27,38,5,11,52,29,13,20,6,0,0,0,0,0,6,9,8,36,13,19
1,0,0,0,3,0,1,5,12,13,15,19,7,8,46,31,27,38,5,11,52,30,13,20,6,0,0,0,0,0,6,9,8,36,13,19
1,0,0,0,3,0,1,5,12,13,15,19,7,8,46,31,27,38,5,11,52,30,13,20,6,0,0,0,0,0,6,9,8,36,13,19
1,0,0,0,3,0,2,5,12,13,15,19,7,8,46,31,27,38,5,11,52,30,13,20,6,0,0,0,0,0,6,9,8,36,13,19
1,0,0,0,3,0,2,5,12,13,15,19,7,8,46,31,28,38,6,11,52,30,13,20,6,0,0,0,0,0,6,9,8,36,13,19
1,0,0,0,3,0,2,5,12,13,15,19,7,8,46,31,28,38,6,11,52,30,13,20,6,0,0,0,0,0,6,9,8,36,13,19
1,0,0,0,3,0,2,5,12,13,15,19,7,8,46,31,28,38,6,11,52,30,13,20,6,0,0,0,0,0,6,9,8,36,13,19
1,0,0,0,3,0,2,5,12,13,15,19,7,8,46,31,28,38,6,11,52,30,13,20,6,0,0,0,0,0,6,9,8,36,13,20
1,0,0,0,3,0,2,5,13,13,15,18,7,8,46,31,28,38,6,11,52,30,13,20,7,0,0,0,0,0,6,9,8,36,13,20
1,0,0,0,3,0,2,5,13,13,15,18,7,8,46,31,28,38,6,11,52,30,13,20,7,0,0,0,0,0,6,9,8,36,13,20
1,0,0,0,3,0,2,5,13,13,15,18,7,8,46,31,28,38,6,11,52,30,13,20,7,0,0,0,0,0,6,9,8,36,13,20
1,0,0,0,3,0,2,5,13,13,15,18,7,7,46,31,28,38,6,11,52,30,13,20,7,0,0,0,0,0,6,9,8,36,13,20
1,0,0,0,3,0,2,5,13,13,14,18,6,7,46,31,28,38,6,11,52,30,13,20,7,0,0,0,0,0,6,9,7,36,14,20
1,0,0,0,3,0,1,5,13,13,14,18,6,7,46,31,28,38,6,11,52,29,13,20,7,0,0,0,0,0,6,9,7,36,14,21
1,0,0,0,3,0,1,5,13,13,14,18,7,7,46,31,28,38,6,11,52,29,13,21,7,0,0,0,0,0,7,9,8,36,14,21
1,0,0,0,3,0,2,5,13,13,14,18,7,7,46,31,28,38,6,11,52,29,13,21,7,0,0,0,0,0,7,9,8,36,14,22
1,0,0,0,3,0,2,5,13,13,14,18,7,7,46,31,28,38,6,11,52,29,13,21,7,0,0,0,0,0,7,9,8,36,14,22
1,0,0,0,3,0,2,5,13,13,14,18,7,7,46,31,28,38,6,11,52,29,13,21,7,0,0,0,0,0,7,9,8,36,14,22
1,0,0,0,3,0,1,5,13,13,14,18,7,7,46,31,28,38,6,11,52,28,13,21,7,0,0,0,0,0,7,9,8,36,13,22
1,0,0,0,3,0,1,5,13,13,14,18,7,7,46,31,28,38,6,11,52,28,13,21,7,0,0,0,0,0,7,9,8,35,13,22
1,0,0,0,3,0,1,5,13,13,14,18,7,7,46,31,28,38,6,11,51,28,13,20,7,0,0,0,0,0,7,9,8,35,13,22
1,0,0,0,3,0,1,5,12,13,14,18,7,7,46,31,28,38,6,11,51,28,13,20,7,0,0,0,0,0,7,9,7,34,13,22
1,0,0,0,3,0,1,4,12,13,14,18,7,7,46,31,27,38,6,11,51,27,13,20,7,0,0,0,0,0,6,9,7,34,13,22
1,0,0,0,3,0,1,4,12,13,14,17,7,7,45,31,27,37,6,11,51,27,13,20,7,0,0,0,0,0,6,9,7,34,13,22
1,0,0,0,3,0,1,4,12,13,14,17,7,7,45,31,27,37,6,11,51,27,13,20,6,0,0,0,0,0,6,9,7,34,13,22
1,0,0,0,3,0,1,4,12,13,14,17,7,6,45,30,27,37,6,11,51,27,13,20,7,0,0,0,0,0,6,9,7,34,13,22
1,0,0,0,3,0,1,4,12,13,14,17,6,6,45,30,26,37,5,11,51,27,12,20,7,0,0,0,0,0,6,9,7,33,13,22
0,0,0,0,3,0,1,4,12,12,13,17,6,6,45,30,26,36,5,11,50,27,12,20,7,0,0,0,0,0,5,9,7,33,13,22
0,0,0,0,3,0,1,4,12,12,13,17,6,6,45,29,26,36,5,11,50,27,12,20,7,0,0,0,0,0,5,9,7,33,13,22
1,0,0,0,3,0,1,4,11,12,13,17,6,5,45,29,26,35,5,11,50,27,12,20,7,0,0,0,0,0,5,9,7,33,13,22
1,0,0,0,3,0,0,4,11,12,13,17,6,5,44,29,26,35,5,11,50,27,12,20,7,0,0,0,0,0,5,9,7,33,13,22
0,0,0,0,3,0,0,4,11,12,13,17,6,5,44,29,26,35,5,11,50,27,12,20,7,0,0,0,0,0,5,9,7,33,13,22
0,0,0,0,3,0,0,4,11,12,13,17,6,5,44,29,26,35,5,11,50,27,12,20,7,0,0,0,0,0,4,9,7,33,13,22
0,0,0,0,3,0,0,4,11,12,12,16,5,5,44,29,26,35,5,11,50,26,12,20,7,0,0,0,0,0,4,9,7,33,13,22
0,0,0,0,3,0,0,4,10,12,12,16,5,5,44,29,26,35,5,10,50,26,12,20,6,0,0,0,0,0,4,8,7,33,13,21
0,0,0,0,3,0,0,3,10,12,12,16,5,5,44,28,26,35,4,10,50,26,12,20,6,0,0,0,0,0,4,8,7,33,13,21
0,0,0,0,3,0,0,3,10,12,12,16,5,5,44,28,26,35,4,10,50,26,12,20,6,0,0,0,0,0,4,8,7,33,13,21
0,0,0,0,3,0,0,3,10,12,12,16,5,5,43,28,26,35,4,10,50,26,12,20,6,0,0,0,0,0,4,8,7,33,13,21
0,0,0,0,3,0,0,3,10,12,12,16,5,5,43,28,26,35,4,10,50,26,11,20,6,0,0,0,0,0,4,8,7,33,13,21
0,0,0,0,3,0,0,3,10,12,12,16,5,5,43,28,26,35,4,10,50,26,11,20,6,0,0,0,0,0,4,8,7,33,13,21
0,0,0,0,2,0,0,3,10,12,12,16,5,5,43,28,26,35,4,10,50,26,11,20,6,0,0,0,0,0,4,8,7,33,13,21
0,0,0,0,3,0,0,3,10,12,12,16,5,5,43,28,26,35,4,10,50,26,11,19,6,0,0,0,0,0,4,8,7,33,13,21
0,0,0,0,3,0,0,3,10,12,12,16,5,5,43,28,26,35,4,10,50,26,11,19,5,0,0,0,0,0,4,8,7,33,13,21
0,0,0,0,3,0,0,3,10,11,12,16,5,5,42,28,26,35,4,10,50,26,11,19,5,0,0,0,0,0,4,7,6,33,13,21
0,0,0,0,3,0,0,3,10,11,12,16,5,5,42,28,26,35,4,10,50,26,11,19,5,0,0,0,0,0,4,7,6,33,13,21
0,0,0,0,3,0,0,3,10,11,12,16,5,5,43,28,26,35,4,10,50,26,11,19,5,0,0,0,0,0,4,7,6,33,13,21
0,0,0,0,3,0,0,3,10,11,12,16,5,5,43,28,26,35,4,10,50,26,11,19,5,0,0,0,0,0,4,7,6,33,13,21
0,0,0,0,3,0,0,3,10,11,12,16,5,5,43,28,26,35,4,10,50,26,11,19,5,0,0,0,0,0,4,7,6,33,13,21
0,0,0,0,3,0,0,3,10,11,12,16,5,5,43,28,26,35,4,10,50,26,11,19,5,0,0,0,0,0,4,7,6,33,13,21
0,0,0,0,3,0,0,3,10,11,12,16,5,5,43,28,26,35,4,10,50,26,11,19,5,0,0,0,0,0,4,7,6,33,13,21
0,0,0,0,3,0,0,3,10,11,12,16,5,5,43,28,26,35,4,10,50,26,11,19,5,0,0,0,0,0,4,7,6,33,13,21
0,0,0,0,3,0,0,3,10,11,12,16,5,6,43,28,26,35,4,10,50,26,11,19,5,0,0,0,0,0,3,7,6,33,13,21
0,0,0,0,3,0,0,3,10,11,12,15,5,6,43,28,26,35,4,10,50,26,11,19,5,0,0,0,0,0,3,7,6,33,13,21
0,0,0,0,3,0,0,3,10,11,12,15,4,6,43,28,26,35,4,10,50,26,11,19,5,0,0,0,0,0,3,7,6,33,13,21
0,0,0,0,3,0,0,3,10,11,12,15,4,6,43,28,26,35,4,10,50,26,11,19,5,0,0,0,0,0,3,7,6,33,13,21
0,0,0,0,3,0,0,3,10,11,12,15,4,6,43,28,26,35,4,10,50,26,11,19,5,0,0,0,0,0,4,7,6,33,13,20
0,0,0,0,2,0,0,3,10,11,12,15,4,6,43,28,26,35,4,10,50,26,11,19,4,0,0,0,0,0,3,7,6,33,13,20
0,0,0,0,2,0,0,3,10,11,12,15,4,5,43,28,26,35,4,10,50,26,11,19,4,0,0,0,0,0,3,7,6,33,13,20
0,0,0,0,2,0,0,3,10,11,12,15,4,5,43,28,26,35,4,10,50,26,11,19,4,0,0,0,0,0,3,7,6,33,13,19
0,0,0,0,2,0,0,3,11,11,12,15,4,5,43,28,26,35,4,10,50,26,11,19,5,0,0,0,0,0,3,7,6,33,13,19
0,0,0,0,2,0,0,3,11,11,12,15,4,5,43,27,26,35,4,10,50,26,11,19,5,0,0,0,0,0,3,7,6,32,13,19
0,0,0,0,2,0,0,3,11,11,12,15,3,5,43,27,26,35,4,10,50,26,11,19,5,0,0,0,0,0,4,7,6,32,13,19
0,0,0,0,2,0,0,2,11,11,12,15,3,5,43,27,26,35,4,10,50,26,11,19,4,0,0,0,0,0,4,7,6,32,13,19
0,0,0,0,2,0,0,2,11,11,12,15,3,5,43,27,26,35,4,10,50,26,11,18,4,0,0,0,0,0,4,6,6,32,13,19
0,0,0,0,2,0,0,2,10,11,12,15,3,5,43,27,26,35,4,10,50,26,11,18,4,0,0,0,0,0,4,6,6,32,13,18
0,0,0,0,2,0,0,2,10,11,12,15,3,5,43,27,26,35,4,10,50,26,11,18,5,0,0,0,0,0,4,6,6,32,13,18
0,0,0,0,2,0,0,2,10,11,12,15,3,5,43,27,26,35,4,10,50,26,11,18,5,0,0,0,0,0,4,6,6,32,13,18
0,0,0,0,2,0,0,2,10,11,12,15,3,5,43,27,26,35,4,10,50,26,11,18,5,0,0,0,0,0,3,6,5,32,13,18
0,0,0,0,1,0,0,1,10,11,12,15,2,5,43,27,26,35,4,10,50,26,11,18,5,0,0,0,0,0,3,6,5,32,13,18
0,0,0,0,1,0,0,1,10,11,12,15,2,5,42,27,26,35,4,10,50,26,11,18,5,0,0,0,0,0,3,6,5,32,13,18
0,0,0,0,1,0,0,2,10,11,12,15,2,5,42,27,26,35,4,10,50,26,11,18,5,0,0,0,0,0,3,6,5,32,13,18
0,0,0,0,1,0,0,1,10,11,12,15,2,5,42,27,25,35,4,10,50,26,11,18,5,0,0,0,0,0,3,6,5,32,13,18
0,0,0,0,1,0,0,1,10,11,12,15,2,5,42,27,25,35,4,10,50,26,11,18,5,0,0,0,0,0,3,6,5,32,13,18
0,0,0,0,1,0,0,1,10,11,12,15,2,5,42,27,25,35,4,10,50,26,11,18,5,0,0,0,0,0,3,6,5,32,13,18
0,0,0,0,1,0,0,1,10,11,12,15,2,4,42,27,25,35,4,10,50,26,11,18,5,0,0,0,0,0,3,6,5,32,13,18
0,0,0,0,1,0,0,1,10,11,12,14,2,4,42,27,25,35,4,10,50,26,11,18,5,0,0,0,0,0,3,6,5,32,13,18
0,0,0,0,1,0,0,1,10,11,12,14,3,4,42,27,25,35,4,10,50,26,11,18,5,0,0,0,0,0,3,6,5,32,13,18
0,0,0,0,1,0,0,1,10,11,12,14,3,4,42,27,25,35,4,10,50,26,11,18,4,0,0,0,0,0,3,6,5,32,13,18
0,0,0,0,1,0,0,1,10,11,12,14,3,4,42,27,25,35,4,10,50,26,11,18,4,0,0,0,0,0,3,6,5,32,13,18
0,0,0,0,1,0,0,1,10,11,12,14,3,4,42,27,25,35,4,9,50,26,11,18,4,0,0,0,0,0,3,6,5,32,13,18
0,0,0,0,1,0,0,1,10,11,12,14,3,4,42,27,25,35,4,9,50,26,11,18,4,0,0,0,0,0,3,6,5,31,13,17
0,0,0,0,1,0,0,1,10,11,12,15,3,4,42,27,25,35,4,9,50,26,11,18,4,0,0,0,0,0,3,6,5,31,13,17
0,0,0,0,1,0,0,2,10,11,12,15,3,4,42,27,25,35,4,9,50,26,11,18,4,0,0,0,0,0,3,6,5,31,12,17
0,0,0,0,1,0,0,2,10,11,11,15,3,4,42,27,25,34,4,9,50,26,11,17,4,0,0,0,0,0,3,6,5,31,12,17
0,0,0,0,1,0,0,2,10,11,11,15,3,4,42,27,25,34,4,9,50,26,11,17,4,0,0,0,0,0,3,6,5,31,12,17
0,0,0,0,1,0,0,2,10,11,11,15,3,4,42,27,25,34,4,9,50,26,11,17,4,0,0,0,0,0,3,6,5,31,12,17
0,0,0,0,1,0,0,2,10,11,11,15,3,4,42,28,25,34,4,9,50,26,11,17,4,0,0,0,0,0,3,6,5,31,12,17
0,0,0,0,1,0,0,2,10,11,11,15,3,4,42,28,25,34,4,9,50,26,11,17,4,0,0,0,0,0,3,6,5,31,12,17
0,0,0,0,1,0,0,2,10,11,11,15,3,4,42,28,25,34,4,9,50,26,11,17,4,0,0,0,0,0,3,6,5,31,12,17
0,0,0,0,1,0,0,2,10,11,11,15,3,4,42,28,25,34,4,9,50,26,11,17,5,0,0,0,0,0,3,6,5,31,12,17
0,0,0,0,1,0,0,2,10,11,11,15,3,4,42,28,25,34,4,9,50,26,11,17,5,0,0,0,0,0,3,6,5,31,12,17
0,0,0,0,1,0,0,2,10,11,11,15,3,4,42,28,25,34,4,9,50,26,11,17,5,0,0,0,0,0,3,6,5,31,12,17
0,0,0,0,1,0,0,2,10,11,11,15,3,4,42,28,25,34,4,9,50,26,11,17,5,0,0,0,0,0,3,6,5,31,12,17
0,0,0,0,1,0,0,2,10,11,11,15,3,5,42,28,25,34,4,9,50,26,11,17,4,0,0,0,0,0,3,6,5,31,12,17
0,0,0,0,1,0,0,2,10,11,11,15,3,5,42,28,25,34,4,9,50,26,11,17,4,0,0,0,0,0,3,6,5,31,12,17
0,0,0,0,1,0,0,2,10,11,11,15,3,5,42,28,25,34,4,9,50,26,11,17,4,0,0,0,0,0,3,6,5,31,12,17
0,0,0,0,1,0,0,2,9,11,11,15,3,5,42,28,25,34,4,9,51,26,11,17,4,0,0,0,0,0,3,6,5,31,12,17
0,0,0,0,1,0,0,2,9,11,11,15,3,5,42,28,25,34,4,9,51,26,11,18,4,0,0,0,0,0,3,6,5,31,12,17
0,0,0,0,1,0,0,2,10,11,11,14,3,5,42,28,25,34,4,9,51,26,11,18,4,0,0,0,0,0,3,6,5,31,12,17
0,0,0,0,1,0,0,2,10,11,11,14,3,5,42,28,25,34,4,9,51,26,11,18,4,0,0,0,0,0,3,6,5,31,12,17
0,0,0,0,1,0,0,2,10,11,11,14,3,5,42,28,25,34,4,9,51,26,11,18,4,0,0,0,0,0,3,6,5,31,12,17
0,0,0,0,1,0,0,2,10,11,11,14,4,5,42,28,25,34,4,9,51,26,11,18,4,0,0,0,0,0,3,6,5,31,12,17
0,0,0,0,1,0,0,2,10,11,11,14,4,5,42,28,25,34,4,9,51,26,11,18,4,0,0,0,0,0,3,6,5,31,12,17
0,0,0,0,1,0,0,2,10,11,11,14,4,5,42,28,25,34,4,9,51,26,11,18,4,0,0,0,0,0,4,6,5,31,12,17
0,0,0,0,1,0,0,2,10,11,11,14,4,5,42,28,25,34,4,9,52,26,11,18,4,0,0,0,0,0,4,6,5,31,12,17
0,0,0,0,1,0,0,2,10,11,11,14,4,5,42,28,25,34,4,9,52,26,11,18,4,0,0,0,0,0,4,6,5,31,12,17
0,0,0,0,1,0,0,2,10,11,11,14,4,5,42,28,25,34,4,9,52,26,11,18,4,0,0,0,0,0,4,6,5,31,12,17
0,0,0,0,2,0,0,2,10,11,11,14,4,5,42,28,25,34,4,9,52,26,11,18,4,0,0,0,0,0,4,6,5,31,12,17
0,0,0,0,2,0,0,2,10,11,11,14,4,5,42,28,25,34,4,9,52,26,11,18,4,0,0,0,0,0,4,6,5,31,12,17
0,0,0,0,2,0,0,2,10,11,11,15,4,5,42,28,25,34,4,9,52,26,11,18,4,0,0,0,0,0,4,6,5,31,12,17
0,0,0,0,2,0,0,2,10,11,11,15,4,5,43,28,25,34,4,9,52,26,11,18,4,0,0,0,0,0,4,6,5,31,12,17
0,0,0,0,2,0,0,2,10,11,11,15,4,5,43,27,25,34,4,10,52,26,11,18,4,0,0,0,0,0,4,6,5,31,12,18
0,0,0,0,2,0,0,2,10,11,11,15,4,5,43,27,25,34,4,10,52,26,11,18,4,0,0,0,0,0,4,6,5,31,12,18
0,0,0,0,2,0,0,2,10,11,11,15,4,5,43,27,25,34,4,10,52,26,11,17,4,0,0,0,0,0,4,7,5,31,12,18
0,0,0,0,2,0,0,2,10,11,11,15,4,5,43,27,25,34,4,10,52,26,11,17,4,0,0,0,0,0,4,7,5,32,12,18
0,0,0,0,2,0,0,2,10,11,11,15,4,5,43,28,25,34,4,10,52,26,11,17,4,0,0,0,0,0,4,7,5,32,12,18
0,0,0,0,2,0,0,2,10,11,11,15,4,5,43,28,25,34,4,10,52,26,11,17,5,0,0,0,0,0,4,7,5,32,12,18
0,0,0,0,2,0,0,2,10,11,11,15,4,5,43,28,25,34,4,10,52,26,11,17,5,0,0,0,0,0,4,7,5,32,12,18
0,0,0,0,2,0,0,2,10,12,11,15,4,5,43,28,25,34,4,10,52,26,11,17,5,0,0,0,0,0,4,7,5,32,12,18
0,0,0,0,2,0,0,2,10,12,11,15,4,5,43,28,25,34,4,10,52,26,11,17,5,0,0,0,0,0,4,7,5,32,12,18
0,0,0,0,2,0,0,2,10,12,11,15,4,5,43,28,25,34,4,10,52,26,11,17,5,0,0,0,0,0,4,7,5,32,12,18
0,0,0,0,2,0,0,2,10,12,11,15,4,5,43,28,25,34,4,10,52,26,11,17,5,0,0,0,0,0,4,7,5,32,12,18
0,0,0,0,2,0,0,2,10,11,11,15,4,5,43,28,25,34,4,10,52,26,10,17,5,0,0,0,0,0,4,7,5,32,11,18
0,0,0,0,2,0,0,2,10,11,11,15,4,5,43,28,25,34,4,10,52,26,10,17,5,0,0,0,0,0,4,7,5,32,11,18
0,0,0,0,2,0,0,2,10,11,11,15,4,5,43,28,25,34,4,10,52,26,10,17,5,0,0,0,0,0,4,7,5,32,11,18
0,0,0,0,2,0,0,2,10,11,11,15,4,5,43,28,25,34,4,10,52,26,10,17,5,0,0,0,0,0,4,7,5,32,11,18
0,0,0,0,2,0,0,2,10,11,11,15,4,6,43,28,25,34,4,10,52,26,10,17,5,0,0,0,0,0,4,7,5,32,11,18
0,0,0,0,2,0,0,2,10,11,11,15,4,6,43,28,25,34,4,10,52,26,10,17,5,0,0,0,0,0,4,7,5,32,12,18
0,0,0,0,2,0,0,2,10,11,11,15,4,6,43,28,25,34,4,10,52,26,10,17,5,0,0,0,0,0,4,7,5,32,12,18
0,0,0,0,2,0,0,2,10,11,11,15,4,6,43,28,25,34,4,10,52,26,11,17,5,0,0,0,0,0,4,7,5,32,12,18
0,0,0,0,2,0,0,2,10,11,11,15,4,6,43,28,25,34,4,10,52,26,11,17,5,0,0,0,0,0,4,7,5,32,12,18
0,0,0,0,2,0,0,2,10,11,11,14,4,6,43,28,25,34,4,10,52,26,11,17,5,0,0,0,0,0,4,7,5,32,12,18
0,0,0,0,2,0,0,2,9,11,11,14,4,6,43,28,25,34,4,10,52,26,11,17,5,0,0,0,0,0,4,7,5,32,12,18
0,0,0,0,2,0,0,2,9,11,11,14,4,6,42,28,25,34,4,10,52,26,11,17,5,0,0,0,0,0,4,7,5,32,12,18
0,0,0,0,2,0,0,2,9,11,11,14,4,6,42,28,25,35,4,10,52,26,11,17,5,0,0,0,0,0,4,7,5,32,12,18
0,0,0,0,2,0,0,2,9,11,11,14,4,6,42,28,25,35,4,10,52,26,11,17,5,0,0,0,0,0,4,7,5,32,12,18
0,0,0,0,2,0,0,2,9,11,11,14,4,6,42,28,25,35,4,10,52,26,11,17,5,0,0,0,0,0,4,7,5,32,12,18
0,0,0,0,2,0,0,2,9,11,11,14,4,7,42,28,25,35,4,10,52,26,11,17,5,0,0,0,0,0,4,7,5,32,12,18
0,0,0,0,3,0,0,2,9,11,11,15,5,7,42,28,25,35,4,10,52,26,11,17,5,0,0,0,0,0,4,7,6,32,12,18
0,0,0,0,3,0,0,2,9,12,11,15,5,6,42,28,25,35,4,10,53,26,11,17,5,0,0,0,0,0,4,7,6,32,12,18
0,0,0,0,3,0,0,2,9,12,11,15,5,6,42,28,25,35,4,10,53,26,11,17,5,0,0,0,0,0,4,7,6,32,12,18
0,0,0,0,3,0,0,2,9,12,11,14,5,6,42,28,25,34,4,10,53,27,11,17,5,0,0,0,0,0,4,7,6,32,12,18
0,0,0,0,3,0,0,2,9,12,11,14,5,6,42,27,25,34,4,10,53,27,11,17,5,0,0,0,0,0,4,7,5,32,12,18
0,0,0,0,3,0,0,2,9,12,11,14,5,6,41,27,25,34,4,10,53,27,11,17,5,0,0,0,0,0,4,7,5,32,12,18
0,0,0,0,3,0,0,2,9,12,11,14,5,6,41,27,25,34,4,10,53,27,11,17,5,0,0,0,0,0,4,7,5,32,12,18
0,0,0,0,3,0,0,2,9,12,11,14,5,6,41,27,25,34,4,10,53,27,11,17,4,0,0,0,0,0,4,7,5,32,12,18
0,0,0,0,3,0,0,3,9,12,11,14,5,6,41,27,25,34,4,11,53,27,11,17,4,0,0,0,0,0,4,7,5,32,12,18
0,0,0,0,3,0,0,3,10,12,11,14,5,6,42,27,25,35,4,10,52,27,11,17,4,0,0,0,0,0,4,7,5,32,12,18
0,0,0,0,3,0,0,3,10,12,11,14,5,6,42,27,25,35,4,10,52,27,11,17,4,0,0,0,0,0,4,7,5,32,12,18
0,0,0,0,3,0,0,3,10,12,12,14,5,7,42,27,25,35,4,10,52,27,11,17,4,0,0,0,0,0,4,7,5,32,12,19
0,0,0,0,3,0,0,4,10,12,12,14,5,7,42,27,25,35,4,10,52,27,11,17,4,0,0,0,0,0,4,7,5,32,12,19
0,0,0,0,3,0,0,4,10,12,12,14,5,7,42,27,25,35,4,10,52,27,11,17,5,0,0,0,0,0,4,7,5,32,12,19
0,0,0,0,3,0,0,4,10,12,12,14,5,7,42,27,25,35,4,10,52,27,11,17,5,0,0,0,0,0,4,7,5,32,12,19
0,0,0,0,3,0,0,4,10,12,12,14,5,7,42,27,25,35,4,10,52,27,11,17,5,0,0,0,0,0,4,7,5,32,12,19
0,0,0,0,3,0,0,3,10,12,12,14,5,7,42,27,25,35,4,10,52,27,11,17,5,0,0,0,0,0,4,7,5,32,12,19
0,0,0,0,3,0,0,3,10,12,12,14,5,7,42,27,25,35,4,10,52,27,11,17,5,0,0,0,0,0,4,7,5,33,12,19
0,0,0,0,3,0,0,3,10,12,12,14,5,7,42,28,25,35,4,10,51,27,11,17,5,0,0,0,0,0,4,6,5,33,12,19
0,0,0,0,3,0,0,3,10,12,12,14,5,7,42,28,25,35,4,10,51,27,11,17,5,0,0,0,0,0,4,6,5,33,12,19
0,0,0,0,3,0,0,3,10,12,12,15,5,7,42,28,25,35,5,10,51,26,11,17,5,0,0,0,0,0,4,6,5,33,12,18
0,0,0,0,3,0,0,3,10,12,12,15,5,7,42,28,25,35,5,10,51,26,11,17,5,0,0,0,0,0,4,6,5,33,12,18
0,0,0,0,3,0,0,3,10,12,12,15,5,7,42,28,25,35,5,10,51,26,11,17,5,0,0,0,0,0,4,6,5,33,12,18
0,0,0,0,3,0,0,3,10,12,12,15,5,7,41,28,25,35,5,10,51,26,11,17,5,0,0,0,0,0,4,6,5,33,12,18
0,0,0,0,3,0,0,3,10,12,12,15,6,7,41,28,25,35,5,10,51,26,11,17,5,0,0,0,0,0,4,6,5,33,12,18
0,0,0,0,3,0,0,3,10,12,12,15,6,7,41,28,25,35,5,10,51,26,11,17,5,0,0,0,0,0,5,6,5,33,12,18
0,0,0,0,3,0,0,3,10,12,12,15,6,7,41,28,25,35,5,10,51,26,11,17,5,0,0,0,0,0,5,6,5,33,12,18
0,0,0,0,3,0,0,3,10,12,12,15,6,7,41,28,25,35,5,10,51,26,11,17,5,0,0,0,0,0,5,6,5,33,12,18
0,0,0,0,3,0,0,3,10,12,12,15,6,6,41,28,25,35,5,10,51,26,11,17,5,0,0,0,0,0,5,6,5,33,12,18
0,0,0,0,3,0,0,3,10,12,12,15,6,6,41,28,25,35,5,10,51,26,11,17,5,0,0,0,0,0,5,6,5,33,12,18
0,0,0,0,3,0,0,3,10,12,12,15,6,6,41,28,25,35,5,10,51,26,11,17,5,0,0,0,0,0,5,6,5,33,12,18
0,0,0,0,3,0,0,3,10,12,12,15,6,6,41,28,25,35,5,10,51,26,11,17,5,0,0,0,0,0,5,6,5,33,12,18
0,0,0,0,3,0,0,3,10,12,12,15,6,6,41,28,25,35,5,10,51,26,11,17,5,0,0,0,0,0,5,6,5,33,12,18
0,0,0,0,3,0,0,3,10,12,12,15,6,6,41,28,25,34,5,10,51,26,10,17,5,0,0,0,0,0,5,6,5,33,12,18
0,0,0,0,3,0,0,3,10,12,12,15,6,6,41,28,25,34,4,10,51,26,10,17,5,0,0,0,0,0,5,6,5,33,12,18
0,0,0,0,3,0,0,3,10,12,12,15,6,6,41,28,25,34,4,10,51,26,10,17,5,0,0,0,0,0,5,6,5,33,12,18
0,0,0,0,3,0,0,3,10,12,12,15,6,6,40,28,25,34,4,10,51,26,10,17,6,0,0,0,0,0,5,6,5,33,12,18
0,0,0,0,3,0,0,3,10,12,12,15,6,6,40,28,25,34,4,10,51,26,10,17,6,0,0,0,0,0,5,6,5,33,12,18
0,0,0,0,3,0,0,3,10,12,12,15,6,6,40,28,25,34,4,10,51,26,10,17,6,0,0,0,0,0,5,6,5,33,12,18
0,0,0,0,3,0,0,3,10,12,12,15,6,6,40,28,25,34,5,10,51,26,10,17,6,0,0,0,0,0,5,6,5,33,12,18
0,0,0,0,3,0,0,3,10,12,12,15,6,7,40,28,25,34,5,10,51,26,10,17,6,0,0,0,0,0,5,6,5,33,12,18
0,0,0,0,3,0,0,3,10,12,12,15,6,7,40,27,25,34,5,10,51,26,10,17,6,0,0,0,0,0,5,6,5,33,12,18
0,0,0,0,3,0,0,3,10,12,12,15,6,7,40,27,25,33,5,10,50,26,10,17,5,0,0,0,0,0,5,6,5,33,12,18
0,0,0,0,3,0,0,3,10,12,12,15,6,6,40,27,25,33,5,10,50,26,10,17,5,0,0,0,0,0,5,6,5,33,12,18
0,0,0,0,3,0,0,3,10,12,12,15,6,6,40,27,25,33,5,10,50,26,10,17,5,0,0,0,0,0,5,6,5,33,12,18
0,0,0,0,3,0,0,3,10,12,12,15,6,6,40,27,25,33,5,9,51,26,10,17,5,0,0,0,0,0,5,6,5,33,12,18
0,0,0,0,3,0,0,4,10,12,12,15,6,6,40,27,25,33,5,9,51,26,10,17,5,0,0,0,0,0,5,6,5,32,12,18
0,0,0,0,3,0,0,4,10,11,12,15,6,6,40,27,25,33,5,9,51,26,10,17,5,0,0,0,0,0,5,6,6,32,12,18
0,0,0,0,3,0,0,4,10,11,12,15,6,6,40,27,25,33,5,9,51,26,10,17,5,0,0,0,0,0,5,6,6,32,12,18
0,0,0,0,3,0,0,4,10,11,12,15,6,6,40,27,25,33,5,9,51,26,10,17,5,0,0,0,0,0,5,6,6,32,12,18
0,0,0,0,4,0,0,4,10,11,12,15,6,6,40,27,25,33,5,9,51,26,10,17,5,0,0,0,0,0,5,6,6,32,12,18
0,0,0,0,4,0,0,3,10,11,12,15,6,6,40,27,25,33,5,9,51,25,10,17,5,0,0,0,0,0,5,7,6,32,12,18
0,0,0,0,4,0,0,3,10,11,12,14,6,6,40,27,24,33,5,9,51,25,10,17,5,0,0,0,0,0,5,7,6,32,12,18
0,0,0,0,4,0,0,3,10,11,12,14,6,6,40,27,24,33,5,9,51,25,10,17,5,0,0,0,0,0,5,7,6,32,12,18
0,0,0,0,4,0,0,3,10,11,12,14,6,6,40,27,24,33,4,9,51,25,10,17,5,0,0,0,0,0,5,7,6,32,12,18
0,0,0,0,4,0,0,3,10,11,12,14,5,6,40,27,24,33,4,9,51,25,10,17,5,0,0,0,0,0,5,7,6,32,12,18
0,0,0,0,4,0,0,3,10,11,12,14,5,6,40,27,24,33,4,9,51,25,10,17,5,0,0,0,0,0,5,7,6,32,12,18
0,0,0,0,4,0,0,3,10,11,12,14,5,6,40,27,24,33,4,9,51,25,10,17,6,0,0,0,0,0,5,7,6,32,12,18
0,0,0,0,4,0,0,3,10,12,12,14,5,6,40,27,24,33,4,9,51,25,10,17,6,0,0,0,0,0,5,7,6,32,12,18
0,0,0,0,4,0,0,3,10,12,12,14,5,6,40,27,24,33,4,9,51,25,10,17,6,0,0,0,0,0,5,7,6,32,12,18
0,0,0,0,4,0,0,3,10,12,11,15,5,6,40,27,24,33,4,9,51,25,10,17,6,0,0,0,0,0,5,7,6,32,12,18
0,0,0,0,4,0,0,3,10,12,11,15,5,7,40,27,24,33,4,9,51,25,10,17,6,0,0,0,0,0,5,7,6,32,12,18
0,0,0,0,4,0,0,3,10,12,11,15,5,7,40,27,24,33,4,9,51,25,10,17,6,0,0,0,0,0,5,7,6,32,12,18
0,0,0,0,4,0,0,3,10,12,11,15,5,7,40,27,24,33,4,9,51,25,10,17,6,0,0,0,0,0,5,7,6,32,12,18
0,0,0,0,4,0,0,3,11,12,11,15,5,7,40,27,24,33,4,9,51,25,10,17,6,0,0,0,0,0,5,7,6,32,12,18
0,0,0,0,4,0,0,3,11,12,11,15,5,7,40,27,24,33,4,9,51,25,10,17,6,0,0,0,0,0,5,7,6,32,12,18
0,0,0,0,4,0,0,3,11,12,11,15,5,7,40,27,24,33,4,9,51,25,10,17,6,0,0,0,0,0,5,7,6,32,12,18
0,0,0,0,4,0,0,3,11,12,11,15,5,7,40,27,24,33,4,9,51,25,10,16,6,0,0,0,0,0,5,7,6,32,12,17
0,0,0,0,4,0,0,3,11,12,11,15,5,7,40,27,24,33,4,9,51,25,10,16,5,0,0,0,0,0,5,7,6,32,12,17
0,0,0,0,4,0,0,3,11,12,11,15,5,7,40,27,24,33,4,9,51,25,10,16,5,0,0,0,0,0,5,7,6,32,12,17
0,0,0,0,4,0,0,3,11,12,11,15,5,7,40,27,24,33,4,9,50,25,10,16,5,0,0,0,0,0,5,7,6,32,11,17
0,0,0,0,4,0,0,3,11,12,11,15,5,7,40,27,24,33,4,9,50,25,10,16,5,0,0,0,0,0,5,7,6,32,11,17
0,0,0,0,4,0,0,3,11,12,11,15,5,7,39,27,24,33,4,9,50,25,10,16,5,0,0,0,0,0,5,7,6,32,11,17
0,0,0,0,4,0,0,3,11,12,11,15,5,7,39,27,24,33,4,9,50,25,10,16,5,0,0,0,0,0,5,7,7,32,11,17
0,0,0,0,4,0,0,4,11,12,11,15,5,6,39,27,24,33,4,9,50,25,10,16,5,0,0,0,0,0,5,7,7,32,11,17
0,0,0,0,3,0,0,4,10,12,11,15,5,6,39,26,24,33,4,9,50,25,10,16,5,0,0,0,0,0,5,7,7,32,11,16
0,0,0,0,3,0,0,3,10,11,11,15,5,6,39,26,24,32,4,9,50,25,10,16,5,0,0,0,0,0,5,7,7,32,11,16
0,0,0,0,3,0,0,3,10,11,11,15,5,6,39,26,24,32,4,9,50,25,10,16,6,0,0,0,0,0,5,7,7,32,11,16
0,0,0,0,3,0,0,3,10,11,11,16,5,6,39,26,24,32,4,9,50,25,10,16,6,0,0,0,0,0,5,7,7,32,11,16
0,0,0,0,3,0,0,3,10,11,10,16,5,6,39,26,24,32,4,9,50,25,10,16,6,0,0,0,0,0,5,7,7,32,11,16
0,0,0,0,3,0,0,3,10,11,10,16,5,6,39,26,24,32,4,9,50,25,10,17,6,0,0,0,0,0,5,7,7,32,11,16
0,0,0,0,3,0,0,3,10,11,10,16,5,6,39,26,24,33,4,9,50,25,10,17,6,0,0,0,0,0,5,7,7,32,11,16
0,0,0,0,3,0,0,3,10,11,10,16,5,6,40,26,24,33,4,9,50,25,10,17,5,0,0,0,0,0,5,7,7,31,11,16
0,0,0,0,3,0,0,3,10,11,10,16,5,6,40,26,24,33,4,9,50,25,10,17,5,0,0,0,0,0,5,7,7,31,11,16
0,0,0,0,2,0,0,3,10,11,11,16,5,6,40,26,24,33,4,9,50,25,10,17,5,0,0,0,0,0,4,7,7,31,11,16
0,0,0,0,3,0,0,3,10,11,11,16,5,7,39,26,24,33,4,9,50,25,10,17,5,0,0,0,0,0,4,7,7,31,11,16
0,0,0,0,3,0,0,3,10,11,11,16,5,7,39,26,24,33,4,9,50,25,10,17,5,0,0,0,0,0,4,7,7,31,11,16
0,0,0,0,3,0,0,3,10,11,11,16,5,7,39,27,24,33,4,9,50,25,10,17,5,0,0,0,0,0,4,7,7,31,11,16
0,0,0,0,2,0,0,3,10,11,11,16,5,6,39,27,24,33,4,9,50,25,10,17,4,0,0,0,0,0,4,7,7,31,11,16
0,0,0,0,2,0,0,3,10,11,11,16,5,6,39,27,24,33,4,9,50,25,10,17,4,0,0,0,0,0,4,7,7,31,11,16
0,0,0,0,2,0,0,3,10,11,11,16,5,6,39,27,24,33,4,9,50,25,10,17,4,0,0,0,0,0,4,7,7,31,11,15
0,0,0,0,1,0,0,3,10,11,11,16,5,6,39,27,24,33,4,9,50,25,10,17,4,0,0,0,0,0,4,7,7,31,11,15
0,0,0,0,1,0,0,3,10,11,11,16,5,6,39,27,24,33,4,9,50,25,10,17,4,0,0,0,0,0,4,6,7,31,11,15
0,0,0,0,1,0,0,3,10,11,11,16,5,6,39,27,24,33,4,9,50,25,10,17,4,0,0,0,0,0,4,6,7,31,11,15
0,0,0,0,1,0,0,3,10,11,11,16,5,6,39,27,24,33,4,9,50,25,10,17,4,0,0,0,0,0,4,6,7,31,11,15
0,0,0,0,1,0,0,3,10,11,11,15,5,6,39,27,24,33,5,9,50,25,10,17,4,0,0,0,0,0,4,6,7,31,11,15
0,0,0,0,2,0,0,3,10,11,11,15,5,6,39,27,24,33,5,9,49,25,10,17,4,0,0,0,0,0,4,6,7,31,11,15
0,0,0,0,2,0,0,3,10,11,11,15,4,6,39,27,24,33,5,9,49,25,10,17,4,0,0,0,0,0,4,6,7,31,11,15
0,0,0,0,2,0,0,3,10,11,11,15,4,6,39,27,24,33,5,9,49,25,10,17,4,0,0,0,0,0,4,6,7,31,11,15
0,0,0,0,2,0,0,3,10,11,11,15,4,6,39,27,24,33,5,9,49,24,9,17,4,0,0,0,0,0,4,6,7,31,11,15
0,0,0,0,2,0,0,3,10,11,11,15,4,6,39,27,24,33,5,9,49,24,9,17,4,0,0,0,0,0,4,7,7,31,11,15
0,0,0,0,2,0,0,2,10,11,11,15,4,6,39,27,24,33,5,9,49,24,9,17,4,0,0,0,0,0,4,7,7,31,11,15
0,0,0,0,2,0,0,2,10,11,11,15,4,6,39,27,24,33,5,9,49,25,9,17,3,0,0,0,0,0,4,7,7,31,11,15
0,0,0,0,2,0,0,2,10,11,11,15,4,6,39,27,24,33,5,9,49,25,9,17,3,0,0,0,0,0,5,7,7,31,11,15
0,0,0,0,2,0,0,2,10,11,11,15,4,6,39,27,24,33,5,9,49,25,9,17,3,0,0,0,0,0,5,7,7,31,11,15
0,0,0,0,2,0,0,2,10,11,11,15,4,6,39,26,24,33,5,9,49,25,9,17,3,0,0,0,0,0,4,7,7,31,11,15
0,0,0,0,2,0,0,2,10,11,11,15,4,6,39,26,24,33,5,9,49,25,9,17,4,0,0,0,0,0,4,7,7,31,11,15
0,0,0,0,2,0,0,2,10,11,11,15,4,6,39,26,24,33,5,9,49,25,9,17,4,0,0,0,0,0,4,7,6,31,11,15
0,0,0,0,2,0,0,2,10,11,11,14,4,6,39,26,24,33,5,9,49,25,9,17,4,0,0,0,0,0,4,7,6,31,11,15
0,0,0,0,2,0,0,2,10,11,11,14,4,6,39,26,24,33,5,9,49,25,9,17,4,0,0,0,0,0,4,6,6,31,11,15
0,0,0,0,2,0,0,2,10,11,11,14,4,6,39,26,24,33,5,9,49,25,9,17,3,0,0,0,0,0,5,6,6,31,11,15
0,0,0,0,2,0,0,2,10,11,11,14,4,6,39,26,23,33,5,9,49,25,9,17,3,0,0,0,0,0,5,6,6,31,11,15
0,0,0,0,2,0,0,2,10,11,11,14,4,6,39,26,23,33,5,9,49,25,9,17,3,0,0,0,0,0,5,6,6,31,11,15
0,0,0,0,2,0,0,2,10,11,11,14,3,6,39,26,23,33,5,9,49,25,9,17,3,0,0,0,0,0,5,7,6,31,11,15
