0,0,0,0,0,0,0,0,0,0,0,0,2,0,0,0,3,5,0,10,0,0,0,0,1,0,57,59,58,58,0,0,0,0,0,0
0,0,0,0,0,0,0,0,0,0,0,0,1,0,0,0,3,5,1,9,0,0,0,0,1,0,53,53,54,53,0,0,0,0,0,0
0,0,0,0,0,0,0,0,0,0,0,0,1,0,0,0,3,4,1,9,0,0,0,0,1,0,49,48,49,49,0,0,0,0,0,0
0,0,0,0,0,0,0,0,0,0,0,0,1,1,0,0,3,4,1,8,0,0,0,0,1,0,46,44,45,45,0,0,0,0,0,0
0,0,0,0,0,0,0,0,0,0,0,0,1,1,0,0,3,4,2,8,0,0,0,0,1,0,43,39,40,40,0,0,0,0,0,0
0,0,0,0,0,0,0,0,0,0,0,0,1,1,1,0,3,4,2,7,0,0,0,0,1,0,39,35,37,37,0,0,0,0,0,0
0,0,0,0,0,0,0,0,0,0,0,0,1,1,1,0,2,4,2,7,0,0,0,0,1,0,36,32,33,33,0,0,0,0,0,0
0,0,0,0,0,0,0,0,0,0,0,0,1,1,1,0,2,4,2,6,0,0,0,0,1,0,33,28,30,30,0,0,0,0,0,0
0,0,0,0,0,0,0,0,0,0,0,1,1,1,1,0,2,4,2,6,0,0,0,0,1,0,31,25,27,28,0,0,0,0,0,0
0,0,0,0,0,0,0,0,0,0,0,1,1,0,1,0,1,4,2,5,0,0,0,0,1,0,28,22,24,26,0,0,0,0,0,0
0,0,0,0,0,0,0,0,0,0,0,1,1,0,1,0,1,4,2,4,0,0,0,0,1,0,25,19,22,23,0,0,0,0,0,0
0,0,0,0,0,0,0,0,0,0,0,1,1,1,1,0,1,4,1,3,0,0,0,0,1,0,25,19,21,23,0,0,0,0,0,0
0,0,0,0,0,0,0,0,0,0,0,1,1,1,0,0,1,4,1,3,0,0,0,0,1,0,27,22,24,25,0,0,0,0,0,0
0,0,0,0,0,0,0,0,0,0,0,1,1,1,0,0,0,4,1,2,0,0,0,0,0,0,31,29,29,29,0,0,0,0,0,0
0,0,0,0,0,0,0,0,0,0,0,1,1,1,0,0,0,4,1,2,0,0,0,0,0,0,37,37,35,35,0,0,0,0,0,0
0,0,0,0,0,0,0,0,0,0,0,1,1,0,0,0,0,4,1,2,0,0,0,0,0,0,44,46,41,41,0,0,0,0,0,0
0,0,0,0,0,0,0,0,0,0,0,1,1,0,0,0,0,3,1,2,0,0,0,0,0,0,50,53,48,48,0,0,0,0,0,0
0,0,0,0,0,0,0,0,0,0,0,1,1,0,0,0,0,3,1,2,0,0,0,0,0,0,55,60,53,53,0,0,0,0,0,0
0,0,0,0,0,0,0,0,0,0,0,1,1,0,0,0,0,2,1,2,0,0,0,0,0,0,60,67,59,57,0,0,0,0,0,0
0,0,0,0,0,0,0,0,0,0,0,1,1,0,0,0,0,2,0,1,0,0,0,0,0,0,65,73,64,62,0,0,0,0,0,0
0,0,0,0,0,0,0,0,0,0,0,1,1,0,0,0,0,2,0,0,3,0,0,0,0,0,68,77,68,66,0,0,0,0,0,0
0,0,0,0,0,0,0,0,0,0,0,1,1,0,0,0,0,2,0,0,5,0,0,0,0,0,71,81,72,69,0,0,0,0,0,0
0,0,0,0,0,0,0,0,0,0,0,1,1,0,0,0,0,1,0,0,7,0,0,0,0,0,74,85,75,72,0,0,0,0,0,0
0,0,0,0,0,0,0,0,0,0,0,1,1,0,0,0,0,1,0,0,9,0,0,0,0,0,77,88,78,75,0,0,0,0,0,0
0,0,0,0,0,0,0,0,0,0,0,1,1,0,0,0,0,1,0,0,11,0,0,0,0,0,80,91,81,78,0,0,0,0,0,0
0,0,0,0,0,0,0,0,0,0,0,1,1,0,0,0,0,1,0,0,12,0,0,0,0,0,82,93,84,81,0,0,0,0,0,0
0,0,0,0,0,0,0,0,0,0,0,1,1,0,0,0,0,1,0,0,13,0,0,0,0,0,85,95,88,84,0,0,0,0,0,0
0,0,0,0,0,0,0,0,0,0,0,1,1,0,0,0,0,1,0,0,14,0,0,0,0,0,88,97,91,87,0,0,0,0,0,0
0,0,0,0,0,0,0,0,0,0,0,1,1,0,0,0,0,1,0,0,14,0,0,0,0,0,91,99,93,89,0,0,0,0,0,0
0,0,0,0,0,0,0,0,0,0,0,1,1,0,0,0,0,1,0,0,14,0,0,0,0,0,94,101,96,91,0,0,0,0,0,0
0,0,0,0,0,0,0,0,0,0,0,1,1,0,0,0,0,1,0,1,15,0,0,0,0,0,97,103,98,93,0,0,0,0,0,0
0,0,0,0,0,0,0,0,0,0,0,1,2,0,0,0,0,1,1,4,14,0,0,0,0,0,100,104,99,95,0,0,0,0,0,0
0,0,0,0,0,0,0,0,0,0,0,1,1,0,0,0,0,1,1,7,13,0,0,0,1,0,102,107,101,96,0,0,0,0,0,0
0,0,0,0,0,0,0,0,0,0,0,1,1,0,0,0,0,1,1,10,10,0,0,0,1,0,104,108,103,98,0,0,0,0,0,0
0,0,0,0,0,0,0,0,0,0,0,1,1,0,0,0,0,1,1,14,7,0,0,0,1,0,107,109,104,100,0,0,0,0,0,0
0,0,0,0,0,0,0,0,0,0,0,1,1,0,0,0,0,1,1,17,3,0,0,0,1,0,108,110,106,101,0,0,0,0,0,0
0,0,0,0,0,0,0,0,0,0,0,1,1,0,0,0,0,1,1,20,0,0,0,0,1,0,109,111,108,102,0,0,0,0,0,0
0,0,0,0,0,0,0,0,0,0,0,1,1,0,0,0,0,1,1,24,0,0,0,0,1,0,111,113,109,104,0,0,0,0,0,0
0,0,0,0,0,0,0,0,0,0,0,1,2,0,0,0,0,1,0,27,0,0,0,0,1,0,111,113,111,105,0,0,0,0,0,0
0,0,0,0,0,0,0,0,0,0,0,0,2,0,0,0,0,2,0,29,0,0,0,0,1,0,112,114,112,107,0,0,0,0,0,0
0,0,0,0,0,0,0,0,0,0,0,0,2,0,0,0,0,2,0,31,0,0,0,0,1,0,112,115,112,108,0,0,0,0,0,0
0,0,0,0,0,0,0,0,0,0,0,0,2,0,0,0,1,3,0,33,0,0,0,0,1,0,112,115,113,109,0,0,0,0,0,0
0,0,0,0,0,0,0,0,0,0,0,0,2,0,0,0,1,3,0,34,0,0,0,0,1,0,113,116,114,109,0,0,0,0,0,0
0,0,0,0,0,0,0,0,0,0,0,0,2,0,0,0,1,3,0,35,0,0,0,0,1,0,111,114,112,108,0,0,0,0,0,0
0,0,0,0,0,0,0,0,0,0,0,0,2,0,0,0,2,3,0,36,0,0,0,0,1,0,106,110,108,103,0,0,0,0,0,0
0,0,0,0,0,0,0,0,0,0,0,0,2,0,0,0,2,3,0,36,0,0,0,0,1,0,99,103,101,96,0,0,0,0,0,0
0,0,0,0,0,0,0,0,0,0,0,0,2,0,0,0,2,3,0,36,0,0,0,0,1,0,90,94,92,88,0,0,0,0,0,0
0,0,0,0,0,0,0,0,0,0,0,0,2,0,0,0,2,2,1,36,0,0,0,0,1,0,81,86,84,80,0,0,0,0,0,0
0,0,0,0,0,0,0,0,0,0,0,0,1,0,0,0,2,2,1,35,0,0,0,0,0,0,73,77,77,74,0,0,0,0,0,0
0,0,0,0,0,0,0,0,0,0,0,0,1,0,0,0,2,2,1,34,0,0,0,0,0,0,66,70,70,67,0,0,0,0,0,0
0,0,0,0,0,0,0,0,0,0,0,0,1,0,0,0,2,2,1,33,0,0,0,0,0,0,59,65,64,61,0,0,0,0,0,0
0,0,0,0,0,0,0,0,0,0,0,0,1,0,0,0,2,2,1,31,0,0,0,0,0,0,54,58,58,56,0,0,0,0,0,0
0,0,0,0,0,0,0,0,0,0,0,0,1,0,0,0,2,2,1,29,0,0,0,0,0,0,48,53,53,51,0,0,0,0,0,0
0,0,0,0,0,0,0,0,0,0,0,0,1,0,0,0,2,2,1,26,0,0,0,0,0,0,44,48,48,46,0,0,0,0,0,0
0,0,0,0,0,0,0,0,0,0,0,0,1,0,0,0,2,2,1,24,0,0,0,0,0,0,39,43,44,43,0,0,0,0,0,0
0,0,0,0,0,0,0,0,0,0,0,0,0,0,0,0,2,2,1,22,0,0,0,0,0,0,35,39,40,38,0,0,0,0,0,0
0,0,0,0,0,0,0,0,0,0,0,0,0,0,0,0,2,2,1,19,0,0,0,0,0,0,32,35,35,35,0,0,0,0,0,0
0,0,0,0,0,0,0,0,0,0,0,0,0,0,0,0,2,1,1,17,1,0,0,0,0,0,29,31,32,32,0,0,0,0,0,0
0,0,0,0,0,0,0,0,0,0,0,0,0,0,0,0,1,1,1,16,2,0,0,0,0,0,27,28,29,29,0,0,0,0,0,0
0,0,0,0,0,0,0,0,0,0,0,0,0,0,0,0,1,1,1,14,2,0,0,0,0,0,24,25,26,26,0,0,0,0,0,0
0,0,0,0,0,0,0,0,0,0,0,0,0,0,0,0,1,1,1,12,2,0,0,0,0,0,22,22,23,24,0,0,0,0,0,0
0,0,0,0,0,0,0,0,0,0,0,0,0,0,0,0,1,1,1,12,2,0,0,0,0,0,20,19,19,21,0,0,0,0,0,0
0,0,0,0,0,0,0,0,0,0,0,0,0,0,0,0,0,0,1,10,1,0,0,0,0,0,18,17,17,19,0,0,0,0,0,0
0,0,0,0,0,0,0,0,0,0,0,0,0,0,0,0,0,0,1,9,1,1,0,0,0,0,17,15,14,16,0,0,0,0,0,0
0,0,0,0,0,0,0,0,0,0,0,0,1,0,0,0,0,0,1,9,0,3,0,0,0,0,17,12,12,15,0,0,0,0,0,0
0,0,0,0,0,0,0,0,0,0,0,0,1,0,0,0,0,0,1,8,1,4,0,0,0,0,15,11,10,13,0,0,0,0,0,0
0,0,0,0,0,0,0,0,0,0,0,0,1,0,0,0,0,0,1,7,0,5,0,0,0,0,14,9,9,11,0,0,0,0,0,0
0,0,0,0,0,0,0,0,0,0,0,0,1,0,0,0,0,0,1,6,0,5,0,0,0,0,12,7,7,10,0,0,0,0,0,0
0,0,0,0,0,0,0,0,0,0,0,0,1,0,0,0,0,0,1,6,0,6,0,0,0,0,12,6,6,8,0,0,0,0,0,0
0,0,0,0,0,0,0,0,0,0,0,0,0,0,0,0,0,0,1,5,0,6,0,0,0,0,11,4,4,7,0,0,0,0,0,0
0,0,0,0,0,0,0,0,0,0,0,0,0,0,0,0,0,0,1,4,0,7,0,0,0,0,11,3,3,5,0,0,0,0,0,0
0,0,0,0,0,0,0,0,0,0,0,0,0,0,0,0,0,0,1,4,0,7,0,0,0,0,9,1,1,4,0,0,0,0,0,0
0,0,0,0,0,0,0,0,0,0,0,0,0,0,0,0,0,0,1,3,0,7,0,0,0,0,9,0,0,2,0,0,0,0,0,0
0,0,0,0,0,0,0,0,0,0,0,0,0,0,0,0,0,0,1,3,0,7,0,0,0,0,9,0,0,1,0,0,0,0,0,0
0,0,0,0,0,0,0,0,0,0,0,0,0,0,0,0,0,0,1,2,0,7,0,0,0,0,9,0,0,0,0,0,0,0,0,0
0,0,0,0,0,0,0,0,0,0,0,0,0,0,0,0,0,0,0,2,0,7,0,0,0,0,8,0,0,0,0,0,0,0,0,0
0,0,0,0,0,0,0,0,0,0,0,0,0,0,0,0,0,0,0,2,0,6,0,0,0,0,6,0,0,0,0,0,0,0,0,0
0,0,0,0,0,0,0,0,0,0,0,0,0,0,0,0,0,0,0,1,0,6,0,0,0,0,5,0,0,0,0,0,0,0,0,0
0,0,0,0,0,0,0,0,0,0,0,0,0,0,0,0,0,0,0,1,0,5,0,0,0,0,3,0,0,0,0,0,0,0,0,0
0,0,0,0,0,0,0,0,0,0,0,0,0,0,0,0,0,0,0,1,0,5,0,0,0,0,2,0,0,0,0,0,0,0,0,0
0,0,0,0,0,0,0,0,0,0,0,0,0,0,0,0,0,0,0,1,0,5,0,0,0,0,3,0,0,0,0,0,0,0,0,0
0,0,0,0,0,0,0,0,0,0,0,0,0,0,0,0,0,0,0,0,0,4,0,0,0,0,7,2,2,4,0,0,0,0,0,0
0,0,0,0,0,0,0,0,0,0,0,0,0,0,0,0,0,0,0,0,0,4,0,0,0,0,13,9,8,10,0,0,0,0,0,0
0,0,0,0,0,0,0,0,0,0,0,0,0,0,0,0,0,0,0,0,0,3,0,0,0,0,21,18,17,18,0,0,0,0,0,0
0,0,0,0,0,0,0,0,0,0,0,0,0,0,0,0,0,0,0,0,0,3,0,0,0,0,29,28,26,26,0,0,0,0,0,0
0,0,0,0,0,0,0,0,0,0,0,0,0,0,0,0,0,0,0,0,0,3,0,0,0,0,35,36,33,32,0,0,0,0,0,0
0,0,0,0,0,0,0,0,0,0,0,0,0,0,0,0,0,0,0,0,0,2,0,0,0,0,41,44,39,38,0,0,0,0,0,0
0,0,0,0,0,0,0,0,0,0,0,0,0,0,0,0,0,0,0,0,2,1,0,0,0,0,48,50,46,45,0,0,0,0,0,0
0,0,0,0,0,0,0,0,0,0,0,0,0,0,0,0,0,0,0,1,5,0,0,0,0,0,54,56,52,51,0,0,0,0,0,0
0,0,0,0,0,0,0,0,0,0,0,0,0,0,0,0,0,0,0,1,7,0,0,0,0,0,60,61,57,55,0,0,0,0,0,0
0,0,0,0,0,0,0,0,0,0,0,0,0,0,0,0,0,0,0,1,10,0,0,0,0,0,66,66,63,60,0,0,0,0,0,0
0,0,0,0,0,0,0,0,0,0,0,0,0,0,0,0,0,0,0,3,11,0,0,0,0,0,72,70,68,64,0,0,0,0,0,0
0,0,0,0,0,0,0,0,0,0,0,0,0,0,0,0,0,0,0,6,12,0,0,0,0,0,77,75,72,68,0,0,0,0,0,0
0,0,0,0,0,0,0,0,0,0,0,0,0,0,0,0,0,0,0,9,12,0,0,0,0,0,80,78,76,71,0,0,0,0,0,0
0,0,0,0,0,0,0,0,0,0,0,0,0,0,0,0,0,0,0,13,11,0,0,0,0,0,84,82,80,74,0,0,0,0,0,0
0,0,0,0,0,0,0,0,0,0,0,0,0,0,0,0,0,0,0,17,10,0,0,0,0,0,86,83,81,76,0,0,0,0,0,0
0,0,0,0,0,0,0,0,0,0,0,0,0,0,0,0,0,0,0,21,9,0,0,0,0,0,83,81,79,75,0,0,0,0,0,0
0,0,0,0,0,0,0,0,0,0,0,0,0,0,0,0,0,0,0,24,8,0,0,0,0,0,79,76,74,72,0,0,0,0,0,0
0,0,0,0,0,0,0,0,0,0,0,0,0,0,0,0,0,0,0,27,7,0,0,0,0,0,73,70,69,67,0,0,0,0,0,0
0,0,0,0,0,0,0,0,0,0,0,0,0,0,0,0,0,0,0,30,7,0,0,0,0,0,67,64,62,61,0,0,0,0,0,0
0,0,0,0,0,0,0,0,0,0,0,0,0,0,0,0,0,0,0,32,6,0,0,0,0,0,61,58,57,56,0,0,0,0,0,0
0,0,0,0,0,0,0,0,0,0,0,0,0,0,0,0,0,0,0,33,3,0,0,0,0,0,55,52,52,51,0,0,0,0,0,0
0,0,0,0,0,0,0,0,0,0,0,0,0,0,0,0,1,0,0,34,0,0,0,0,0,0,50,47,48,46,0,0,0,0,0,0
0,0,0,0,0,0,0,0,0,0,0,0,0,0,0,0,1,0,0,35,0,0,0,0,0,0,45,43,43,42,0,0,0,0,0,0
0,0,0,0,0,0,0,0,0,0,0,0,0,0,0,0,1,0,0,35,0,0,0,0,0,0,40,38,39,38,0,0,0,0,0,0
0,0,0,0,0,0,0,0,0,0,0,0,0,0,0,0,1,0,0,35,0,0,0,0,0,0,35,34,35,36,0,0,0,0,0,0
0,0,0,0,0,0,0,0,0,0,0,0,0,0,0,0,1,0,0,34,0,0,0,0,0,0,31,30,32,35,0,0,0,0,0,0
0,0,0,0,0,0,0,0,0,0,0,0,0,0,0,0,2,0,0,33,0,0,0,0,0,0,30,30,32,38,0,0,0,0,0,0
0,0,0,0,0,0,0,0,0,0,0,0,0,0,0,0,2,0,0,32,0,0,0,0,0,0,31,32,34,42,0,0,0,0,0,0
0,0,0,0,0,0,0,0,0,0,0,0,0,0,0,0,2,0,0,30,0,0,0,0,0,0,36,36,38,48,0,0,0,0,0,0
0,0,0,0,0,0,0,0,0,0,0,0,0,0,0,0,2,0,0,28,2,0,0,0,0,0,43,42,44,53,0,0,0,0,0,0
0,0,0,0,0,0,0,0,0,0,0,0,0,0,0,0,2,0,0,26,4,0,0,0,0,0,49,48,50,57,0,0,0,0,0,0
0,0,0,0,0,0,0,0,0,0,0,0,0,0,0,0,2,0,0,24,6,0,0,0,0,0,54,54,56,62,0,0,0,0,0,0
0,0,0,0,0,0,0,0,0,0,0,0,0,0,0,0,2,0,0,22,8,0,0,0,0,0,60,59,60,66,0,0,0,0,0,0
0,0,0,0,0,0,0,0,0,0,0,0,0,0,0,0,2,0,0,20,8,0,0,0,0,0,65,64,65,69,0,0,0,0,0,0
0,0,0,0,0,0,0,0,0,0,0,0,0,0,0,0,1,0,0,17,8,0,0,0,0,0,69,69,69,72,0,0,0,0,0,0
0,0,0,0,0,0,0,0,0,0,0,0,0,0,0,0,1,0,0,16,7,0,0,0,0,0,73,74,72,75,0,0,0,0,0,0
0,0,0,0,0,0,0,0,0,0,0,0,0,0,0,0,0,0,0,14,7,0,0,0,0,0,76,76,73,77,0,0,0,0,0,0
0,0,0,0,0,0,0,0,0,2,0,0,0,0,0,0,0,0,0,12,6,0,0,0,0,0,76,75,72,75,0,0,0,0,0,0
0,0,0,0,0,0,0,0,0,2,0,0,0,0,0,0,0,0,0,11,5,1,0,0,0,0,75,71,68,71,0,0,0,0,0,0
0,0,0,0,0,0,0,0,0,2,0,0,0,0,0,0,0,0,0,10,5,3,0,0,0,0,71,65,62,65,0,0,0,0,0,0
0,0,0,0,0,0,0,0,0,2,0,0,0,0,0,0,0,0,0,10,4,4,0,0,0,0,65,59,57,60,0,0,0,0,0,0
0,0,0,0,0,0,0,0,0,2,0,0,0,0,0,0,0,0,0,9,4,5,0,0,0,0,58,53,52,54,0,0,0,0,0,0
0,0,0,0,0,0,0,0,0,2,0,0,0,0,0,0,0,0,0,8,3,5,0,0,1,0,54,48,47,50,0,0,0,0,0,0
0,0,0,0,0,0,0,0,0,2,0,0,0,0,0,0,0,0,0,7,3,6,0,0,1,0,49,43,43,45,0,0,0,0,0,0
0,0,0,0,0,0,0,0,0,2,0,0,0,0,0,0,0,0,0,7,2,6,0,0,1,0,44,38,38,41,0,0,0,0,0,0
0,0,0,0,0,0,0,0,0,2,0,0,0,0,0,0,0,0,0,6,2,6,0,0,1,0,43,36,37,39,0,0,0,0,0,0
0,0,0,0,0,0,0,0,0,3,0,0,0,0,0,0,0,0,0,6,2,5,0,0,1,0,44,37,38,41,0,0,0,0,0,0
0,0,0,0,0,0,0,0,0,3,0,0,0,0,0,0,0,0,0,5,2,4,0,0,1,0,47,41,42,44,0,0,0,0,0,0
0,0,0,0,0,0,0,0,0,3,0,0,0,0,0,0,0,0,0,5,2,3,0,0,1,0,53,47,48,49,0,0,0,0,0,0
0,0,0,0,0,0,0,0,0,4,0,0,0,0,0,0,0,0,0,4,3,2,0,0,1,0,57,53,54,54,0,0,0,0,0,0
0,0,0,0,0,0,0,0,0,4,0,0,0,0,0,0,0,0,0,4,4,1,0,0,1,0,61,59,59,58,0,0,0,0,0,0
0,0,0,0,0,0,0,0,0,5,0,0,0,0,0,0,0,0,0,3,5,0,0,0,1,0,66,64,64,62,0,0,0,0,0,0
0,0,0,0,0,0,0,0,1,4,0,0,0,0,0,0,0,0,0,3,6,0,0,0,1,0,70,69,68,67,0,0,0,0,0,0
0,0,0,0,0,0,0,0,3,4,0,0,0,0,0,0,0,0,0,2,7,0,0,0,1,0,74,70,70,69,0,0,0,0,0,0
0,0,0,0,0,0,0,0,6,4,0,0,0,0,0,0,0,0,0,3,7,0,0,0,1,0,78,72,72,70,0,0,0,0,0,0
0,0,0,0,0,0,0,0,8,4,0,0,0,0,0,0,0,0,0,3,6,0,0,0,1,0,81,74,74,72,0,0,0,0,0,0
0,0,0,0,0,0,0,0,10,4,0,0,0,0,0,0,0,0,0,4,6,0,0,0,1,0,84,74,73,71,0,0,0,0,0,0
0,0,0,0,0,0,0,0,11,3,0,0,0,0,0,0,0,0,0,6,5,0,0,0,1,0,88,74,73,70,0,0,0,0,0,0
0,0,0,0,0,0,0,0,11,3,0,0,0,0,0,0,0,0,0,8,4,0,0,0,1,0,90,73,73,70,0,0,0,0,0,0
0,0,0,0,0,0,0,0,12,3,0,0,0,0,0,0,0,0,0,11,3,0,0,0,1,0,93,73,72,69,0,0,0,0,0,0
0,0,0,0,0,0,0,0,12,3,0,0,0,0,0,0,0,0,0,14,2,0,0,0,1,0,95,75,75,71,0,0,0,0,0,0
0,0,0,0,0,0,0,0,12,3,0,0,0,0,0,0,0,0,0,17,1,0,0,0,1,0,97,79,79,74,0,0,0,0,0,0
0,0,0,0,0,0,0,0,12,2,0,0,0,0,0,0,0,0,0,19,0,0,0,0,1,0,98,82,82,77,0,0,0,0,0,0
0,0,0,0,0,0,0,0,12,2,0,0,0,0,0,0,0,0,0,20,0,0,0,0,1,0,99,86,85,80,0,0,0,0,0,0
0,0,0,0,0,0,0,0,12,1,0,0,0,0,0,0,0,0,0,22,0,0,0,0,1,0,100,89,88,83,0,0,0,0,0,0
0,0,0,0,0,0,0,0,11,1,0,0,0,0,0,0,0,0,0,23,0,0,0,0,1,0,99,89,89,84,0,0,0,0,0,0
0,0,0,0,0,0,0,0,10,1,0,0,0,0,0,0,0,0,0,22,0,0,0,0,1,0,95,87,87,82,0,0,0,0,0,0
0,0,0,0,0,0,0,0,9,0,0,0,0,0,0,0,0,0,0,21,0,0,0,0,1,0,89,81,81,77,0,0,0,0,0,0
0,0,0,0,0,0,0,0,10,0,0,0,0,0,0,0,0,0,0,20,0,0,0,0,1,0,80,74,74,71,0,0,0,0,0,0
0,0,0,0,0,0,0,0,10,0,0,0,0,0,0,0,0,0,0,18,0,0,0,0,1,0,73,67,68,65,0,0,0,0,0,0
0,0,0,0,0,0,0,0,11,0,0,1,0,0,0,0,0,0,0,17,0,0,0,0,1,0,67,61,62,59,0,0,0,0,0,0
0,0,0,0,0,0,0,0,11,1,0,1,0,0,0,0,0,0,0,16,0,0,0,0,1,0,60,55,56,54,0,0,0,0,0,0
0,0,0,0,0,0,0,0,11,1,0,1,0,0,0,0,0,0,0,15,0,0,0,0,1,0,55,50,52,50,0,0,0,0,0,0
0,0,0,0,0,0,0,0,11,2,0,2,0,0,0,0,0,0,0,14,0,0,0,0,1,0,50,46,47,46,0,0,0,0,0,0
0,0,0,0,0,0,0,0,10,4,0,2,0,0,0,0,0,0,0,12,0,0,0,0,1,0,46,41,44,43,0,0,0,0,0,0
0,0,0,0,0,0,0,0,9,6,0,2,0,0,0,0,0,1,0,11,1,0,0,0,1,0,43,37,39,38,0,0,0,0,0,0
0,0,0,0,0,0,0,0,9,8,0,2,0,0,0,0,0,1,0,11,2,0,0,0,1,0,39,33,36,35,0,0,0,0,0,0
0,0,0,0,0,0,0,0,8,8,0,2,0,0,0,0,0,1,0,10,2,0,0,0,1,0,36,31,33,32,0,0,0,0,0,0
0,0,0,0,0,0,0,0,7,9,0,2,0,0,0,0,0,0,0,9,2,0,0,0,1,0,34,27,30,30,0,0,0,0,0,0
0,0,0,0,0,0,0,0,7,9,0,3,0,0,0,0,0,0,1,9,2,0,0,0,1,0,32,25,26,26,0,0,0,0,0,0
0,0,0,0,0,0,0,0,6,9,0,3,0,0,0,0,0,0,1,8,2,0,0,0,1,0,30,23,23,24,0,0,0,0,0,0
0,0,0,0,0,0,0,0,6,9,1,3,0,0,0,0,0,0,1,7,2,0,0,0,1,0,27,20,21,22,0,0,0,0,0,0
0,0,0,0,0,0,0,0,5,9,2,3,0,0,0,0,0,0,1,7,2,0,0,0,1,0,26,18,18,20,0,0,0,0,0,0
0,0,0,0,0,0,0,0,5,9,3,3,0,0,0,0,0,0,1,6,2,0,0,0,1,0,24,15,15,17,0,0,0,0,0,0
0,0,0,0,0,0,0,0,4,9,3,3,0,0,0,0,0,0,1,5,2,0,0,0,1,0,23,14,13,16,0,0,0,0,0,0
0,1,0,0,0,0,0,0,4,8,4,3,0,0,0,0,0,0,1,5,2,0,0,0,1,0,21,12,12,14,0,0,0,0,0,0
1,1,0,0,0,0,0,0,4,7,4,3,0,0,0,0,0,0,1,4,1,0,0,0,0,0,18,10,10,13,0,0,0,0,0,0
1,1,0,0,0,0,0,0,4,7,4,3,1,0,0,0,0,0,1,4,1,0,0,0,0,0,17,9,9,11,0,0,0,0,0,0
1,1,0,0,0,0,0,0,3,6,4,3,1,0,0,0,0,0,1,4,1,0,0,0,0,0,15,7,7,10,0,0,0,0,0,0
1,1,0,0,0,0,0,0,3,5,4,3,1,0,0,0,0,0,1,4,1,0,0,0,0,0,12,5,6,9,0,0,0,0,0,0
1,1,0,0,0,0,0,0,3,5,5,4,1,0,0,0,0,0,1,4,0,0,0,0,0,0,13,7,7,10,0,0,0,0,0,0
1,2,0,0,0,0,1,0,3,4,4,3,1,0,0,0,0,0,2,4,0,1,0,0,1,0,16,11,11,13,0,0,0,0,0,0
1,2,0,0,0,0,1,0,3,4,4,3,1,0,0,0,0,0,2,4,0,2,0,0,1,0,22,18,17,19,0,0,0,0,0,0
1,1,0,0,0,0,1,0,3,4,4,3,1,0,0,0,0,0,2,3,0,2,0,0,1,0,30,27,25,26,0,0,0,0,0,0
1,1,0,0,0,0,1,0,3,4,4,3,1,0,0,0,0,0,2,3,1,3,0,0,1,0,37,35,32,33,0,0,0,0,0,0
1,1,0,0,0,0,1,0,3,4,4,3,1,0,0,0,0,0,2,3,1,3,0,0,1,0,43,44,38,39,0,0,0,0,0,0
1,1,0,0,0,0,1,0,4,5,4,3,1,0,0,0,0,0,2,3,3,2,0,0,1,0,49,50,45,45,0,0,0,0,0,0
1,1,0,0,0,0,1,0,4,5,4,3,1,0,0,0,0,0,2,3,3,0,0,0,1,0,54,56,50,51,0,0,0,0,0,0
1,1,0,0,0,0,1,0,7,5,4,3,1,0,0,0,0,0,2,3,4,0,0,0,1,0,59,61,56,56,0,0,0,0,0,0
1,1,0,0,0,0,1,0,10,6,4,3,1,0,0,0,0,0,2,3,6,0,0,0,1,0,64,67,61,61,0,0,0,0,0,0
1,1,0,0,0,0,1,0,13,6,4,3,1,0,0,0,0,0,2,4,6,0,0,0,1,0,68,71,66,65,0,0,0,0,0,0
1,1,0,0,0,0,1,0,17,5,4,3,1,0,0,0,0,0,2,5,7,0,0,0,1,0,73,75,71,69,0,0,0,0,0,0
1,1,0,0,0,0,1,0,19,5,4,3,1,0,0,0,0,0,2,7,7,0,0,0,1,0,77,79,75,72,0,0,0,0,0,0
1,1,0,0,0,0,0,0,20,4,4,3,1,0,0,0,0,0,2,10,6,0,0,0,1,0,81,82,78,75,0,0,0,0,0,0
1,1,0,0,0,0,0,0,22,4,4,3,1,0,0,0,0,0,2,13,6,0,0,0,1,0,84,85,81,78,0,0,0,0,0,0
1,1,0,0,0,0,0,0,22,3,4,3,1,0,0,0,0,0,2,18,5,0,0,0,1,0,88,88,84,81,0,0,0,0,0,0
1,1,0,0,0,0,0,0,21,3,4,3,1,0,0,0,0,0,2,22,4,0,0,0,1,0,90,91,87,84,0,0,0,0,0,0
1,0,0,0,0,0,1,0,20,2,4,3,1,0,0,0,0,0,2,26,0,0,0,0,1,0,93,92,89,88,0,0,0,0,0,0
0,0,0,0,0,0,1,0,19,2,4,3,1,0,0,0,0,0,2,30,0,0,0,0,1,0,95,91,88,90,0,0,0,0,0,0
0,0,0,0,0,0,1,0,18,2,4,3,1,0,0,0,0,0,2,33,0,0,0,0,1,0,97,92,89,93,0,0,0,0,0,0
0,0,0,0,0,0,1,0,17,2,4,3,1,0,0,0,0,0,2,37,0,0,0,0,1,0,98,92,90,94,0,0,0,0,0,0
0,0,0,0,0,0,1,0,16,2,4,3,1,0,0,0,0,1,2,39,0,0,0,0,1,0,99,94,92,96,0,0,0,0,0,0
0,0,0,0,0,0,1,0,14,1,4,3,2,0,0,0,0,1,2,42,0,0,0,0,1,0,100,97,95,98,0,0,0,0,0,0
0,0,0,0,0,0,1,0,13,1,4,3,2,0,0,0,0,1,2,43,0,0,0,0,1,0,101,99,98,100,0,0,0,0,0,0
0,0,0,0,0,0,1,0,12,1,4,3,2,0,0,0,0,1,2,44,0,0,0,0,1,0,100,98,98,99,0,0,0,0,0,0
0,0,0,0,0,0,1,0,11,1,4,3,2,0,0,0,1,2,2,43,0,0,0,0,1,0,96,95,95,96,0,0,0,0,0,0
0,0,0,0,0,0,1,0,11,1,4,3,2,0,0,0,1,2,2,41,0,0,0,0,2,0,90,90,90,90,0,0,0,0,0,0
0,0,0,0,0,0,1,0,11,2,4,4,2,0,0,0,2,2,2,39,0,0,0,0,2,0,85,84,86,86,0,0,0,0,0,0
0,0,0,0,0,0,1,0,12,1,4,4,2,0,0,0,2,2,2,37,0,0,0,0,2,0,79,79,80,80,0,0,0,0,0,0
0,0,0,0,0,0,1,0,13,1,4,3,2,0,0,0,2,2,3,35,0,0,0,0,2,0,74,75,75,76,0,0,0,0,0,0
0,0,0,0,0,0,1,0,14,1,4,3,2,0,0,0,2,2,3,32,0,0,0,0,2,0,71,71,72,72,0,0,0,0,0,0
0,0,0,0,0,0,1,0,14,2,4,3,2,0,0,0,2,2,3,30,0,0,0,0,2,0,65,64,66,66,0,0,0,0,0,0
0,0,0,0,0,0,1,0,13,2,4,3,2,0,0,0,2,2,3,28,0,0,0,0,2,0,60,58,59,60,0,0,0,0,0,0
0,0,0,0,0,0,1,0,12,4,4,3,2,0,0,0,2,2,3,26,0,0,0,0,2,0,56,52,53,55,0,0,0,0,0,0
0,0,0,0,0,0,1,0,11,6,4,3,2,0,0,0,2,2,3,24,0,0,0,0,2,0,52,47,49,49,0,0,0,0,0,0
1,0,0,0,0,0,1,0,10,7,3,3,2,0,0,0,2,1,3,23,0,0,0,0,2,0,49,41,43,45,0,0,0,0,0,0
1,0,0,0,0,0,1,0,9,9,3,3,2,0,0,0,1,1,3,20,0,0,0,0,2,0,46,37,39,40,0,0,0,0,0,0
0,0,0,0,0,0,2,0,8,9,3,3,2,0,0,0,1,1,3,19,0,0,0,0,2,0,42,33,34,37,0,0,0,0,0,0
0,0,0,0,0,0,2,0,8,10,3,3,2,0,0,0,0,1,3,18,0,0,0,0,2,0,39,30,30,32,0,0,0,0,0,0
0,0,0,0,0,0,2,0,7,10,4,3,2,0,0,0,0,1,3,17,0,0,0,0,2,0,36,26,27,30,0,0,0,0,0,0
0,0,0,0,0,0,2,0,6,10,5,4,2,0,0,0,0,1,3,15,0,0,0,0,2,0,33,24,23,27,0,0,0,0,0,0
0,0,0,0,0,0,2,0,6,10,5,4,2,0,0,0,0,0,3,14,0,0,0,0,2,0,31,20,20,24,0,0,0,0,0,0
0,0,0,0,0,0,2,0,5,10,6,4,2,0,0,0,0,0,3,13,0,0,0,0,2,0,29,19,17,20,0,0,0,0,0,0
0,0,0,0,0,0,2,0,5,10,7,3,2,0,0,0,0,1,3,11,0,0,0,0,2,0,26,16,15,19,0,0,0,0,0,0
0,0,0,0,0,0,2,0,4,10,7,4,3,0,0,0,0,1,3,10,0,0,0,0,2,0,25,15,13,17,0,0,0,0,0,0
1,1,0,0,0,0,2,0,5,9,7,4,3,0,0,0,0,0,3,10,0,0,0,0,2,0,23,12,11,15,0,0,0,0,0,0
1,1,0,0,0,0,2,1,5,9,7,5,3,0,0,0,0,0,3,9,0,0,0,0,2,0,22,11,9,13,0,0,0,0,0,0
1,1,0,0,0,0,2,1,4,9,7,5,3,0,0,0,0,0,3,8,0,0,0,0,2,0,20,9,8,12,0,0,0,0,0,0
1,1,0,0,0,0,2,1,5,8,7,5,3,0,0,0,0,0,3,8,0,0,0,0,2,0,17,7,7,11,0,0,0,0,0,0
1,1,0,0,0,0,2,1,5,9,6,4,3,0,0,0,0,0,3,7,0,0,0,0,2,0,15,6,6,10,0,0,0,0,0,0
1,1,0,0,0,0,2,1,4,10,6,4,3,0,0,0,0,0,3,7,0,0,0,0,2,0,14,4,5,8,0,0,0,0,0,0
1,1,0,0,0,0,2,1,4,12,5,4,3,0,0,0,0,0,3,6,0,0,0,0,2,0,12,3,3,7,0,0,0,0,0,0
1,1,0,0,0,0,1,1,4,14,5,4,3,0,0,0,0,0,3,6,0,0,0,0,1,0,11,1,3,6,0,0,0,0,0,0
1,1,0,0,0,0,1,1,4,17,5,4,2,0,0,0,0,0,3,5,0,1,0,0,1,0,9,1,5,8,0,0,0,0,0,0
1,1,0,0,0,0,1,1,4,19,4,4,2,0,0,0,0,0,3,5,0,2,0,0,1,0,10,4,9,11,0,0,0,0,0,0
1,1,0,0,0,0,1,1,3,22,4,4,2,0,0,0,0,0,3,5,0,2,0,0,1,0,14,9,15,17,0,0,0,0,0,0
1,1,0,0,0,0,1,1,3,24,4,4,2,0,0,0,0,0,3,5,0,3,0,0,1,0,19,17,24,25,0,0,0,0,0,0
1,1,0,0,0,0,1,1,3,25,4,4,2,0,0,0,0,0,2,4,0,3,0,0,1,0,27,25,31,31,0,0,0,0,0,0
0,1,0,0,0,0,1,2,5,26,4,4,2,0,0,0,0,0,2,4,0,2,0,0,1,0,33,33,37,37,0,0,0,0,0,0
0,1,0,0,0,0,1,2,7,25,4,4,2,0,0,0,0,0,2,4,1,1,0,0,1,0,39,40,44,44,0,0,0,0,0,0
0,2,0,0,0,0,0,2,10,24,4,4,2,0,0,0,0,0,2,4,5,0,0,0,1,0,43,44,48,47,0,0,0,0,0,0
0,2,0,0,0,0,0,2,12,22,4,4,2,0,0,0,0,0,2,5,7,0,0,0,1,0,43,45,48,47,0,0,0,0,0,0
0,2,0,0,0,0,0,1,13,20,4,4,2,0,0,0,0,0,2,7,9,0,0,0,1,0,41,43,47,46,0,0,0,0,0,0
0,1,0,0,0,0,0,1,13,19,4,4,2,0,0,0,0,0,2,11,10,0,0,0,1,0,37,39,42,41,0,0,0,0,0,0
0,1,0,0,0,0,0,1,12,17,3,4,2,0,0,0,0,0,2,14,11,0,0,0,1,0,33,35,38,38,0,0,0,0,0,0
0,1,0,0,0,0,0,0,12,15,3,4,2,0,0,0,0,0,2,18,11,0,0,0,1,0,30,31,34,34,0,0,0,0,0,0
0,1,0,0,0,0,0,0,12,14,3,4,2,0,0,0,0,0,2,21,9,0,0,0,1,0,27,28,31,32,0,0,0,0,0,0
0,1,0,0,0,0,0,0,11,13,3,4,2,0,0,0,0,0,2,25,9,0,0,0,1,0,25,26,28,29,0,0,0,0,0,0
0,0,0,0,0,0,0,0,11,12,3,4,2,1,0,0,2,1,2,28,8,0,0,0,1,0,22,23,26,27,0,0,0,0,0,0
0,0,0,0,0,0,0,0,10,11,3,4,2,2,0,0,2,2,2,31,7,0,0,0,1,0,19,21,24,24,0,0,0,0,0,0
0,0,0,0,0,0,0,0,9,10,3,4,2,2,0,0,2,2,2,32,6,0,0,0,1,0,16,19,21,22,0,0,0,0,0,0
0,0,0,0,0,0,0,0,8,10,3,4,2,2,0,0,2,3,2,34,5,0,0,0,1,0,14,17,19,20,0,0,0,0,0,0
0,0,0,0,0,0,0,0,7,9,3,4,2,1,0,0,2,3,2,34,4,0,0,0,1,0,11,15,17,17,0,0,0,0,0,0
0,0,0,0,0,0,0,0,6,8,3,4,3,0,0,0,3,3,2,34,4,0,0,0,1,0,9,13,15,16,0,0,0,0,0,0
0,0,0,0,0,0,0,0,5,8,3,4,3,0,0,0,3,3,2,34,4,0,0,0,1,0,7,11,13,14,0,0,0,0,0,0
0,0,0,0,0,0,0,0,5,7,3,4,3,0,0,0,3,2,2,32,5,0,0,0,1,0,8,12,14,15,0,0,0,0,0,0
0,0,0,0,0,0,0,0,4,6,3,4,3,0,0,0,3,2,2,31,6,0,0,0,1,0,12,16,17,18,0,0,0,0,0,0
0,0,0,0,0,0,0,0,4,6,3,4,3,0,0,0,3,2,2,28,8,0,0,0,1,0,18,23,23,24,0,0,0,0,0,0
0,0,0,0,0,0,0,0,4,6,3,4,3,0,0,0,3,2,2,26,11,0,0,0,1,0,26,30,30,30,0,0,0,0,0,0
0,0,0,0,0,0,0,0,4,5,3,4,4,0,0,0,3,2,2,24,15,0,0,0,1,0,33,38,37,36,0,0,0,0,0,0
0,0,0,0,0,0,0,0,3,5,3,4,4,0,0,0,2,2,3,22,17,0,0,0,1,0,40,46,44,43,0,0,0,0,0,0
0,0,0,0,0,0,0,0,3,5,3,4,4,0,0,0,2,2,3,19,17,0,0,0,1,0,46,52,50,49,0,0,0,0,0,0
0,0,0,0,0,0,0,0,3,6,3,4,4,0,0,0,2,2,3,17,17,0,0,0,1,1,52,58,55,54,0,0,0,0,0,0
0,0,0,0,0,0,0,0,2,6,2,4,4,0,0,0,1,2,3,16,17,3,0,0,1,1,57,64,60,58,0,0,0,0,0,0
0,0,0,0,0,0,0,1,2,6,2,4,4,0,0,0,1,2,3,14,13,2,0,0,1,1,62,66,61,60,0,0,0,0,0,0
0,0,0,0,0,0,0,0,2,6,1,4,3,0,0,0,1,2,3,12,6,0,0,0,1,1,66,68,64,62,0,0,0,0,0,0
0,0,0,0,0,0,0,0,1,6,2,4,3,0,0,0,1,2,3,11,0,0,0,0,1,1,71,70,66,64,0,0,0,0,0,0
0,0,0,0,0,0,0,0,1,6,1,4,3,0,0,0,1,3,3,10,0,0,0,0,2,1,74,72,68,66,0,0,0,0,0,0
0,0,0,0,0,0,0,0,1,6,1,4,3,0,0,0,1,3,3,9,0,0,0,0,2,1,77,77,72,70,0,0,0,0,0,0
0,0,0,0,0,0,0,0,1,6,1,4,3,0,0,0,1,3,3,8,0,0,0,0,2,1,80,81,76,73,0,0,0,0,0,0
0,0,0,0,0,0,0,0,0,6,1,4,3,0,0,0,1,2,3,7,0,0,0,0,2,1,83,84,79,76,0,0,0,0,0,0
0,0,0,0,0,0,0,0,0,6,1,4,3,0,0,0,1,2,2,7,0,0,0,0,2,1,87,87,82,79,0,0,0,0,0,0
0,0,0,0,0,0,0,0,0,5,0,4,3,0,0,0,1,2,2,6,0,0,0,0,2,2,89,90,85,81,0,0,0,0,0,0
0,0,0,0,0,0,0,0,0,4,0,4,3,0,0,0,0,2,1,5,0,0,0,0,2,2,92,92,87,84,0,0,0,0,0,0
0,0,0,0,0,0,0,0,0,3,0,4,3,0,0,0,0,2,1,5,0,0,0,0,2,2,94,95,89,87,0,0,0,0,0,0
0,0,0,0,0,0,0,0,0,3,0,4,3,0,0,0,0,2,1,4,0,0,0,0,2,2,96,97,91,89,0,0,0,0,0,0
0,0,0,0,0,0,0,0,0,3,0,4,3,0,0,0,0,2,1,4,0,0,0,0,2,2,98,100,93,91,0,0,0,0,0,0
0,0,0,0,0,0,0,0,0,2,0,4,3,0,0,0,0,2,1,3,0,0,0,0,2,2,99,102,95,92,0,0,0,0,0,0
0,0,0,0,0,0,0,0,0,2,0,4,3,0,0,0,0,2,1,3,0,0,0,0,2,2,100,104,96,94,0,0,0,0,0,0
0,0,0,0,0,0,0,0,0,2,0,4,3,0,0,0,0,2,1,3,0,0,0,0,2,2,101,105,98,95,0,0,0,0,0,0
0,0,0,0,0,0,0,0,0,2,0,4,3,0,0,0,0,2,1,3,0,0,0,0,2,2,103,107,100,97,0,0,0,0,0,0
0,0,0,0,0,0,0,0,0,1,0,4,2,0,0,0,0,1,1,2,0,0,0,0,2,2,104,108,101,98,0,0,0,0,0,0
0,0,0,0,0,0,0,0,0,1,0,3,2,0,0,0,0,1,1,3,0,0,0,0,3,2,104,110,103,99,0,0,0,0,0,0
0,0,0,0,0,0,0,0,0,1,0,4,2,0,0,0,0,1,1,3,1,0,0,0,3,2,104,110,104,101,0,0,0,0,0,0
0,0,0,0,0,0,0,0,0,1,0,4,2,0,0,0,0,1,1,4,2,0,0,0,3,2,105,112,106,101,0,0,0,0,0,0
0,0,0,0,0,0,0,0,0,1,0,3,3,0,0,0,0,1,1,5,2,0,0,0,3,2,105,113,108,103,0,0,0,0,0,0
0,0,0,0,0,0,0,0,0,1,0,3,3,0,0,0,0,1,2,6,2,0,0,0,3,2,106,113,109,104,0,0,0,0,0,0
0,0,0,0,0,0,0,0,0,1,1,3,3,0,0,0,0,1,2,8,1,0,0,0,2,2,106,114,109,106,0,0,0,0,0,0
0,0,0,0,0,0,0,0,0,0,1,3,3,0,0,0,0,1,2,10,0,0,0,0,2,2,107,114,111,107,0,0,0,0,0,0
0,0,0,0,0,0,0,0,0,0,1,3,3,0,0,0,0,2,2,12,0,0,0,0,2,2,107,115,112,107,0,0,0,0,0,0
0,0,0,0,0,0,0,0,0,0,1,3,3,0,0,0,0,2,1,12,0,0,0,0,2,2,108,116,112,108,0,0,0,0,0,0
0,0,0,0,0,0,0,0,0,0,1,3,3,0,0,0,1,2,1,13,0,0,0,0,2,1,105,114,111,105,0,0,0,0,0,0
0,0,0,0,0,0,0,0,0,0,1,3,3,0,0,0,2,2,2,13,0,0,0,0,2,1,101,109,107,102,0,0,0,0,0,0
0,0,0,0,0,0,0,0,0,0,1,4,3,0,0,0,2,2,2,15,0,0,0,0,3,1,95,103,100,96,0,0,0,0,0,0
0,0,0,0,0,0,0,0,0,0,1,4,3,0,0,0,2,2,2,15,0,0,0,0,3,1,86,94,92,87,0,0,0,0,0,0
0,0,0,0,0,0,0,0,0,0,1,4,3,0,0,0,2,2,2,16,0,0,0,0,3,0,78,86,84,80,0,0,0,0,0,0
0,0,0,0,0,0,0,0,0,0,1,4,3,0,0,0,2,2,2,16,0,0,0,0,3,0,70,78,76,73,0,0,0,0,0,0
0,0,0,0,0,0,0,0,0,0,1,4,3,0,0,0,2,2,2,16,0,0,0,0,2,0,64,70,69,67,0,0,0,0,0,0
0,0,0,0,0,0,0,0,0,0,1,4,3,0,0,0,2,2,2,15,0,0,0,0,3,0,59,66,66,63,0,0,0,0,0,0
0,0,0,0,0,0,0,0,0,0,1,4,3,0,0,0,2,2,2,14,0,0,0,0,3,0,59,65,65,62,0,0,0,0,0,0
0,0,0,0,0,0,0,0,1,0,1,4,3,0,0,0,2,2,2,12,0,0,0,0,3,0,60,67,67,64,0,0,0,0,0,0
0,0,0,0,0,0,0,0,1,0,1,4,3,0,0,0,2,2,2,11,2,0,0,0,3,0,65,71,71,68,0,0,0,0,0,0
0,0,0,0,0,0,0,0,1,0,1,4,3,0,0,0,2,2,2,10,4,0,0,0,3,0,69,77,75,72,0,0,0,0,0,0
0,0,0,0,0,0,0,0,0,0,1,4,3,0,0,0,2,1,2,9,6,0,0,0,3,0,73,82,78,74,0,0,0,0,0,0
0,0,0,0,0,0,0,0,0,0,1,4,3,0,0,0,2,1,2,8,7,0,0,0,3,0,75,84,79,74,0,0,0,0,0,0
0,0,0,0,0,0,0,0,0,1,1,4,3,0,0,0,1,1,2,7,7,0,0,0,3,0,73,83,76,72,0,0,0,0,0,0
0,0,0,0,0,0,0,0,0,1,0,4,3,0,0,0,1,1,2,6,7,0,0,0,3,0,69,78,72,68,0,0,0,0,0,0
0,0,0,0,0,0,0,0,0,1,0,4,3,0,0,0,1,1,2,6,6,2,0,0,3,0,64,72,66,62,0,0,0,0,0,0
0,0,0,0,0,0,0,0,0,1,0,4,3,0,0,0,0,2,2,5,6,5,0,0,3,0,58,65,59,56,0,0,0,0,0,0
0,0,0,0,0,0,0,0,0,1,0,4,2,0,0,0,0,2,2,4,5,8,0,0,2,0,55,59,53,51,0,0,0,0,0,0
0,0,0,0,0,0,0,0,0,1,0,4,2,0,0,0,0,2,2,4,3,8,0,0,2,0,51,53,48,46,0,0,0,0,0,0
0,0,0,0,0,0,0,0,0,1,0,4,2,0,0,0,0,2,2,4,0,6,0,0,2,0,48,47,43,41,0,0,0,0,0,0
0,0,0,0,0,0,0,0,0,1,0,4,2,0,0,0,0,2,2,3,0,2,0,0,2,0,45,43,38,37,0,0,0,0,0,0
0,0,0,0,0,0,0,0,0,1,0,4,2,0,0,0,0,2,2,2,0,0,0,0,2,0,41,38,34,33,0,0,0,0,0,0
0,0,0,0,0,0,0,0,0,1,0,4,2,0,0,0,0,2,2,2,0,0,0,0,1,0,38,34,30,29,0,0,0,0,0,0
0,0,0,0,0,0,0,0,0,0,0,4,2,0,0,0,0,2,1,1,0,0,0,0,1,0,34,30,26,26,0,0,0,0,0,0
0,0,0,0,0,0,0,0,0,0,0,4,2,0,0,0,0,2,1,1,0,0,0,0,1,0,33,30,26,26,0,0,0,0,0,0
0,0,0,0,0,0,0,0,0,0,0,3,2,0,0,0,0,2,1,0,0,0,0,0,1,0,34,34,28,28,0,0,0,0,0,0
0,0,0,0,0,0,0,0,0,0,0,3,2,0,0,0,0,2,1,0,0,0,0,0,0,0,38,41,32,33,0,0,0,0,0,0
0,0,0,0,0,0,0,0,0,0,0,3,2,0,0,0,0,2,1,0,0,0,0,0,0,0,45,51,39,39,0,0,0,0,0,0
0,0,0,0,0,0,0,0,0,0,0,3,2,0,0,0,0,2,2,0,0,0,0,0,0,0,50,61,45,45,0,0,0,0,0,0
0,0,0,0,0,0,0,0,0,0,0,3,2,0,0,0,0,1,2,0,0,0,0,0,1,0,56,69,51,51,0,0,0,0,0,0
0,0,0,0,0,0,0,0,0,0,0,3,2,0,0,0,0,1,2,0,0,0,0,0,1,0,61,76,56,57,0,0,0,0,0,0
0,0,0,0,0,0,0,0,0,0,0,3,2,0,0,0,0,2,2,0,0,0,0,0,1,0,66,81,61,61,0,0,0,0,0,0
0,0,0,0,0,0,0,0,0,0,0,3,2,0,0,0,0,2,2,1,3,0,0,0,1,1,71,86,66,66,0,0,0,0,0,0
0,0,0,0,0,0,0,0,0,0,0,3,2,0,0,0,0,2,2,1,8,0,0,0,1,1,78,89,70,69,0,0,0,0,0,0
0,0,0,0,0,0,0,0,0,0,0,2,2,0,0,0,0,2,2,2,12,0,0,0,1,1,85,92,73,72,0,0,0,0,0,0
0,0,0,0,0,0,0,0,0,0,0,2,2,0,0,0,0,2,1,5,15,0,0,0,1,1,91,94,77,75,0,0,0,0,0,0
0,0,0,0,0,0,0,0,0,0,0,2,2,0,0,0,0,2,1,7,15,0,0,0,1,0,97,96,80,78,0,0,0,0,0,0
0,0,0,0,0,0,0,0,0,0,0,2,2,0,2,0,0,2,1,10,15,0,0,0,1,0,101,97,82,80,0,0,0,0,0,0
0,0,0,0,0,0,0,0,0,0,0,2,1,0,4,0,0,2,1,13,15,0,0,0,1,0,105,95,81,80,0,0,0,0,0,0
0,0,0,0,0,0,0,0,0,0,0,2,2,0,6,0,0,2,1,16,13,0,0,0,1,0,108,91,79,77,0,0,0,0,0,0
0,0,0,0,0,0,0,0,0,0,0,2,2,1,7,0,0,2,1,19,12,0,0,0,1,0,110,86,75,72,0,0,0,0,0,0
0,0,0,0,0,0,0,0,0,0,0,2,1,4,8,0,0,3,1,23,11,0,0,0,1,0,111,80,70,68,0,0,0,0,0,0
0,0,0,0,0,0,0,0,0,0,0,2,2,8,8,0,0,3,1,25,9,0,0,0,1,0,112,77,68,66,0,0,0,0,0,0
0,0,0,0,0,0,0,0,0,0,0,2,2,11,9,0,1,3,1,28,8,0,0,0,2,0,112,76,67,65,0,0,0,0,0,0
0,0,0,0,0,0,0,0,0,0,0,2,2,13,9,0,1,3,1,30,7,0,0,0,2,0,113,78,69,67,0,0,0,0,0,0
0,0,0,0,0,0,0,0,0,0,0,2,2,14,9,0,1,3,1,31,5,0,0,0,2,0,114,81,73,71,0,0,0,0,0,0
0,0,0,0,0,0,0,0,0,0,0,2,2,14,9,0,2,3,1,32,4,0,0,0,2,0,115,82,75,73,0,0,0,0,0,0
0,0,0,0,0,0,0,0,0,0,0,1,2,14,10,0,2,3,1,32,2,0,0,0,2,0,113,81,74,72,0,0,0,0,0,0
0,0,0,0,0,0,0,0,0,0,0,2,2,13,11,0,3,3,1,32,1,0,0,0,2,0,109,77,70,69,0,0,0,0,0,0
0,0,0,0,0,0,0,0,0,0,0,2,2,12,13,0,3,3,1,32,0,0,0,0,2,0,101,70,65,63,0,0,0,0,0,0
0,0,0,0,0,0,0,0,0,0,0,2,2,11,16,0,3,3,1,31,0,0,0,0,2,0,93,64,59,58,0,0,0,0,0,0
0,0,0,0,0,0,0,0,0,0,0,2,2,9,19,0,3,3,2,30,0,0,0,0,2,0,83,57,53,52,0,0,0,0,0,0
0,0,0,0,0,0,0,0,0,0,0,2,2,8,23,0,3,3,2,29,0,0,0,0,2,0,75,52,48,48,0,0,0,0,0,0
0,0,0,0,0,0,0,0,0,0,0,2,1,7,26,0,3,4,2,27,0,0,0,0,1,0,68,47,44,44,0,0,0,0,0,0
0,0,0,0,0,0,0,0,0,0,0,2,1,7,29,0,3,4,2,25,1,0,0,0,1,0,61,42,39,39,0,0,0,0,0,0
0,0,0,0,0,0,0,0,0,0,0,2,1,7,30,0,3,4,2,24,2,0,0,0,1,0,57,40,38,38,0,0,0,0,0,0
0,0,0,0,0,0,0,0,0,0,0,2,1,6,30,0,3,4,3,21,3,0,0,0,2,0,57,41,40,39,0,0,0,0,0,0
0,0,0,0,0,0,0,0,0,0,0,2,1,5,29,2,3,4,3,19,5,0,0,0,2,0,59,46,44,43,0,0,0,0,0,0
0,0,0,0,0,0,1,0,0,0,0,2,1,5,27,4,3,4,3,18,6,0,0,0,2,0,62,50,47,46,0,0,0,0,0,0
0,0,0,0,0,0,1,0,0,0,0,2,1,4,25,6,2,4,3,16,5,0,0,0,2,0,65,51,47,47,0,0,0,0,0,0
0,0,0,0,0,0,1,0,0,0,0,2,1,4,23,7,2,4,3,15,5,1,0,0,2,0,67,49,46,46,0,0,0,0,0,0
0,0,0,0,0,0,0,0,0,0,0,2,1,4,22,8,2,4,2,14,4,4,0,0,2,0,69,45,41,41,0,0,0,0,0,0
0,0,0,0,0,0,0,0,0,0,0,2,1,3,20,8,2,4,2,13,4,6,0,0,2,0,72,44,40,40,0,0,0,0,0,0
0,0,0,0,0,0,0,0,0,0,0,2,1,3,18,9,1,4,2,12,3,9,0,0,2,0,76,45,42,42,0,0,0,0,0,0
0,0,0,0,0,0,0,0,0,0,0,2,1,3,17,9,2,4,2,11,2,10,0,0,2,0,77,47,43,43,0,0,0,0,0,0
0,0,0,0,0,0,0,0,0,0,0,2,1,3,16,9,2,4,1,10,2,11,0,0,2,0,75,47,44,43,0,0,0,0,0,0
0,0,0,0,0,0,0,0,0,0,0,2,1,3,15,9,2,4,1,9,2,11,0,0,2,0,71,46,41,41,0,0,0,0,0,0
0,0,0,0,0,0,0,0,0,0,0,2,1,3,14,10,2,4,1,9,2,12,0,0,2,0,64,41,36,37,0,0,0,0,0,0
0,0,0,0,0,0,0,0,0,0,0,1,1,3,14,10,2,4,2,8,1,12,0,0,2,0,59,37,32,34,0,0,0,0,0,0
0,0,0,0,0,0,0,0,0,0,0,1,1,3,13,10,2,3,2,7,0,13,0,0,2,0,53,33,29,30,0,0,0,0,0,0
0,0,0,0,0,0,0,0,0,0,0,1,1,3,13,9,2,3,2,7,0,13,0,0,2,0,48,29,25,27,0,0,0,0,0,0
0,0,0,0,0,0,0,0,0,0,0,1,1,3,12,8,2,3,2,7,0,15,0,0,2,0,44,26,22,24,0,0,0,0,0,0
0,0,0,0,0,0,0,0,0,0,0,1,1,2,11,7,1,3,2,7,0,17,0,0,2,0,42,26,22,24,0,0,0,0,0,0
0,0,0,0,0,0,0,0,0,0,0,1,1,2,10,6,1,3,2,7,0,19,0,0,2,0,43,29,25,26,0,0,0,0,0,0
0,0,0,0,0,0,0,0,0,0,0,1,2,2,9,5,1,3,2,6,0,20,0,0,2,0,46,35,29,30,0,0,0,0,0,0
0,0,0,0,0,0,0,0,0,0,0,1,2,1,8,4,0,3,2,6,0,22,0,0,2,0,52,44,36,36,0,0,0,0,0,0
0,0,0,0,0,0,0,0,0,0,0,1,2,1,7,3,0,3,2,5,0,21,0,0,2,0,58,53,43,43,0,0,0,0,0,0
0,0,0,0,0,0,0,0,0,0,0,1,2,1,6,2,0,2,2,5,1,20,0,0,2,0,63,60,49,49,0,0,0,0,0,0
0,0,0,0,0,0,0,0,0,0,0,1,2,1,4,2,0,2,2,5,4,18,0,0,2,0,68,66,55,54,0,0,0,0,0,0
0,0,0,0,0,0,0,0,0,1,0,1,2,1,4,1,0,2,2,6,7,17,0,0,3,1,74,71,60,59,0,0,0,0,0,0
0,0,0,0,0,0,0,0,1,1,0,1,2,1,2,0,0,2,2,7,9,15,0,0,3,1,80,74,65,63,0,0,0,0,0,0
0,0,0,0,0,0,0,0,2,0,0,1,2,0,1,0,0,2,2,9,9,13,0,0,3,1,86,77,69,67,0,0,0,0,0,0
0,0,0,0,0,0,0,0,3,0,0,1,2,0,0,0,0,2,2,12,9,11,0,0,3,1,91,80,73,71,0,0,0,0,0,0
0,0,0,0,0,0,0,0,3,0,0,1,2,0,0,0,0,2,2,15,8,9,0,0,3,0,95,81,74,72,0,0,0,0,0,0
0,0,0,0,0,0,0,0,4,0,0,1,1,0,0,0,0,2,2,17,7,7,0,0,3,0,99,80,74,72,0,0,0,0,0,0
0,0,0,0,0,0,0,0,5,0,0,1,1,0,0,0,0,1,2,19,5,6,0,0,3,0,102,78,71,69,0,0,0,0,0,0
0,0,0,0,0,0,0,0,5,0,0,2,1,0,0,0,0,1,2,21,4,5,0,0,3,0,104,76,69,67,0,0,0,0,0,0
0,0,0,0,0,0,0,0,6,0,0,2,1,0,0,0,0,1,2,23,3,5,0,0,3,0,107,76,70,67,0,0,0,0,0,0
0,0,0,0,0,0,0,0,6,0,0,2,1,0,0,0,0,2,2,23,0,1,0,0,3,0,105,76,70,67,0,0,0,0,0,0
0,0,0,0,0,0,0,0,7,0,0,3,1,0,0,0,0,2,2,23,0,0,0,0,3,0,101,74,70,68,0,0,0,0,0,0
0,0,0,0,0,0,0,0,8,0,0,3,1,0,0,0,0,2,2,22,0,0,0,0,3,0,97,73,68,69,0,0,0,0,0,0
0,0,0,0,0,0,0,0,9,0,0,4,1,0,0,0,1,2,2,20,0,0,0,0,2,0,91,69,65,67,0,0,0,0,0,0
0,0,0,0,0,0,0,0,10,0,0,5,1,0,0,0,1,2,2,18,0,0,0,0,3,0,86,65,61,65,0,0,0,0,0,0
0,0,0,0,0,0,0,0,10,0,1,5,1,0,0,0,1,2,2,17,0,0,0,0,3,0,80,61,58,61,0,0,0,0,0,0
0,0,0,0,0,0,0,0,10,1,0,5,1,0,0,0,1,2,2,15,3,0,0,0,3,0,73,55,53,55,0,0,0,0,0,0
0,0,0,0,0,0,0,0,10,4,0,5,1,0,0,0,1,2,2,15,5,0,0,0,3,0,67,49,48,50,0,0,0,0,0,0
0,0,0,0,0,0,0,0,9,5,0,5,1,0,0,0,1,1,2,13,7,0,0,0,3,0,62,45,43,45,0,0,0,0,0,0
0,0,0,0,0,0,0,0,8,7,0,5,1,0,0,0,0,1,1,13,7,0,0,0,3,0,58,39,38,40,0,0,0,0,0,0
0,0,0,0,0,0,0,0,7,9,0,5,1,0,0,0,0,1,1,12,7,0,0,0,2,0,54,35,33,36,0,0,0,0,0,0
0,0,0,0,0,0,0,0,7,9,0,5,1,0,0,0,0,1,1,11,6,2,0,0,2,0,51,30,29,32,0,0,0,0,0,0
0,0,0,0,0,0,0,0,6,10,0,5,2,0,0,0,0,1,1,10,5,4,0,0,2,0,48,27,26,29,0,0,0,0,0,0
0,0,0,0,0,0,0,0,5,10,0,5,2,0,0,0,0,1,1,9,5,7,0,0,2,0,45,24,22,26,0,0,0,0,0,0
0,0,0,0,0,0,0,0,5,9,0,5,2,0,0,0,0,1,1,8,2,5,0,0,2,0,41,20,18,22,0,0,0,0,0,0
0,0,0,0,0,0,0,0,5,9,0,5,2,0,0,0,0,1,1,8,0,3,0,0,2,0,37,18,15,19,0,0,0,0,0,0
0,0,0,0,0,0,0,0,4,8,0,5,2,0,0,0,0,1,1,7,0,0,0,0,1,0,33,15,13,17,0,0,0,0,0,0
0,0,0,0,0,0,0,0,4,8,0,5,2,0,0,0,0,1,0,6,0,0,0,0,1,0,29,12,11,14,0,0,0,0,0,0
0,0,0,0,0,0,0,0,4,7,0,5,2,0,0,0,0,1,0,5,0,0,0,0,2,0,26,12,12,14,0,0,0,0,0,0
0,0,0,0,0,0,0,0,4,7,0,5,2,0,0,0,0,1,0,4,0,0,0,0,2,0,25,16,14,17,0,0,0,0,0,0
0,0,0,0,0,0,0,0,3,6,0,5,2,0,0,0,0,1,0,4,0,2,0,0,1,0,28,24,20,23,0,0,0,0,0,0
0,0,0,0,0,0,0,0,2,5,0,5,1,0,0,0,0,1,0,4,0,3,0,0,1,0,33,35,29,30,0,0,0,0,0,0
0,0,0,0,0,0,0,0,2,4,0,5,1,0,0,0,0,1,0,4,0,4,0,0,1,0,39,47,35,36,0,0,0,0,0,0
0,0,0,0,0,0,0,0,1,4,0,4,1,0,0,0,0,1,0,3,2,4,0,0,1,0,45,58,42,42,0,0,0,0,0,0
0,0,0,0,0,0,0,0,1,3,0,4,1,0,0,0,0,1,0,3,6,3,0,0,1,0,51,67,48,48,0,0,0,0,0,0
0,0,0,0,0,0,0,0,2,3,0,4,1,0,0,0,0,1,0,3,10,2,0,0,1,0,57,74,54,54,0,0,0,0,0,0
0,0,0,0,0,0,0,0,4,3,0,4,1,0,0,0,0,1,0,2,12,1,0,0,2,0,62,80,59,58,0,0,0,0,0,0
0,0,0,0,0,0,0,0,7,3,0,4,1,0,0,0,0,1,0,2,14,1,0,0,2,0,68,86,64,62,0,0,0,0,0,0
0,0,0,0,0,0,0,0,9,3,0,4,1,0,0,0,0,1,0,2,15,0,0,0,2,0,74,90,68,67,0,0,0,0,0,0
0,0,0,0,0,0,0,0,11,3,0,4,1,0,0,0,0,0,0,2,15,0,0,0,2,0,80,93,73,70,0,0,0,0,0,0
0,0,0,0,0,0,0,0,12,3,0,4,1,0,0,0,0,0,0,2,15,0,0,0,2,0,87,96,76,73,0,0,0,0,0,0
0,0,0,0,0,0,0,0,12,2,0,4,1,0,0,0,0,0,0,2,13,0,0,0,2,0,93,98,79,76,0,0,0,0,0,0
0,0,0,0,0,0,0,0,12,2,0,4,1,0,0,0,0,0,0,3,12,0,0,0,2,0,99,100,82,79,0,0,0,0,0,0
0,0,0,0,0,0,0,0,12,1,0,4,1,0,0,0,0,0,0,3,10,0,0,0,2,0,104,102,86,82,0,0,0,0,0,0
0,0,0,0,0,0,0,0,11,1,0,3,1,0,0,0,0,0,0,4,9,0,0,0,2,0,109,102,87,83,0,0,0,0,0,0
0,0,0,0,0,0,0,0,10,0,0,3,1,0,0,0,0,0,0,5,7,0,0,0,2,0,112,99,86,82,0,0,0,0,0,0
0,0,0,0,0,0,0,0,9,0,0,3,0,0,0,0,0,1,0,6,6,0,0,0,2,0,115,94,81,79,0,0,0,0,0,0
0,0,0,0,0,0,0,0,8,0,0,3,0,0,0,0,0,1,0,6,4,0,0,0,2,0,117,89,78,76,0,0,0,0,0,0
0,0,0,0,0,0,0,0,8,0,0,3,0,0,0,0,0,1,0,6,3,0,0,0,2,0,116,84,74,72,0,0,0,0,0,0
0,0,0,0,0,0,0,0,7,0,1,3,0,0,0,0,0,1,0,7,1,0,0,0,2,0,111,79,70,68,0,0,0,0,0,0
0,0,0,0,0,0,0,0,7,0,1,3,0,0,0,0,0,1,0,7,1,0,0,0,2,0,103,74,66,64,0,0,0,0,0,0
0,0,0,0,0,0,0,0,6,1,1,3,0,0,0,0,0,1,0,6,0,0,0,0,1,0,97,70,62,60,0,0,0,0,0,0
0,0,0,0,0,0,0,0,7,0,1,3,0,0,0,0,0,1,0,6,0,0,0,0,1,0,91,66,58,57,0,0,0,0,0,0
0,0,0,0,0,0,0,0,8,0,1,3,0,0,0,0,0,1,0,6,0,0,0,0,0,0,88,64,58,55,0,0,0,0,0,0
0,0,0,0,0,0,0,0,9,0,1,3,0,0,0,0,0,1,0,5,0,0,0,0,0,0,86,64,58,55,0,0,0,0,0,0
0,0,0,0,0,0,0,0,9,1,1,3,0,0,0,0,0,1,0,4,2,0,0,0,0,0,81,59,55,52,0,0,0,0,0,0
0,0,0,0,0,0,0,0,10,1,1,3,0,0,0,0,0,1,0,3,4,0,0,0,0,0,77,56,52,49,0,0,0,0,0,0
0,0,0,0,0,0,0,0,9,3,1,3,0,0,0,0,0,1,0,3,6,0,0,0,0,0,71,50,47,44,0,0,0,0,0,0
0,0,0,0,0,0,0,0,9,5,1,3,0,0,0,0,0,1,0,2,6,0,0,0,0,0,65,44,42,40,0,0,0,0,0,0
0,0,0,0,0,0,0,0,8,7,0,3,0,0,0,0,0,1,0,2,7,0,0,0,0,0,60,39,37,35,0,0,0,0,0,0
0,0,0,0,0,0,0,0,7,10,0,3,0,0,0,0,0,0,0,2,6,0,0,0,0,0,56,34,33,32,0,0,0,0,0,0
0,0,0,0,0,0,0,0,6,10,0,3,0,0,0,0,0,0,0,2,6,1,0,0,0,0,52,30,29,28,0,0,0,0,0,0
0,0,0,0,0,0,0,0,5,11,0,2,0,0,0,0,0,0,0,2,5,3,0,0,0,0,49,26,24,24,0,0,0,0,0,0
0,0,0,0,0,0,0,0,5,12,0,2,0,0,0,0,0,0,0,2,5,4,0,0,0,0,46,23,21,23,0,0,0,0,0,0
0,0,0,0,0,0,0,0,5,12,0,3,0,0,0,0,0,0,0,1,4,5,0,0,0,0,41,19,17,19,0,0,0,0,0,0
0,0,0,0,0,0,0,0,4,12,0,3,0,0,0,0,0,0,0,0,4,7,0,0,0,0,38,17,14,17,0,0,0,0,0,0
0,0,0,0,0,0,0,0,4,12,0,3,0,0,0,0,0,0,0,0,1,5,0,0,0,0,35,14,12,15,0,0,0,0,0,0
0,0,0,0,0,0,0,0,3,11,0,3,0,0,0,0,0,0,0,0,0,5,0,0,0,0,32,12,10,13,0,0,0,0,0,0
0,0,0,0,0,0,0,0,3,11,0,3,0,0,0,0,0,0,0,0,0,4,0,0,0,0,29,10,8,12,0,0,0,0,0,0
0,0,0,0,0,0,0,0,3,10,0,3,0,0,0,0,0,0,0,0,0,3,0,0,0,0,26,8,7,10,0,0,0,0,0,0
0,0,0,0,0,0,0,0,3,10,0,3,0,0,0,0,0,0,0,0,0,6,0,0,0,0,26,9,8,11,0,0,0,0,0,0
0,0,0,0,0,0,0,0,3,9,0,3,0,0,0,0,0,0,0,0,0,9,0,0,0,0,28,14,11,14,0,0,0,0,0,0
0,0,0,0,0,0,0,0,2,9,0,3,0,0,0,0,0,0,0,0,0,12,0,0,0,0,32,22,17,19,0,0,0,0,0,0
0,0,0,0,0,0,0,0,1,8,0,3,0,0,0,0,0,0,0,0,0,14,0,0,0,0,38,33,25,27,0,0,0,0,0,0
0,0,0,0,0,0,0,0,1,7,0,3,0,0,0,0,0,0,0,0,0,15,0,0,0,0,45,44,32,33,0,0,0,0,0,0
0,0,0,0,0,0,0,0,1,6,0,2,0,0,0,0,0,0,0,0,0,16,0,0,0,0,51,53,38,39,0,0,0,0,0,0
0,0,0,0,0,0,0,0,1,6,0,2,0,0,0,0,0,0,0,0,2,17,0,0,0,0,56,62,44,45,0,0,0,0,0,0
0,0,0,0,0,0,0,0,0,5,0,2,0,0,0,0,0,0,0,0,8,16,0,0,0,0,60,69,50,51,0,0,0,0,0,0
0,0,0,0,0,0,0,0,0,4,0,2,0,0,0,0,0,0,0,0,14,16,0,0,0,0,65,75,56,55,0,0,0,0,0,0
