max,min,mean,median,var,totalvar,auc,Xmax,Xmin,Xmean,Xmedian,Xvar,Xtotalvar,Xauc,Ymax,Ymin,Ymean,Ymedian,Yvar,Ytotalvar,Yauc,subcondition,subject,gesture
4659,4480,4573.9,4577,1321.58481,2937,365912,3.528173646,3.461199295,3.49828681,3.498312386,0.000280288955,1.379489833,279.8629448,3.531527627,3.437276786,3.488480675,3.488998258,0.0002863184994,1.430959986,279.078454,flat,P4,constant
4663,4478,4570.3625,4570,1827.677057,3435,365629,3.553050398,3.469220549,3.502314716,3.501091078,0.000278803448,1.472325869,280.1851773,3.525784507,3.450175593,3.494620281,3.495158452,0.000219704254,1.360175116,279.5696225,flat,P4,constant
4686,4465,4577.6,4573,2029.053165,4392,366208,3.553688346,3.460819234,3.50344324,3.502563808,0.0003207732805,1.416097783,280.2754592,3.54119442,3.450945886,3.490476549,3.48820948,0.0003285338723,1.72757497,279.2381239,flat,P4,constant
4649,4458,4569.6375,4573,1773.626424,3905,365571,3.546793761,3.462967009,3.502301242,3.501259653,0.0002915882266,1.300366181,280.1840993,3.532504992,3.436492158,3.48983405,3.490513211,0.0002781014094,1.552050716,279.186724,flat,P4,constant
4701,4490,4587.2375,4585,1586.5125,3383,366979,3.532770928,3.461385262,3.498940264,3.499504858,0.0002288787619,1.450743791,279.9152211,3.526791478,3.46398624,3.497802425,3.500163411,0.0002302075941,1.260261922,279.824194,flat,P4,constant
4704,4509,4587.7375,4586,1698.373259,3777,367019,3.541148736,3.452192982,3.499233935,3.50016415,0.0003376206123,1.702612475,279.9387148,3.547669944,3.458697552,3.499733211,3.495032816,0.000306029359,1.455686509,279.9786569,flat,P4,constant
4679,4485,4591.05,4594.5,1439.111392,3302,367284,3.543913713,3.470124754,3.500462359,3.503030372,0.0002241937788,1.428724674,280.0369887,3.533621622,3.444617092,3.495668677,3.495130312,0.0002585089113,1.48793919,279.6534942,flat,P4,constant
4707,4474,4583.8125,4582,2559.875791,4526,366705,3.527826468,3.463382738,3.499317561,3.500328041,0.0002135328548,1.3052512,279.9454049,3.531525716,3.459883846,3.499227523,3.498911631,0.0002379327202,1.408839591,279.9382018,flat,P4,constant
4678,4477,4577.425,4578,1809.133544,3699,366194,3.540386304,3.458116319,3.498465617,3.499119475,0.0002722719902,1.457151214,279.8772494,3.527560764,3.45056155,3.488502003,3.487415411,0.000252283051,1.540939371,279.0801603,flat,P4,constant
4686,4384,4570.4375,4571.5,2147.869462,4150,365635,3.536936152,3.460949464,3.497013197,3.495344267,0.0002843540431,1.447213795,279.7610557,3.53066141,3.450549451,3.487455921,3.488747202,0.0001863055182,1.077097251,278.9964737,flat,P4,constant
4703,4490,4573.4625,4573,1881.593513,4036,365877,3.538358906,3.454070527,3.497020836,3.49558709,0.0003172182016,1.510794385,279.7616669,3.536860364,3.461011708,3.495882832,3.494847981,0.0002211664424,1.206999198,279.6706265,flat,P4,constant
4671,4482,4576.5,4576,1778.734177,3866,366120,3.532183145,3.458023612,3.493304438,3.495138241,0.0002902671959,1.495797758,279.464355,3.527376259,3.442598187,3.490854411,3.491405851,0.0002304687264,1.401691067,279.2683529,flat,P4,constant
4724,4488,4614.25,4612.5,2240.746835,4899,369140,3.542402442,3.472118959,3.508138296,3.508811611,0.000266938778,1.220651118,280.6510637,3.52943686,3.443985208,3.484838029,3.484180403,0.0003449065242,1.49928519,278.7870424,flat,P4,constant
4734,4531,4624.9375,4620.5,2039.578323,4123,369995,3.548344948,3.471648925,3.50623738,3.506360395,0.0002264790112,1.206852255,280.4989904,3.517346054,3.447053707,3.48610729,3.486778866,0.0002218328288,1.448836485,278.8885832,flat,P4,constant
4707,4540,4623.175,4623.5,1678.728481,3222,369854,3.546521554,3.459860384,3.506826802,3.508389298,0.000349103777,1.501528218,280.5461442,3.520860215,3.445329316,3.484262754,3.482382276,0.0002259670384,1.339667032,278.7410203,flat,P4,constant
4710,4515,4622.4375,4622.5,1973.439082,4266,369795,3.548606679,3.458749457,3.505281184,3.506981495,0.0002616480396,1.273777553,280.4224947,3.511184939,3.449871465,3.482576715,3.481895033,0.000216190738,1.395684814,278.6061372,flat,P4,constant
4725,4492,4596.8375,4592.5,2111.656804,3722,367747,3.537045061,3.46082452,3.499961472,3.501200984,0.0002308935972,1.306422131,279.9969178,3.519148021,3.434033149,3.488162661,3.488476528,0.0002119107853,1.262821593,279.0530129,flat,P4,constant
4685,4474,4591.725,4596,1879.898101,4062,367338,3.544685466,3.462435233,3.495953856,3.495673174,0.0002883444076,1.527647525,279.6763085,3.522931753,3.449269132,3.492786935,3.494643948,0.000225745227,1.255433975,279.4229548,flat,P4,constant
4677,4514,4600.2875,4596,1367.04288,3273,368023,3.54950495,3.455594253,3.500267815,3.498967622,0.0002964399257,1.404877984,280.0214252,3.523611718,3.466885965,3.492865275,3.492072768,0.0001993016201,1.177248081,279.429222,flat,P4,constant
4733,4513,4616.7375,4614,1478.550475,3840,369339,3.531675676,3.454243297,3.499619619,3.499189801,0.0002630498231,1.498752358,279.9695695,3.53565255,3.456319098,3.495504566,3.495115077,0.0002663284422,1.336431104,279.6403653,flat,P4,constant
4685,4479,4586.4875,4587,1682.987184,3799,366919,3.536759922,3.471525202,3.499064278,3.49579452,0.0002483030286,1.135332348,279.9251423,3.560382276,3.466320121,3.507463604,3.508676127,0.0003894850983,1.728306909,280.5970883,flat,P4,constant
4678,4490,4581.6,4581.5,1789.837975,3948,366528,3.534431138,3.44647918,3.49750668,3.497389321,0.000265630097,1.398987948,279.8005344,3.545956695,3.473719376,3.508533666,3.509935223,0.000212235987,1.220530519,280.6826933,flat,P4,constant
4713,4497,4580.2375,4582,1514.790981,3632,366419,3.538663172,3.464597902,3.497109765,3.49629621,0.0002407992343,1.128357464,279.7687812,3.551618548,3.460251955,3.507622647,3.507695406,0.000353832662,1.6946368,280.6098118,flat,P4,constant
4669,4476,4569.1,4568,1639.281013,3623,365528,3.547924028,3.465509761,3.499312795,3.49906435,0.0002996915012,1.568637715,279.9450236,3.545255314,3.468652735,3.50693172,3.50373278,0.0003054502621,1.421002579,280.5545376,flat,P4,constant
4705,4475,4589.075,4593,2001.260127,3787,367126,3.548541576,3.468098958,3.504976051,3.505093462,0.0002847155905,1.226714269,280.3980841,3.526818675,3.433768457,3.480623262,3.47940226,0.0002605395724,1.406317866,278.449861,flat,P4,constant
4691,4462,4567.925,4573.5,1996.677848,4315,365434,3.528609155,3.472774984,3.501897323,3.502682468,0.0001918437891,1.376210111,280.1517859,3.526938239,3.448200176,3.483541085,3.483412158,0.0002042988753,1.342132066,278.6832868,flat,P4,constant
4721,4482,4583.425,4579.5,2176.196835,3866,366674,3.535192852,3.470473718,3.500086406,3.500112941,0.0002383521568,1.195402779,280.0069125,3.53910738,3.438646288,3.481823729,3.481096932,0.00039533373,1.681520087,278.5458983,flat,P4,constant
4693,4502,4589.1125,4584,1966.328956,3905,367129,3.549130435,3.455227172,3.504767506,3.506256891,0.0002825111825,1.643216105,280.3814005,3.515356132,3.444371728,3.477456775,3.475909065,0.0002259770328,1.244722392,278.196542,flat,P4,constant
4720,4487,4586.2,4580,2022.440506,3821,366896,3.536467487,3.46216098,3.49797673,3.49709024,0.0002921353814,1.678189716,279.8381384,3.533599468,3.462058439,3.50356028,3.504030409,0.0002074451915,1.303641435,280.2848224,flat,P4,freeplay
4724,4475,4590.1,4593.5,2418.141772,4587,367208,3.548422198,3.465631929,3.499994856,3.501560713,0.0002958352308,1.383147225,279.9995885,3.534843581,3.464943032,3.499235552,3.501532112,0.0002228520811,1.195765417,279.9388441,flat,P4,freeplay
4698,4479,4586.5,4587,2139.037975,4032,366920,3.538662033,3.469255663,3.500053621,3.500054171,0.000244925086,1.214344237,280.0042897,3.538142077,3.463446762,3.498838501,3.499296969,0.0002809883146,1.469998164,279.9070801,flat,P4,freeplay
4680,4504,4594.725,4596,1500.936076,3521,367578,3.537065384,3.472885033,3.499223806,3.495823965,0.0001927134533,1.204370242,279.9379045,3.529991431,3.469392217,3.498461687,3.497295142,0.00023155062,1.411289867,279.876935,flat,P4,freeplay
4690,4473,4579.1125,4575.5,2015.493513,3829,366329,3.538563536,3.446836269,3.498916825,3.49906734,0.000274137706,1.283246731,279.913346,3.55801105,3.469572723,3.506236751,3.50669748,0.0002052549686,1.248599204,280.4989401,flat,P4,freeplay
4686,4506,4587.825,4592,1401.66519,3331,367026,3.536003502,3.469837076,3.502945856,3.503883965,0.0002320963745,1.199070647,280.2356684,3.540755041,3.456426056,3.501185309,3.49939952,0.0003170548295,1.401338455,280.0948247,flat,P4,freeplay
4716,4495,4596.675,4597.5,2114.80443,4082,367734,3.542394822,3.457105435,3.500911467,3.499839231,0.0002827154309,1.332819262,280.0729174,3.538278547,3.449472759,3.495691101,3.495619997,0.0003115714281,1.17544258,279.6552881,flat,P4,freeplay
4717,4470,4590.6875,4592,1860.521361,3643,367255,3.533520761,3.460026212,3.496900643,3.495844051,0.0001944022936,1.244096162,279.7520514,3.546792619,3.45950628,3.502489919,3.502222515,0.0002918946749,1.470299031,280.1991935,flat,P4,freeplay
4675,4503,4591.5125,4586,1532.379589,3318,367321,3.535861322,3.448449104,3.499821519,3.503249802,0.0003076692167,1.445700663,279.9857215,3.531714786,3.460983607,3.498274729,3.498201846,0.0002479620755,1.273703172,279.8619783,flat,P4,freeplay
4683,4477,4585.625,4587,1774.667722,3717,366850,3.543207127,3.463356461,3.500879979,3.500547172,0.0002719063283,1.286796472,280.0703983,3.530052265,3.459048027,3.499516823,3.499837379,0.0002007511208,1.249799901,279.9613458,flat,P4,freeplay
4680,4511,4593.175,4593,1689.057595,3805,367454,3.538845486,3.465146865,3.499599291,3.498909979,0.0002098875239,1.197407366,279.9679433,3.541322314,3.464394932,3.498655409,3.49780977,0.0002148204274,1.320492917,279.8924327,flat,P4,freeplay
4688,4493,4593.9625,4604,1929.479589,4076,367517,3.543511121,3.449358691,3.498383302,3.499729636,0.0002895411802,1.490646862,279.8706642,3.531427324,3.471105252,3.502948226,3.504092783,0.0001846003827,1.135866685,280.2358581,flat,P4,freeplay
4691,4481,4584.875,4573,2388.110759,4341,366790,3.535029101,3.473061761,3.503203535,3.50279126,0.0002088466495,1.272024212,280.2562828,3.540588365,3.462529525,3.500452364,3.50088089,0.0003045581746,1.538158016,280.0361892,flat,P4,freeplay
4719,4484,4591.075,4591,1763.968987,3698,367286,3.533799534,3.45826049,3.50120625,3.501747999,0.0002787105272,1.454274361,280.0965,3.544092094,3.467670505,3.500770322,3.500601093,0.0002592303334,1.420191245,280.0616258,flat,P4,freeplay
4718,4485,4592.45,4592,1660.908861,3807,367396,3.546841882,3.456531236,3.502641349,3.503805534,0.0002659404841,1.269978133,280.2113079,3.532106071,3.462071955,3.495974791,3.496852295,0.0002057911327,1.28258066,279.6779833,flat,P4,freeplay
4688,4464,4587.3625,4585,1392.715032,3340,366989,3.541184182,3.470472441,3.500160873,3.499182967,0.0001895334336,1.245585592,280.0128699,3.567468053,3.457354221,3.496709356,3.496339542,0.0002708680018,1.596724369,279.7367485,flat,P4,freeplay
4685,4470,4580.5125,4580.5,1890.784652,4271,366441,3.529154837,3.445110208,3.495532824,3.496983739,0.0003371513619,1.735122445,279.6426259,3.543996532,3.460939191,3.500418536,3.499672058,0.0002597006242,1.311041027,280.0334829,flat,P4,freeplay
4706,4467,4592.35,4590.5,2283.420253,4051,367388,3.534918919,3.455441209,3.499496788,3.499188277,0.0002669655098,1.495947902,279.959743,3.541522491,3.452750665,3.498797786,3.499717298,0.0003440467125,1.802431261,279.9038229,flat,P4,freeplay
4711,4449,4588.525,4588.5,2732.961392,4512,367082,3.532681868,3.457820738,3.496676035,3.497500635,0.0002948411787,1.44886338,279.7340828,3.535595476,3.45999564,3.500776388,3.502889455,0.0002594576395,1.494536721,280.062111,flat,P4,freeplay
4687,4463,4583.4375,4586.5,1996.578323,3775,366675,3.526891124,3.446767655,3.496115636,3.497658618,0.0001930072332,1.077198642,279.6892509,3.540868033,3.461893257,3.500811809,3.500274786,0.0002782005795,1.507255097,280.0649447,flat,P4,freeplay
4678,4506,4595.6875,4597.5,1630.192247,3589,367655,3.536216216,3.455458515,3.498582699,3.497109343,0.0002522921025,1.238478449,279.8866159,3.529398811,3.464089611,3.497375301,3.495186966,0.0002283506677,1.483635583,279.7900241,flat,P4,freeplay
4703,4497,4591.825,4583.5,2340.88038,4422,367346,3.550224888,3.462015504,3.500268553,3.499888321,0.0002756593894,1.355461639,280.0214842,3.54327768,3.459280512,3.499281748,3.50117955,0.0002929774536,1.534833903,279.9425398,flat,P4,freeplay
4706,4451,4585.8,4588,1959.55443,3845,366864,3.54650655,3.463973799,3.500353087,3.499674015,0.000230268789,1.20602873,280.028247,3.531046461,3.462008734,3.494694755,3.495010555,0.0001959324482,1.130133415,279.5755804,flat,P4,freeplay
4678,4475,4584.4625,4581,2208.175791,4089,366757,3.530571992,3.465228873,3.499914362,3.499241039,0.0002256378066,1.286568313,279.993149,3.530850595,3.46213122,3.49687755,3.497387324,0.0002467460925,1.379476265,279.750204,flat,P4,freeplay
4721,4495,4590.775,4594,2146.632278,3718,367262,3.546107003,3.463088719,3.504102625,3.503449608,0.0002802579767,1.52004255,280.32821,3.551500756,3.459417733,3.497058021,3.498423649,0.000299300272,1.604436747,279.7646417,flat,P4,freeplay
4664,4465,4583.9875,4586,1879.759335,4223,366719,3.538126362,3.459757442,3.504356255,3.504188432,0.0002379333829,1.257789442,280.3485004,3.536707211,3.462831286,3.498428257,3.498652815,0.0002286085618,1.247532279,279.8742606,flat,P4,freeplay
4683,4497,4586.7875,4588.5,1787.131487,3732,366943,3.548535199,3.470435348,3.50315408,3.501415549,0.0002842875709,1.641291696,280.2523264,3.533421284,3.456852792,3.499411905,3.500922137,0.0002661094894,1.576865572,279.9529524,flat,P4,freeplay
4681,4478,4580.525,4579.5,2125.771519,3641,366442,3.547541694,3.449358691,3.499650282,3.5002744,0.0002646301199,1.275653891,279.9720226,3.526841991,3.463023919,3.495477643,3.497725945,0.0002336612061,1.414097676,279.6382114,flat,P4,freeplay
4742,4503,4596.675,4594.5,1704.120886,3155,367734,3.537748059,3.460590048,3.500647079,3.501468446,0.0002863084936,1.519949763,280.0517663,3.53826087,3.476731718,3.503754034,3.502010311,0.0001883285965,1.168316173,280.3003227,flat,P4,freeplay
4681,4492,4596.0875,4607,2302.25807,3946,367687,3.550699677,3.462975027,3.50439235,3.502113788,0.0002462131474,1.288435631,280.351388,3.545355191,3.466092573,3.49933889,3.498921646,0.0002158180012,1.271846209,279.9471112,flat,P4,freeplay
4693,4500,4592.9125,4590.5,1792.156804,3966,367433,3.537303806,3.453681185,3.502518642,3.502880097,0.0003261551813,1.732927679,280.2014913,3.536305451,3.462816961,3.501266039,3.500381276,0.0002219155176,1.337681282,280.1012831,flat,P4,freeplay
4699,4464,4599.725,4598.5,2076.05,3805,367978,3.544111349,3.464794816,3.501628645,3.502904146,0.0002837571883,1.441256004,280.1302916,3.538906752,3.463721031,3.496406509,3.495932161,0.0002832554703,1.374540411,279.7125207,flat,P4,freeplay
4673,4454,4588.275,4591.5,1834.328481,4016,367062,3.536680372,3.461869884,3.499426357,3.49902513,0.0002325383088,1.420999561,279.9541086,3.534336167,3.460956089,3.497438434,3.498698419,0.0002278588418,1.534051913,279.7950747,flat,P4,no
4671,4483,4585.95,4581.5,1969.111392,3975,366876,3.53058104,3.467738478,3.501496803,3.502636496,0.0002279163903,1.4332232,280.1197442,3.539362394,3.460413081,3.496905484,3.498859274,0.0002053803771,1.256682819,279.7524388,flat,P4,no
4681,4496,4599.2,4601.5,1739.605063,3836,367936,3.541380789,3.447790295,3.500690531,3.503260885,0.0002982281083,1.517561625,280.0552424,3.550098663,3.459519573,3.498955581,3.499133739,0.000284694826,1.619832808,279.9164465,flat,P4,no
4696,4512,4595.1625,4593.5,1695.175791,3987,367613,3.53649635,3.470277411,3.499166491,3.499182519,0.0002151642157,1.226212801,279.9333193,3.541240479,3.455521472,3.501883821,3.50070753,0.000273087567,1.45893541,280.1507057,flat,P4,no
4707,4488,4584.7,4587.5,2172.84557,3933,366776,3.527960876,3.447959852,3.495640681,3.496245539,0.0003488195451,1.643831047,279.6512544,3.550648209,3.464611376,3.50015267,3.500658334,0.0002587703373,1.383689295,280.0122136,flat,P4,no
4704,4507,4592.5375,4588,1540.32769,3210,367403,3.559965111,3.444347447,3.494106433,3.495004056,0.0002988996225,1.376798097,279.5285146,3.554124836,3.471534116,3.501729667,3.500438348,0.0002409608062,1.282178464,280.1383734,flat,P4,no
4697,4502,4588.4,4592.5,1893.179747,3714,367072,3.528976035,3.435066348,3.493944859,3.493685335,0.0003225639231,1.533750114,279.5155887,3.531943212,3.468338016,3.498333988,3.496723233,0.0002152760697,1.160376693,279.866719,flat,P4,no
4694,4511,4587.875,4587.5,1668.591772,3860,367030,3.541884817,3.468536101,3.497992419,3.494386896,0.0003099953405,1.420054041,279.8393935,3.530387931,3.474483062,3.49978721,3.499073283,0.00015157973,1.166028068,279.9829768,flat,P4,no
4704,4509,4597.35,4600,2034.58481,4274,367788,3.530322862,3.457991576,3.499757531,3.501407663,0.0002696334256,1.349587526,279.9806025,3.540060632,3.468121893,3.499961235,3.500269991,0.0002794542583,1.479396941,279.9968988,flat,P4,no
4685,4506,4592.9125,4594.5,1680.308703,3829,367433,3.537754432,3.470960699,3.505078434,3.505787764,0.0002078450604,1.431329884,280.4062747,3.542310202,3.459429825,3.498682432,3.49901699,0.0002487242116,1.439991782,279.8945946,flat,P4,no
4679,4513,4602.5625,4603.5,1400.755538,3376,368205,3.550544988,3.471447254,3.502922104,3.503403593,0.0002879009537,1.449755603,280.2337683,3.538928649,3.462874512,3.499820341,3.496792126,0.0002952803778,1.635751668,279.9856273,flat,P4,no
4671,4492,4588.6375,4591,1482.487184,3308,367091,3.539224138,3.456763232,3.503213106,3.501436121,0.000284992905,1.460805567,280.2570485,3.531045037,3.464966741,3.499361881,3.499348081,0.0002164814704,1.379778059,279.9489505,flat,P4,no
4688,4513,4597.2375,4596.5,1508.031487,3814,367779,3.53714408,3.468580126,3.501841657,3.502780474,0.0002053681427,1.154322576,280.1473326,3.546952939,3.462926723,3.501747604,3.500106655,0.0002322777965,1.214003767,280.1398083,flat,P4,no
4735,4490,4590.5125,4587,2269.670728,4172,367241,3.554621849,3.465938865,3.499081201,3.49737091,0.0002705788093,1.373655021,279.9264961,3.559020045,3.459134615,3.500894209,3.502039479,0.0002616261164,1.31369583,280.0715367,flat,P4,no
4691,4518,4592.75,4594,1731.151899,3912,367420,3.544860627,3.459842863,3.495667154,3.494427403,0.0003247834277,1.324095058,279.6533723,3.538938053,3.451375352,3.499786357,3.502342731,0.0002869879372,1.56148407,279.9829085,flat,P4,no
4685,4470,4588.6625,4588,1801.973259,3502,367093,3.550788091,3.442729306,3.499302193,3.499297319,0.0003543751087,1.677889176,279.9441755,3.545652174,3.445220428,3.501064154,3.502109379,0.0002795402681,1.384296574,280.0851323,flat,P4,no
4726,4509,4599.6625,4599.5,1858.378323,4043,367973,3.53826087,3.463730002,3.502080132,3.500707575,0.0003231972391,1.523705198,280.1664106,3.5370089,3.467984529,3.500994058,3.500653026,0.0002492080344,1.447943056,280.0795247,flat,P4,no
4743,4520,4597.8375,4594,1699.530222,3540,367827,3.535729753,3.456883829,3.501182735,3.503563728,0.0002990451645,1.332164264,280.0946188,3.54127844,3.455866406,3.501273507,3.50163594,0.0002208007972,1.270148193,280.1018805,flat,P4,no
4737,4493,4602.4875,4600.5,2286.455538,4077,368199,3.537241075,3.452875574,3.501697718,3.502348006,0.0002955719048,1.505580315,280.1358174,3.532205595,3.463723776,3.501677485,3.50440657,0.0002767376992,1.415846654,280.1341988,flat,P4,no
4697,4484,4599.175,4599,1407.66519,2915,367934,3.538875727,3.459873169,3.499384149,3.499567381,0.0002668760083,1.298525505,279.9507319,3.539573,3.465246396,3.504492112,3.504250519,0.0002515391443,1.39801218,280.359369,flat,P4,no
4687,4505,4600.4375,4598.5,1743.894778,4116,368035,3.534898891,3.467453036,3.501742659,3.50298947,0.0002613587281,1.31448436,280.1394127,3.539479393,3.471610915,3.49912597,3.499835273,0.0001861855841,1.19157976,279.9300776,flat,P4,no
4688,4484,4589.375,4597,2061.857595,3454,367150,3.548735682,3.467031763,3.500904188,3.499892873,0.0002476227224,1.365243636,280.0723351,3.537568456,3.459547629,3.499503714,3.500658672,0.0002904433228,1.659730591,279.9602971,flat,P4,no
4699,4467,4589.5125,4591,1754.303639,3656,367161,3.532989469,3.468531469,3.502074709,3.501024632,0.0001753311468,1.190637227,280.1659767,3.547676195,3.448216588,3.49806463,3.495311559,0.0002654341086,1.47862447,279.8451704,flat,P4,no
4721,4472,4583.6625,4582,2129.492247,4308,366693,3.537177542,3.469993547,3.502303342,3.501307697,0.0002598416767,1.455163514,280.1842674,3.541872982,3.457355843,3.500396936,3.499783062,0.0002479640018,1.324409666,280.0317548,flat,P4,no
4694,4482,4590.2625,4594,1551.689715,3298,367221,3.542226072,3.466853811,3.501136303,3.499458921,0.0002144031803,1.348326618,280.0909042,3.530461271,3.472604235,3.498519471,3.49583452,0.0002024237955,1.285734788,279.8815577,flat,P4,no
4691,4535,4601.4875,4601,1228.278323,2822,368119,3.532335069,3.465126417,3.499683678,3.500918048,0.0003067275507,1.354376731,279.9746943,3.536794679,3.455821092,3.49671444,3.497048778,0.0002293274213,1.438816164,279.7371552,flat,P4,no
4677,4518,4591.975,4592,1345.214557,3410,367358,3.550032559,3.462334802,3.499876915,3.501199764,0.0002440925942,1.243639533,279.9901532,3.532392559,3.469343225,3.502654859,3.505897188,0.000215724744,1.160959176,280.2123887,flat,P4,no
4728,4468,4601.0625,4605,1732.894778,3517,368085,3.541348462,3.459757442,3.498991463,3.499999953,0.0002327428693,1.264651534,279.919317,3.541124587,3.456698093,3.501988064,3.502396436,0.0002379494777,1.323588494,280.1590451,flat,P4,no
4696,4492,4595.8375,4594.5,1899.631487,3734,367667,3.531813246,3.466695502,3.497649696,3.49670491,0.0002572174343,1.223344551,279.8119757,3.550749465,3.459552496,3.504169763,3.503281178,0.0003377378658,1.732810545,280.3335811,flat,P4,no
4717,4494,4589.0375,4584.5,1713.935285,3474,367123,3.54407624,3.46456343,3.500940931,3.498646769,0.0002756125429,1.377562641,280.0752744,3.536075813,3.47508161,3.502947025,3.503234067,0.0001911512697,1.184609105,280.235762,flat,P4,no
4709,4512,4593.775,4593.5,1846.05,3904,367502,3.535327265,3.461317418,3.500042991,3.498577604,0.0002623952083,1.474791735,280.0034393,3.55483871,3.45782872,3.499353133,3.500217817,0.0002910163303,1.371838971,279.9482506,flat,P4,no
4712,4500,4602.625,4606,1830.060127,3685,368210,3.532643827,3.458831058,3.501187468,3.504814218,0.0002835787642,1.42818752,280.0949975,3.54274441,3.467495637,3.503404244,3.502557078,0.0002832995803,1.631744467,280.2723395,flat,P4,no
4666,4478,4580.975,4586.5,1860.961392,3801,366478,3.542758173,3.468190641,3.503368433,3.504415125,0.0002182339907,1.293075031,280.2694747,3.526417943,3.456368444,3.495671737,3.494845628,0.0001912487285,1.245167536,279.653739,flat,P4,pat
4721,4488,4586.1875,4585.5,2277.369462,4366,366895,3.540645161,3.460520607,3.50007639,3.500161725,0.00023151202,1.410912422,280.0061112,3.529347826,3.466900482,3.497561294,3.497488594,0.0001848125462,1.202327153,279.8049035,flat,P4,pat
4694,4458,4582.0875,4576,1913.701108,3899,366567,3.544104991,3.458041958,3.500066144,3.500439911,0.0002680271459,1.564240395,280.0052915,3.543848023,3.45605961,3.4961144,3.496216805,0.0002558139908,1.228868121,279.689152,flat,P4,pat
4687,4469,4583.8,4583.5,1858.972152,3444,366704,3.547202797,3.464348592,3.503888438,3.502811408,0.0003334043729,1.615306189,280.3110751,3.53102993,3.457766256,3.494976515,3.496677649,0.0002697487105,1.506805969,279.5981212,flat,P4,pat
4704,4486,4584.85,4587.5,2020.053165,4507,366788,3.555220667,3.450707339,3.499621618,3.498137234,0.0002980745484,1.495068636,279.9697295,3.536899563,3.46568313,3.498689603,3.499181158,0.0002458016158,1.378007002,279.8951683,flat,P4,pat
4677,4494,4584.1875,4581,1833.647943,3836,366735,3.535390591,3.456217163,3.500689989,3.501697604,0.0003062976668,1.471746737,280.0551991,3.538647875,3.459221807,3.494890419,3.494191579,0.0002188608914,1.209957168,279.5912335,flat,P4,pat
4698,4498,4592.3125,4592,1751.230222,4066,367385,3.535573985,3.464169026,3.500945403,3.503479081,0.0002877558142,1.458864544,280.0756323,3.525824653,3.450316663,3.496223281,3.495233311,0.0002502726756,1.404584736,279.6978625,flat,P4,pat
4681,4505,4588.2,4595,1482.617722,3629,367056,3.538711776,3.466944872,3.499209525,3.498244682,0.0002267274583,1.330034025,279.936762,3.532748288,3.454766108,3.49792395,3.497595161,0.0002691363665,1.323941927,279.833916,flat,P4,pat
4691,4483,4587.125,4581.5,1675.351266,3768,366970,3.542930923,3.455818023,3.496357938,3.49710291,0.0002588209621,1.46629528,279.708635,3.531562908,3.460029844,3.499354573,3.499674888,0.0002588335404,1.499817668,279.9483658,flat,P4,pat
4674,4431,4584.0375,4592.5,2179.68212,4233,366723,3.534599432,3.461063313,3.494937179,3.494485591,0.0003004073557,1.696438024,279.5949744,3.542575952,3.464316609,3.499257272,3.499401651,0.000300632587,1.606816733,279.9405818,flat,P4,pat
4719,4504,4580.5125,4572,2011.746677,3755,366441,3.537407569,3.463393055,3.497809532,3.49677345,0.0002773424314,1.60535135,279.8247626,3.530839895,3.460035134,3.49229481,3.491945292,0.0002509523627,1.573246022,279.3835848,flat,P4,pat
4694,4503,4581.0625,4584,1503.907437,3534,366485,3.547165729,3.455811929,3.496261488,3.495556492,0.0002769274532,1.574241569,279.700919,3.535714286,3.4592415,3.497119769,3.497919404,0.0002282328003,1.298652264,279.7695816,flat,P4,pat
4695,4497,4592.3125,4591,1341.939082,3192,367385,3.559670782,3.45592376,3.504094948,3.504491076,0.000361631167,1.649778143,280.3275958,3.540814129,3.461336254,3.496694941,3.497520763,0.0002560136352,1.417380748,279.7355953,flat,P4,pat
4674,4488,4590.35,4594.5,1617.065823,3676,367228,3.536680372,3.472381794,3.502251745,3.505218347,0.0001773310657,1.209227685,280.1801396,3.541892184,3.457048458,3.496821209,3.497777431,0.000256764681,1.516568965,279.7456968,flat,P4,pat
4698,4487,4588.025,4590,1950.860127,4064,367042,3.538108757,3.464666232,3.504511508,3.504411617,0.0002384561678,1.402078533,280.3609206,3.53917548,3.46737712,3.497072974,3.495988448,0.0002897192918,1.454373805,279.7658379,flat,P4,pat
4653,4482,4583.2875,4589,1126.96693,2896,366663,3.531332165,3.449319877,3.499301398,3.497932559,0.0003091210378,1.45656211,279.9441119,3.554380665,3.459965187,3.500311506,3.499561259,0.0002801349694,1.393652848,280.0249205,flat,P4,pat
4676,4521,4596.8625,4594,1410.626424,3115,367749,3.537796976,3.460726073,3.500385965,3.501577438,0.0002735772454,1.335330206,280.0308772,3.528281284,3.450735133,3.501733694,3.502621607,0.0002249753498,1.215703958,280.1386956,flat,P4,pat
4689,4497,4599.55,4600.5,1794.048101,3489,367964,3.529273,3.473937801,3.498459287,3.499294478,0.0001924989836,1.109775685,279.8767429,3.538627536,3.463933348,3.499981055,3.500161344,0.0002746933291,1.320383241,279.9984844,flat,P4,pat
4680,4514,4594.6125,4590.5,1671.860601,3664,367569,3.544576197,3.472198089,3.502821338,3.501140516,0.000338723476,1.705685371,280.225707,3.535279805,3.463573287,3.500906152,3.501589786,0.000249642806,1.387894146,280.0724922,flat,P4,pat
4691,4459,4597.475,4591,2181.239873,3851,367798,3.535637149,3.466402291,3.497062071,3.49645399,0.0002122072742,1.264147012,279.7649657,3.557430951,3.459807776,3.501911138,3.502110987,0.0003732903569,1.670034127,280.1528911,flat,P4,pat
4663,4499,4585.4125,4588,1175.334019,3103,366833,3.530772588,3.460074382,3.500288208,3.500492809,0.0002277060654,1.281051408,280.0230566,3.523352248,3.45395024,3.494398516,3.494601326,0.0001992294798,1.211921008,279.5518813,flat,P4,pat
4710,4480,4588.575,4587,1777.412025,3541,367086,3.535886214,3.452063769,3.501432598,3.503094027,0.0002863048128,1.393780553,280.1146078,3.528667975,3.46243666,3.497357461,3.495710687,0.0002634708468,1.2625435,279.7885969,flat,P4,pat
4688,4500,4591.1375,4592.5,1622.854272,3650,367291,3.535291539,3.462,3.499423115,3.50054719,0.0002297215302,1.42545641,279.9538492,3.534110915,3.464624676,3.499044822,3.497759651,0.0001978544415,1.234577864,279.9235858,flat,P4,pat
4710,4491,4593.5625,4593,2181.236551,4345,367485,3.532520325,3.468248737,3.502427191,3.502693734,0.0002187257049,1.374756247,280.1941753,3.536123348,3.472563652,3.499184056,3.496918505,0.0002114584253,1.294901592,279.9347245,flat,P4,pat
4659,4421,4578.8375,4583.5,1570.871994,3119,366307,3.539877301,3.469026549,3.501652501,3.501733862,0.0002603634789,1.260341566,280.1322001,3.532724505,3.464354943,3.497801905,3.497540437,0.0002484204625,1.369698125,279.8241524,flat,P4,pat
4669,4500,4586.6875,4586.5,1467.331487,3262,366935,3.543069523,3.446753247,3.497207589,3.497276511,0.0002031492625,1.178231661,279.7766071,3.550904731,3.464758187,3.498670957,3.499458171,0.0003570935815,1.739598821,279.8936766,flat,P4,pat
4670,4499,4584.3125,4585.5,1238.521361,3225,366745,3.539995664,3.465258114,3.496330795,3.494551332,0.0002305055194,1.32524022,279.7064636,3.52509821,3.451264318,3.4966206,3.495714562,0.0002492691575,1.434607536,279.729648,flat,P4,pat
4705,4498,4582.5125,4578,1643.569462,3009,366601,3.547933157,3.445082873,3.498066138,3.497371973,0.000356497781,1.413709349,279.845291,3.532797567,3.459393671,3.501311577,3.50109028,0.0002952357131,1.621643864,280.1049261,flat,P4,pat
4709,4485,4586.7875,4586,2616.675791,4310,366943,3.54820457,3.452517668,3.501207972,3.500486492,0.0003542480592,1.674406455,280.0966378,3.540110497,3.456583243,3.497379699,3.498763844,0.0002904004326,1.664625632,279.7903759,flat,P4,pat
4660,4489,4591.35,4595.5,1374.660759,3745,367308,3.537916219,3.457744949,3.500130806,3.499669472,0.0002460676153,1.442686612,280.0104645,3.548513986,3.468032969,3.500758007,3.497375673,0.00026620863,1.295441974,280.0606406,flat,P4,pat
4703,4499,4596.1,4593.5,1601.837975,3676,367688,3.534429825,3.465756347,3.501737112,3.504133826,0.0002458540204,1.296727658,280.1389689,3.546032442,3.468348923,3.500194984,3.49812959,0.000315476927,1.585110624,280.0155987,flat,P4,pat
4711,4477,4588.4125,4584,1786.650475,4160,367073,3.547852627,3.454086116,3.500107078,3.499342286,0.0003067320912,1.406998363,280.0085662,3.531997414,3.466435686,3.498613053,3.498799209,0.000159017484,1.028408567,279.8890443,flat,P4,pat
4694,4441,4562.9625,4570.5,2991.580854,3214,365037,3.545454545,3.472556309,3.507137697,3.504073714,0.0002321363768,1.316638737,280.5710158,3.544198289,3.451408604,3.498850975,3.498363245,0.0004512488973,1.479945472,279.908078,flat,P4,pinch
4650,4441,4555.325,4554.5,1960.01962,3183,364426,3.548036388,3.471001757,3.504165614,3.505301049,0.0003160090452,1.407228356,280.3332492,3.540048813,3.46991404,3.501004758,3.503491068,0.0002400185905,1.35767446,280.0803806,flat,P4,pinch
4678,4467,4582.175,4583,1941.23481,3618,366574,3.542163355,3.455111684,3.500963751,3.501353847,0.0002930429459,1.591141172,280.0771001,3.552712161,3.460112117,3.498125514,3.497105144,0.0003156223962,1.506234408,279.8500411,flat,P4,pinch
4661,4458,4576.65,4576.5,2119.926582,3693,366132,3.533259424,3.457465278,3.500448295,3.501193636,0.0002417444389,1.426767052,280.0358636,3.545654565,3.459120879,3.499670529,3.497908388,0.0002845892525,1.52704478,279.9736423,flat,P4,pinch
4710,4452,4577.825,4578.5,2187.614557,3780,366226,3.541849255,3.457777778,3.503193726,3.504950092,0.000273671393,1.348062026,280.2554981,3.546089996,3.464084812,3.501023208,3.500331418,0.0003370224705,1.634122649,280.0818566,flat,P4,pinch
4739,4503,4605.05,4599.5,3148.2,3488,368404,3.585418464,3.465342163,3.508780261,3.508749493,0.0004831938879,1.334803838,280.7024209,3.524490681,3.41337835,3.483374353,3.486781194,0.0005745944209,1.478141352,278.6699483,flat,P4,pinch
4723,4475,4595.0625,4590,2798.590981,4600,367605,3.537426774,3.449609036,3.500123094,3.502068815,0.000402575848,1.510687911,280.0098475,3.542387733,3.449823165,3.498807261,3.5,0.0003233271293,1.481081195,279.9045809,flat,P4,pinch
4691,4452,4563.8125,4559.5,2083.24288,3498,365105,3.552972143,3.464626736,3.50725915,3.504182019,0.0004316797123,1.566248003,280.580732,3.549330357,3.45889812,3.501413514,3.500657711,0.0002649340416,1.520950146,280.1130811,flat,P4,pinch
4683,4434,4580.3125,4583.5,2510.749209,3896,366425,3.548205793,3.465054945,3.503305191,3.503332274,0.000276123174,1.447086721,280.2644153,3.534467714,3.459221807,3.500239429,3.498446466,0.0002203750897,1.278663717,280.0191544,flat,P4,pinch
4672,4495,4590.8625,4590,2092.29731,3939,367269,3.546382794,3.453617206,3.498840165,3.496499047,0.000307178929,1.239668462,279.9072132,3.52716341,3.459812677,3.497124922,3.49578563,0.0001991055115,1.220315632,279.7699937,flat,P4,pinch
4685,4485,4593.0875,4596.5,1748.030222,3464,367447,3.554106074,3.449827735,3.497065334,3.49989011,0.000360529759,1.732793817,279.7652267,3.534100782,3.470121279,3.49890108,3.498906657,0.0001649554897,1.2146332,279.9120864,flat,P4,pinch
4695,4473,4575.8,4574.5,1869.402532,3575,366064,3.530352128,3.433758803,3.497520379,3.497510363,0.0003220296572,1.360383986,279.8016303,3.535612536,3.465449804,3.493873581,3.492896864,0.0002355005457,1.099936664,279.5098865,flat,P4,pinch
4708,4490,4586.2,4583,1858.136709,3364,366896,3.542332094,3.467034179,3.49993134,3.499345831,0.0002346086866,1.409486287,279.9945072,3.544245859,3.447654214,3.5028596,3.502964797,0.0002541033613,1.414774066,280.228768,flat,P4,pinch
4686,4490,4596.65,4597.5,1840.356962,3528,367732,3.545711798,3.451146227,3.499798618,3.502635273,0.000306244889,1.3663425,279.9838894,3.533146189,3.4465299,3.50043182,3.500053389,0.0002554486638,1.470636699,280.0345456,flat,P4,pinch
4706,4470,4591.4375,4590.5,1836.249209,4076,367315,3.54288202,3.458841463,3.498258605,3.498196936,0.0003080832431,1.378506318,279.8606884,3.542398946,3.466637305,3.507219486,3.506095752,0.0002950699501,1.521841002,280.5775589,flat,P4,pinch
4653,4428,4555.425,4549,2169.791772,3347,364434,3.534038334,3.433184855,3.487411137,3.489904579,0.0003967593632,1.468450309,278.992891,3.541008772,3.440185063,3.4995822,3.503696244,0.0004283641007,1.421103821,279.966576,flat,P4,pinch
4700,4467,4564.8,4561,2344.567089,4567,365184,3.531900753,3.442222222,3.494980997,3.49590404,0.0004146126511,1.771475458,279.5984798,3.55625135,3.45914484,3.503244046,3.502898701,0.0003441173015,1.389334161,280.2595237,flat,P4,pinch
4672,4423,4585.0875,4583.5,2152.941614,3903,366807,3.5286051,3.457947946,3.49758698,3.497429021,0.000293718264,1.342841605,279.8069584,3.532205595,3.459066901,3.499326876,3.497807908,0.0002257843058,1.310386098,279.9461501,flat,P4,pinch
4732,4441,4580.1125,4579.5,3225.36693,4208,366409,3.542656113,3.440573319,3.498779079,3.497436192,0.000300239584,1.337240321,279.9023263,3.538546014,3.459765115,3.506780879,3.507518843,0.0002581610921,1.530397703,280.5424703,flat,P4,pinch
4658,4463,4566.8125,4578.5,2220.432753,3494,365345,3.549834983,3.441840278,3.496687817,3.495014175,0.0004625256668,1.579606771,279.7350253,3.552771619,3.451648841,3.507364065,3.505149769,0.0005933362992,1.53139126,280.5891252,flat,P4,pinch
4681,4476,4587.95,4588.5,1925.41519,3960,367036,3.551345533,3.446090176,3.500906986,3.500818344,0.0002941191261,1.389949327,280.0725588,3.541488452,3.465131436,3.501562538,3.501627405,0.0002550745052,1.503369768,280.125003,flat,P4,pinch
4673,4503,4588.55,4590.5,1655.389873,3828,367084,3.532417347,3.457035564,3.498580003,3.49771527,0.0002604069404,1.299951326,279.8864002,3.53897937,3.456617003,3.500400211,3.501528503,0.0002456863866,1.333194616,280.0320169,flat,P4,pinch
4679,4484,4588.5875,4586,1898.245411,3802,367087,3.549593844,3.462467076,3.499275184,3.498737142,0.000309193599,1.577410023,279.9420147,3.542988405,3.451254089,3.498294548,3.49633058,0.0003463912112,1.466691357,279.8635639,flat,P4,pinch
4679,4505,4587.325,4586,1285.310759,3435,366986,3.529834495,3.457374534,3.498530332,3.49918587,0.0002732599122,1.532860382,279.8824265,3.531714786,3.463109354,3.499887462,3.502109987,0.0002085929246,1.363040597,279.990997,flat,P4,pinch
4690,4402,4562.4875,4563,2744.202373,4093,364999,3.532536804,3.43435232,3.486821566,3.485682499,0.0004493532017,1.600073617,278.9457253,3.549295775,3.457551195,3.507689798,3.507761056,0.0002702881136,1.213483319,280.6151838,flat,P4,pinch
4720,4468,4586.575,4581,2098.576582,4095,366926,3.526281635,3.461050328,3.498476628,3.49744632,0.0002444102806,1.494158115,279.8781302,3.548724657,3.461605968,3.496571168,3.49634861,0.0002912098546,1.377587861,279.7256935,flat,P4,pinch
4701,4462,4575.0125,4575.5,2528.215032,3978,366001,3.542221252,3.460546448,3.497583884,3.497000991,0.0002425482912,1.281787945,279.8067107,3.549561122,3.44666069,3.498206671,3.497379005,0.0003567736699,1.447390582,279.8565336,flat,P4,pinch
4675,4460,4565,4563,1865.493671,3831,365200,3.553583027,3.441297297,3.484673084,3.482487361,0.0003513120131,1.558739759,278.7738467,3.547459459,3.474661424,3.512776968,3.513459733,0.0003085407037,1.371069353,281.0221575,flat,P4,pinch
4711,4487,4588.1875,4586,1583.394778,3367,367055,3.536585366,3.460286458,3.502831698,3.501794471,0.0003031281437,1.535835355,280.2265358,3.534388047,3.457844415,3.499465106,3.499507257,0.0002164282037,1.291654047,279.9572085,flat,P4,poke
4694,4470,4590.9625,4594.5,1835.530222,3547,367277,3.549210469,3.456036745,3.503190493,3.504501893,0.0003268796625,1.355517172,280.2552395,3.531919643,3.463333333,3.499267695,3.497817605,0.0002717384084,1.491370929,279.9414156,flat,P4,poke
4696,4482,4587.325,4589.5,1971.462658,3824,366986,3.534312651,3.454210069,3.501066649,3.505113774,0.0002531691347,1.263844972,280.0853319,3.570950469,3.466898955,3.50404946,3.502639552,0.000456285149,1.670746819,280.3239568,flat,P4,poke
4704,4519,4593.9375,4593,1374.489715,3392,367515,3.561028771,3.455898446,3.503526761,3.502033441,0.0003731420549,1.608222926,280.2821408,3.53024453,3.462321351,3.496327807,3.496759056,0.0002299964575,1.302909877,279.7062245,flat,P4,poke
4679,4494,4586.975,4588.5,1812.176582,3371,366958,3.539727831,3.459698276,3.495791396,3.494501034,0.0002986121758,1.473937388,279.6633116,3.544163338,3.45460455,3.498301198,3.50174518,0.0002822180797,1.375148858,279.8640958,flat,P4,poke
4724,4498,4589.975,4591,1740.429747,3969,367198,3.551768766,3.454425072,3.497086111,3.497364143,0.0003397518477,1.676052248,279.7668889,3.538211029,3.466332534,3.499696671,3.498800303,0.0002448452782,1.137985268,279.9757337,flat,P4,poke
4693,4488,4582.8625,4574,2195.715032,3748,366629,3.520659341,3.434447866,3.492560364,3.496001781,0.0002521030621,1.235190047,279.4048291,3.549450549,3.459828307,3.502514173,3.501424071,0.000313287919,1.491388641,280.2011339,flat,P4,poke
4703,4477,4594.9,4593.5,2366.293671,4176,367592,3.523354334,3.458124864,3.494425764,3.493581307,0.0002021759877,1.207374779,279.5540611,3.537606279,3.468150087,3.499306987,3.49786061,0.0002166833834,1.494264885,279.944559,flat,P4,poke
4698,4507,4592.4625,4592,1740.909968,4157,367397,3.537988581,3.460526316,3.499693022,3.501193586,0.000259803402,1.377153947,279.9754418,3.534376377,3.450946644,3.496922248,3.498212275,0.0003224810487,1.660695426,279.7537798,flat,P4,poke
4688,4476,4589.0375,4592,1896.770728,4217,367123,3.541079558,3.464026403,3.501113634,3.501085942,0.0002372365656,1.33961073,280.0890908,3.541330425,3.46301488,3.499842722,3.499838536,0.0002783037644,1.458776984,279.9874177,flat,P4,poke
4672,4499,4584.9875,4584,1480.898576,3175,366799,3.539311241,3.457571802,3.498881657,3.500327194,0.0002678123373,1.151478986,279.9105326,3.526900457,3.457792208,3.496048205,3.497051066,0.0002397646654,1.247384683,279.6838564,flat,P4,poke
4693,4458,4589.4125,4593,2516.118829,4585,367153,3.555082037,3.459752322,3.502395433,3.501616354,0.0002938146186,1.373338054,280.1916346,3.535483871,3.455153949,3.4978221,3.498094899,0.0002615718898,1.418497799,279.825768,flat,P4,poke
4707,4474,4592.925,4597.5,1828.779114,4225,367434,3.54352992,3.448526177,3.497210117,3.496910709,0.0002938975584,1.466586504,279.7768094,3.535165549,3.449091307,3.502124216,3.504369088,0.0002581450851,1.465285864,280.1699373,flat,P4,poke
4686,4522,4604.175,4602.5,1641.412025,3948,368334,3.534225869,3.466898955,3.499399534,3.498971838,0.0002787622485,1.440988733,279.9519627,3.543942993,3.449684851,3.502107334,3.501304585,0.0002898801629,1.589174827,280.1685867,flat,P4,poke
4688,4476,4586.225,4586.5,2030.581646,4294,366898,3.52965638,3.465370867,3.500899819,3.499942418,0.0002104025573,1.27034389,280.0719855,3.549342105,3.463937622,3.505532128,3.503597867,0.0002418325995,1.27974515,280.4425702,flat,P4,poke
4732,4481,4591.475,4591,2242.151266,3662,367318,3.545080191,3.458546344,3.498565294,3.498800656,0.0003095879855,1.524609039,279.8852236,3.536071032,3.471440935,3.500430109,3.499404075,0.0002332112365,1.49419117,280.0344087,flat,P4,poke
4706,4495,4577.725,4578,1842.936076,3904,366218,3.535072337,3.468871595,3.501253186,3.500763481,0.0002417643471,1.334292776,280.1002549,3.536780614,3.449945474,3.497858564,3.496510904,0.0003235534129,1.405800107,279.8286851,flat,P4,poke
4690,4489,4585.8625,4588,1774.525158,3823,366869,3.535137495,3.458498024,3.49991796,3.50005951,0.0002696693371,1.387045446,279.9934368,3.536393443,3.461100153,3.497449038,3.496909889,0.0002351833112,1.226633781,279.795923,flat,P4,poke
4682,4475,4579.8875,4575,2044.860601,4329,366391,3.537931034,3.466593647,3.49855103,3.497080756,0.0002351938644,1.306809371,279.8840824,3.527669693,3.457286432,3.495767923,3.49696142,0.0002452235732,1.325409398,279.6614338,flat,P4,poke
4722,4489,4589.8375,4585.5,2151.074525,4062,367187,3.547361592,3.458214521,3.499288461,3.499559859,0.0003007900292,1.559137219,279.9430769,3.558924731,3.459225611,3.502059028,3.502630725,0.0002972661206,1.654292885,280.1647223,flat,P4,poke
4718,4492,4594.8375,4596.5,2155.479589,3989,367587,3.545354469,3.468977321,3.50053396,3.498869814,0.0003115436278,1.499511027,280.0427168,3.528848247,3.455770485,3.500632346,3.502132577,0.000171649311,1.110628203,280.0505877,flat,P4,poke
4716,4457,4588.6625,4588,1741.264399,3971,367093,3.526246431,3.464026403,3.501599071,3.501625382,0.0001594960165,1.018179554,280.1279257,3.526395829,3.472319093,3.498532783,3.499510822,0.0001555731926,1.204281287,279.8826226,flat,P4,poke
4710,4505,4594.375,4590.5,1672.642405,3530,367550,3.534516765,3.468674962,3.498141954,3.497605234,0.0002720090012,1.445830182,279.8513563,3.562186887,3.466767372,3.501402674,3.500165959,0.0002633898392,1.266008002,280.1122139,flat,P4,poke
4730,4476,4598.775,4597.5,1888.024684,3379,367902,3.530017528,3.46622807,3.5010094,3.501678789,0.000207107146,1.407879679,280.080752,3.543073593,3.466739368,3.498853755,3.499293579,0.0002198983618,1.450506484,279.9083004,flat,P4,poke
4704,4446,4586.1,4591,2385.027848,4068,366888,3.549474606,3.465479332,3.500246583,3.499779507,0.000272743182,1.306796812,280.0197266,3.542336083,3.465407424,3.501254693,3.501138582,0.0003364022165,1.633724544,280.1003754,flat,P4,poke
4700,4483,4591.8,4591.5,2253.908861,4365,367344,3.540879121,3.461521596,3.500034827,3.501514118,0.0002185741974,1.234743611,280.0027862,3.529180328,3.46283857,3.499481344,3.499563128,0.0002047821284,1.313089429,279.9585075,flat,P4,poke
4691,4504,4596.9125,4597,1845.675791,4207,367753,3.537546796,3.459850812,3.500390042,3.50043283,0.0003106258319,1.380328343,280.0312033,3.534497817,3.468148782,3.501817778,3.503072237,0.000230217009,1.309982297,280.1454223,flat,P4,poke
4747,4467,4593.225,4589,2700.429747,4397,367458,3.5370489,3.466448802,3.503179508,3.503998646,0.0002467071403,1.275470165,280.2543607,3.538866653,3.471557215,3.498893223,3.497177824,0.0002084235811,1.15156948,279.9114578,flat,P4,poke
4735,4519,4599.4625,4598.5,1645.137816,3554,367957,3.540552294,3.456163481,3.499922911,3.499348955,0.0002925828933,1.400266825,279.9938328,3.541501976,3.459830176,3.499761976,3.499724816,0.0002559186146,1.529997629,279.9809581,flat,P4,poke
4694,4508,4592.525,4596,1415.366456,3709,367402,3.542200043,3.451577322,3.498274623,3.497461929,0.000302866088,1.478529781,279.8619698,3.538444971,3.461205028,3.501692659,3.503255922,0.0002410681784,1.419026303,280.1354127,flat,P4,poke
4702,4488,4591.6,4586,1317.432911,3131,367328,3.544794189,3.453501215,3.49638356,3.496322312,0.0002721419879,1.48877068,279.7106848,3.558495517,3.447117469,3.503901114,3.504378016,0.0003613263977,1.585179037,280.3120891,flat,P4,poke
4699,4475,4591.25,4593,2013.886076,4096,367300,3.535041612,3.450011035,3.497274138,3.49701853,0.0002678005589,1.3461795,279.781931,3.536643539,3.483561942,3.508620604,3.508846875,0.000167313355,1.033487398,280.6896483,flat,P4,poke
4713,4483,4589.325,4594.5,2309.589241,3975,367146,3.538693035,3.465116279,3.498921045,3.499283475,0.0002643998701,1.357137628,279.9136836,3.560097756,3.4638865,3.503571051,3.503621901,0.0003103057405,1.466016246,280.2856841,flat,P4,rub
4723,4497,4597.25,4599.5,2200.063291,3717,367780,3.543225806,3.468895284,3.504435339,3.503514636,0.0002180652938,1.277037095,280.3548272,3.538746191,3.444806606,3.500361693,3.502658584,0.0003617542107,1.652684316,280.0289355,flat,P4,rub
4676,4491,4593.0125,4596,1589.101108,3124,367441,3.547619048,3.456245825,3.500299966,3.498376846,0.0003379968031,1.522401682,280.0239973,3.532722513,3.454305219,3.500309838,3.503269197,0.0002821914634,1.452671572,280.0247871,flat,P4,rub
4737,4483,4592.925,4587,2572.753797,4284,367434,3.543917435,3.467558089,3.499840764,3.49846286,0.0002885764428,1.207764715,279.9872611,3.532916037,3.468304453,3.497474015,3.497558516,0.0002258428249,1.375849484,279.7979212,flat,P4,rub
4688,4449,4582.675,4578,2412.171519,3855,366614,3.535042735,3.448762484,3.497960667,3.499125041,0.0002777729114,1.373602898,279.8368534,3.532501641,3.465335674,3.498908954,3.498688731,0.0002476489975,1.441643754,279.9127163,flat,P4,rub
4683,4489,4597.8,4601.5,1862.465823,3451,367824,3.538745387,3.448245614,3.502663524,3.502228025,0.0002707247115,1.4313051,280.2130819,3.537877143,3.44863459,3.497527332,3.498461576,0.0002521901601,1.326840853,279.8021866,flat,P4,rub
4731,4458,4594.05,4601,2681.136709,4514,367524,3.54041066,3.455673759,3.499657089,3.500485878,0.0002475545796,1.323070793,279.9725671,3.5395985,3.454940282,3.49632366,3.497523667,0.00031497484,1.645846106,279.7058928,flat,P4,rub
4687,4507,4588.725,4588,1768.708228,3415,367098,3.544271389,3.45387132,3.502682186,3.502806364,0.0003171537769,1.473755413,280.2145749,3.53262519,3.458075905,3.494993736,3.496934417,0.0003161758201,1.562215719,279.5994989,flat,P4,rub
4699,4454,4592.725,4594,2095.771519,4059,367418,3.544485534,3.463899697,3.5032532,3.502812144,0.0003197882646,1.566361672,280.260256,3.5366384,3.456738216,3.49313669,3.492032248,0.0002528088476,1.182870167,279.4509352,flat,P4,rub
4692,4441,4587.05,4589,1769.592405,3168,366964,3.535125759,3.467090829,3.501216812,3.502941872,0.0002334169854,1.337266524,280.097345,3.547702407,3.449784483,3.499030113,3.50072328,0.0002929558384,1.569900199,279.9224091,flat,P4,rub
4675,4509,4592.4875,4592.5,1512.835285,3152,367399,3.533246415,3.451879209,3.501859382,3.499891868,0.0002570670432,1.464002811,280.1487506,3.536909871,3.451367781,3.495728353,3.493081595,0.0003045566801,1.425962933,279.6582682,flat,P4,rub
4713,4491,4586.525,4586.5,1552.784177,3356,366922,3.542838313,3.463844797,3.502918565,3.50511818,0.0002674597737,1.474920798,280.2334852,3.521604938,3.453138622,3.494478418,3.495662968,0.0002527382144,1.232614846,279.5582735,flat,P4,rub
4695,4509,4587.225,4588.5,1603.012025,3595,366978,3.540635268,3.45957725,3.500414921,3.498254038,0.0002773218505,1.358037109,280.0331937,3.544717229,3.46125055,3.496374307,3.495263986,0.0002845610551,1.481745218,279.7099446,flat,P4,rub
4680,4463,4589.3625,4592,2124.031487,4019,367149,3.5327779,3.466825157,3.502590022,3.500927754,0.0002128857003,1.203065487,280.2072018,3.52733119,3.451265965,3.4925369,3.490601519,0.000278988352,1.526416766,279.402952,flat,P4,rub
4662,4448,4583.6125,4591,2294.037816,4450,366689,3.534928849,3.44766436,3.498637411,3.498182198,0.0002597997272,1.253750869,279.8909928,3.531358885,3.460338101,3.497993731,3.498566952,0.0002092263259,1.252512929,279.8394985,flat,P4,rub
4661,4475,4588.15,4587.5,1536.913924,3281,367052,3.537746292,3.455335797,3.499044082,3.500329142,0.0002969343429,1.576854641,279.9235266,3.525972615,3.457411868,3.491138686,3.489770973,0.0002154930477,1.378472184,279.2910949,flat,P4,rub
4717,4449,4593.625,4591,3191.553797,4162,367490,3.528285466,3.475381264,3.500664939,3.500705239,0.0001753586047,1.147449308,280.0531951,3.531468531,3.446043165,3.50129384,3.501681254,0.000312818868,1.292322119,280.1035072,flat,P4,rub
4727,4470,4594.325,4595,2282.475316,4061,367546,3.528343182,3.464764375,3.495768235,3.497400315,0.0002232309658,1.431499686,279.6614588,3.5446705,3.455182994,3.499590152,3.498630947,0.0003545134995,1.700668313,279.9672121,flat,P4,rub
4723,4465,4586.2,4588.5,2021.149367,3501,366896,3.540918164,3.45788901,3.499472731,3.500324675,0.0003133445306,1.466264541,279.9578185,3.53286896,3.448668385,3.498483957,3.500273895,0.0003274406049,1.429032115,279.8787166,flat,P4,rub
4730,4484,4579.6625,4579.5,1891.517563,3381,366373,3.534400692,3.471685832,3.497000676,3.497071593,0.0002122153795,1.273241537,279.7600541,3.536260376,3.454742783,3.496475526,3.499779152,0.0003054962457,1.562853317,279.7180421,flat,P4,rub
4739,4474,4598.7,4604,2305.605063,3794,367896,3.541244885,3.480163864,3.506798785,3.505897839,0.0001824802588,1.20460237,280.5439028,3.537551108,3.455535794,3.495391827,3.496435712,0.0003353388646,1.701571662,279.6313462,flat,P4,rub
4719,4493,4595.0125,4591.5,2011.480854,3792,367601,3.541166381,3.446109764,3.503971996,3.506263979,0.0002899074446,1.363166735,280.3177597,3.543586416,3.453176162,3.497532103,3.49755226,0.0003155332275,1.414965488,279.8025682,flat,P4,rub
4704,4471,4599.9375,4608.5,2585.856804,4031,367995,3.539925618,3.466025781,3.50221954,3.502814177,0.0003046993431,1.458558479,280.1775632,3.531910259,3.447131238,3.499602274,3.50005645,0.0002494738209,1.270194049,279.9681819,flat,P4,rub
4707,4390,4595.9125,4588.5,2792.890981,3930,367673,3.54826087,3.454506159,3.502433599,3.502676092,0.0002750444426,1.462617525,280.1946879,3.538743005,3.461015509,3.496711263,3.49732891,0.000267849548,1.413568341,279.7369011,flat,P4,rub
4725,4501,4591,4591,1783.746835,3262,367280,3.541209996,3.464433326,3.500573129,3.501800548,0.0002582345009,1.443720439,280.0458503,3.532910053,3.457074549,3.49647166,3.498411467,0.0002683910219,1.311149702,279.7177328,flat,P4,rub
4674,4474,4588.15,4585,1831.597468,3771,367052,3.540134871,3.470703979,3.499950821,3.498148164,0.0002488412183,1.229943671,279.9960657,3.548499348,3.458987784,3.496668473,3.495447317,0.0003347679962,1.705271028,279.7334778,flat,P4,rub
4687,4485,4574.25,4578.5,1990.291139,3541,365940,3.556187145,3.454903678,3.501130133,3.500323626,0.0003385922173,1.411722439,280.0904106,3.525610024,3.444816054,3.493726848,3.492409719,0.0002457566969,1.351279474,279.4981479,flat,P4,rub
4691,4477,4590.7,4585.5,2154.870886,3934,367256,3.558225912,3.451335056,3.501069636,3.499561259,0.000304749749,1.594294162,280.0855708,3.529100529,3.461620926,3.49633413,3.497023693,0.0001939343538,1.271730958,279.7067304,flat,P4,rub
4724,4515,4605.675,4604,2186.652532,3937,368454,3.542770955,3.463139252,3.503365281,3.503197752,0.0003367702197,1.566603731,280.2692225,3.535078073,3.471846355,3.499520406,3.498357784,0.0002116903772,1.369809974,279.9616325,flat,P4,rub
4713,4473,4596.175,4594,2349.487975,3818,367694,3.537711313,3.449354627,3.499597618,3.500603989,0.0002568420515,1.325885315,279.9678095,3.5415835,3.460244648,3.497362285,3.497780373,0.000244107121,1.36029762,279.7889828,flat,P4,rub
4688,4473,4594.9875,4593.5,2487.379589,4212,367599,3.543289562,3.438954765,3.504159778,3.503156826,0.0002934247508,1.377409779,280.3327822,3.538696316,3.453218884,3.496363354,3.495089665,0.0002891051571,1.513588034,279.7090683,flat,P4,rub
4724,4483,4594.9875,4594,2451.480854,4077,367599,3.543228279,3.461538462,3.499758458,3.49858136,0.0002169134565,1.189061648,279.9806766,3.543135135,3.463551806,3.501157953,3.501201944,0.0003444307571,1.692438356,280.0926363,flat,P4,rub
4716,4515,4597.925,4603,1819.741139,3188,367834,3.553932101,3.438101487,3.502126143,3.501474291,0.000360718658,1.677281061,280.1700914,3.551181102,3.462049126,3.498230612,3.499675746,0.0002754636165,1.512501186,279.858449,flat,P4,scratch
4692,4489,4598.3,4595,2073.022785,3809,367864,3.556017505,3.434504087,3.499058364,3.497769402,0.0003752578668,1.516110658,279.9246692,3.53313253,3.472631348,3.503799794,3.504645973,0.0002085618506,1.326773919,280.3039835,flat,P4,scratch
4694,4493,4599.2125,4600,1996.979589,4459,367937,3.544727744,3.461673622,3.502817993,3.502098472,0.0003399957531,1.504142192,280.2254394,3.537690632,3.471993053,3.502117726,3.5033192,0.0001996643545,1.236614036,280.1694181,flat,P4,scratch
4677,4447,4591.75,4594,1750.367089,3489,367340,3.537093275,3.468016369,3.497892442,3.494948389,0.000230685036,1.417104646,279.8313953,3.561380516,3.472970062,3.499815002,3.496792211,0.0002849400866,1.418923721,279.9852002,flat,P4,scratch
4685,4454,4594.3875,4593.5,2306.696044,4359,367551,3.538110749,3.464224138,3.502812338,3.504973072,0.0002730551174,1.44101026,280.224987,3.528580604,3.462255773,3.499173184,3.500054717,0.0002074318657,1.26168074,279.9338547,flat,P4,scratch
4695,4476,4589.775,4587.5,2391.746203,4579,367182,3.549231768,3.455749283,3.502342241,3.503245833,0.0003454478759,1.617495813,280.1873793,3.54922506,3.451868132,3.501064765,3.500325662,0.0002431207574,1.415067841,280.0851812,flat,P4,scratch
4681,4454,4585.1875,4589,2009.040348,2827,366815,3.544139866,3.457525084,3.502642393,3.503694047,0.000312632963,1.46782826,280.2113914,3.523582865,3.457029528,3.495886049,3.497618855,0.0002143016833,1.19373311,279.670884,flat,P4,scratch
4693,4443,4585.4875,4587.5,1556.278323,3292,366839,3.548875433,3.444853738,3.501736848,3.502076388,0.0002675940594,1.317141422,280.1389479,3.525394046,3.449539272,3.497998355,3.499944898,0.0002901326662,1.459586614,279.8398684,flat,P4,scratch
4695,4490,4591.525,4591,2026.227215,3812,367322,3.529899607,3.449041812,3.493232568,3.492740151,0.0002850315272,1.519373633,279.4586054,3.541030118,3.443373494,3.498511106,3.49674299,0.0002935535927,1.498994384,279.8808885,flat,P4,scratch
4678,4499,4594.1875,4593,1675.622627,3565,367535,3.540274207,3.464464247,3.499155445,3.500754188,0.0002712270075,1.376921928,279.9324356,3.548519559,3.457416685,3.500733511,3.499084788,0.0002796508922,1.457314839,280.0586809,flat,P4,scratch
4699,4480,4586.775,4585,1982.252532,3754,366942,3.531554977,3.460790811,3.496227553,3.494474464,0.0002011349066,1.186597923,279.6982043,3.541071429,3.466926914,3.500139335,3.499946461,0.0002021360143,1.273874215,280.0111468,flat,P4,scratch
4686,4473,4587.7625,4589.5,2071.677057,4200,367021,3.54569595,3.451627089,3.495374945,3.492393417,0.0003441686783,1.462316677,279.6299956,3.541306755,3.453737811,3.495909405,3.495584728,0.0002507094195,1.357156733,279.6727524,flat,P4,scratch
4716,4509,4589.6125,4589,2185.911234,4008,367169,3.539375275,3.461146779,3.501869431,3.501518011,0.00029430626,1.477412594,280.1495544,3.531695547,3.461571863,3.495377297,3.496434125,0.0002515646668,1.586047517,279.6301838,flat,P4,scratch
4684,4491,4592.375,4596.5,1596.996835,3711,367390,3.538207443,3.455136541,3.500665576,3.50145776,0.0003067253038,1.502764068,280.0532461,3.538410449,3.47108512,3.497159625,3.496469221,0.000209207125,1.400438087,279.77277,flat,P4,scratch
4698,4451,4593.85,4594,1879.167089,3497,367508,3.54523706,3.453287197,3.503523098,3.502871187,0.0003454638204,1.599792325,280.2818478,3.526867908,3.460472168,3.49586154,3.495191647,0.0002068354957,1.339423235,279.6689232,flat,P4,scratch
4688,4450,4588.175,4585,1952.475316,4244,367054,3.555004314,3.457703927,3.500113021,3.498843631,0.0003809043517,1.582767262,280.0090417,3.534858623,3.458685751,3.495085209,3.495917206,0.0003064510629,1.582915851,279.6068167,flat,P4,scratch
4706,4495,4592.275,4595,1986.379114,3819,367382,3.539590076,3.460657155,3.499203474,3.495847788,0.0002708005244,1.321375924,279.9362779,3.557683936,3.463679861,3.505285776,3.505221826,0.000344180964,1.427519096,280.4228621,flat,P4,scratch
4685,4504,4591.5625,4596,1707.084652,3345,367325,3.53441911,3.456361268,3.498995474,3.496306732,0.0003234825313,1.600431994,279.9196379,3.55399568,3.457476737,3.500065666,3.501452264,0.0003594927263,1.66428255,280.0052533,flat,P4,scratch
4692,4453,4585.2375,4587,1983.474525,3544,366819,3.539473684,3.468838219,3.496695689,3.496895108,0.0002825275167,1.376614933,279.7356551,3.540277176,3.46681128,3.500540068,3.497324086,0.0002775643703,1.375039305,280.0432054,flat,P4,scratch
4691,4469,4588.375,4592,2281.022152,4860,367070,3.541217091,3.465812893,3.503004967,3.503459369,0.0002604114262,1.476682198,280.2403973,3.535272412,3.464285714,3.500369243,3.500109457,0.0001925730487,1.033961076,280.0295395,flat,P4,scratch
4695,4487,4585.375,4581,1936.03481,4105,366830,3.544117647,3.458342445,3.498975627,3.499300171,0.0002697354117,1.35225582,279.9180501,3.530395137,3.46069869,3.501699401,3.502396456,0.0002017461258,1.305862734,280.1359521,flat,P4,scratch
4683,4503,4583.5375,4581,1494.175791,3640,366683,3.534550196,3.456031816,3.499798637,3.499896868,0.000273601156,1.462039619,279.983891,3.528202886,3.475228162,3.500860235,3.500163506,0.0001800936894,1.200381031,280.0688188,flat,P4,scratch
4725,4477,4588.25,4592.5,2478.56962,4691,367060,3.536124973,3.466301969,3.500295897,3.499732506,0.0002927953768,1.561030434,280.0236718,3.547966401,3.469325153,3.504597427,3.503426203,0.0002502673194,1.357690126,280.3677942,flat,P4,scratch
4692,4461,4580.8,4582,2340.465823,4018,366464,3.543783784,3.4503002,3.501227775,3.501803706,0.0003787563389,1.796841069,280.098222,3.530843116,3.456060606,3.498905997,3.499781659,0.0002535542384,1.373640638,279.9124797,flat,P4,scratch
4712,4489,4591.7,4589.5,1974.440506,4123,367336,3.556488057,3.461606161,3.501591831,3.501289169,0.0003171364278,1.539210455,280.1273465,3.539224138,3.467248908,3.50022063,3.501102075,0.0002409154691,1.466350882,280.0176504,flat,P4,scratch
4688,4484,4599.175,4599.5,1663.918354,3491,367934,3.535081967,3.457409822,3.498514279,3.49924315,0.0002768939936,1.296182197,279.8811423,3.5273794,3.465247611,3.499654101,3.498597022,0.0001940952184,1.255090411,279.972328,flat,P4,scratch
4687,4467,4582.1375,4583.5,2296.879589,4196,366571,3.530289728,3.457597558,3.500732444,3.501633432,0.0002956294668,1.288618334,280.0585955,3.548352358,3.462618842,3.501503328,3.501417359,0.0002911114219,1.346380534,280.1202662,flat,P4,scratch
4671,4465,4586.7125,4585.5,1825.777057,3696,366937,3.532571182,3.461266829,3.500002216,3.501735162,0.0002912479406,1.510121879,280.0001773,3.540576497,3.466362847,3.501985467,3.502674285,0.0002230161997,1.22063754,280.1588374,flat,P4,scratch
4669,4496,4600.2625,4607,1528.221361,3771,368021,3.539857421,3.464285714,3.502610247,3.501634714,0.0002843697172,1.541544374,280.2088197,3.548387097,3.465877287,3.501675134,3.501306093,0.0002490966862,1.455207243,280.1340107,flat,P4,stroke
4729,4482,4595.3625,4594,2122.056804,4216,367629,3.54566997,3.472180126,3.500541256,3.501520296,0.0002423147535,1.405265583,280.0433004,3.542296073,3.44037294,3.49698768,3.498578711,0.0003077885222,1.484186715,279.7590144,flat,P4,stroke
4696,4484,4590.5,4586,1821.037975,3562,367240,3.552307692,3.457048458,3.499307152,3.501094093,0.0002999499943,1.495073127,279.9445721,3.545649378,3.455968689,3.497569492,3.49759498,0.0002940082827,1.532373578,279.8055593,flat,P4,stroke
4710,4486,4601.1,4600,2096.850633,3755,368088,3.542597008,3.462208669,3.503501456,3.50118203,0.0002796726913,1.391391934,280.2801165,3.532556093,3.451521121,3.497819617,3.497810865,0.0002433190228,1.294523124,279.8255694,flat,P4,stroke
4688,4505,4601.325,4600.5,1789.639873,3747,368106,3.537660082,3.459933407,3.495249302,3.496049659,0.000289998751,1.430659388,279.6199442,3.541863461,3.4524322,3.501759438,3.502130863,0.0003243548098,1.491179313,280.140755,flat,P4,stroke
4725,4520,4612.125,4608.5,2117.579114,3793,368970,3.543653386,3.462241567,3.500809992,3.50060034,0.0003299218784,1.401405642,280.0647994,3.531397849,3.459394731,3.499457852,3.4985355,0.0001877532839,1.087069691,279.9566282,flat,P4,stroke
4739,4522,4616.3,4613,2316.060759,4017,369304,3.532716315,3.463398834,3.498553266,3.498751236,0.0002689882516,1.530955633,279.8842613,3.551232166,3.456583243,3.498200479,3.498607218,0.0003289286656,1.590217927,279.8560383,flat,P4,stroke
4690,4531,4605.525,4608.5,1257.872785,2884,368442,3.537711313,3.456174439,3.500594176,3.500431802,0.0002844003063,1.252136848,280.0475341,3.539865305,3.455895197,3.500295767,3.500920074,0.0002949659806,1.470816122,280.0236614,flat,P4,stroke
4725,4486,4591.6625,4590.5,2431.213766,4621,367333,3.530319496,3.456369983,3.497335288,3.495607982,0.0002393117314,1.361141001,279.7868231,3.5390625,3.460517729,3.50183791,3.502645719,0.0003139022903,1.592701873,280.1470328,flat,P4,stroke
4723,4482,4599.125,4596,1842.237342,3823,367930,3.538478356,3.456779478,3.502552489,3.504592267,0.0002967630947,1.490405079,280.2041991,3.543290043,3.466055446,3.501152141,3.501582446,0.0002193972037,1.264246717,280.0921713,flat,P4,stroke
4689,4488,4589.75,4594,2107.531646,4033,367180,3.532625525,3.458960034,3.498623755,3.498174394,0.0002176394943,1.243702818,279.8899004,3.541738754,3.458106638,3.498859723,3.499237894,0.0002750535983,1.295833132,279.9087778,flat,P4,stroke
4697,4495,4602.7375,4602,1716.753006,3766,368219,3.534593993,3.456006952,3.498682058,3.499730476,0.0002247074315,1.33434144,279.8945646,3.540157137,3.471759359,3.504091265,3.505219592,0.0002339947978,1.337316863,280.3273012,flat,P4,stroke
4679,4481,4589.625,4586,1524.136076,3431,367170,3.532639341,3.449490474,3.497757968,3.498298239,0.0002437121345,1.404461325,279.8206374,3.528954192,3.457470251,3.495432194,3.49700466,0.0002476114927,1.401980417,279.6345755,flat,P4,stroke
4700,4512,4600.3625,4602,1561.930222,3546,368029,3.545116889,3.457836549,3.501356134,3.50172884,0.000326040279,1.607813322,280.1084908,3.534076016,3.456289514,3.496069703,3.495496297,0.0002706331879,1.534732249,279.6855762,flat,P4,stroke
4683,4495,4587.8,4587,1815.731646,3548,367024,3.538057743,3.46768559,3.502946186,3.502955772,0.0002735634377,1.45932127,280.2356948,3.536278969,3.457860796,3.496290534,3.496163036,0.0003082033846,1.66954982,279.7032427,flat,P4,stroke
4707,4511,4603.025,4601,1644.40443,3676,368242,3.540494092,3.458965897,3.500349025,3.50081118,0.000296006285,1.547489225,280.027922,3.539153323,3.466092573,3.49692674,3.498074027,0.0002137931346,1.271079347,279.7541392,flat,P4,stroke
4711,4497,4611.775,4613,1949.720886,3778,368942,3.557792208,3.470626774,3.505132091,3.503903343,0.0003450531406,1.510129789,280.4105673,3.53929657,3.463677517,3.497328312,3.497576996,0.00025303023,1.383268695,279.786265,flat,P4,stroke
4690,4526,4616.3875,4612.5,1368.36693,3289,369311,3.533217542,3.467741935,3.501651219,3.500597706,0.0001758082231,1.212636314,280.1320975,3.546302321,3.462142701,3.501927279,3.498865355,0.0002342387644,1.343174623,280.1541823,flat,P4,stroke
4693,4505,4609.175,4606,1631.766456,3612,368734,3.542145179,3.465889085,3.503568885,3.503467799,0.0003007973996,1.673518913,280.2855108,3.541343669,3.457155099,3.504629766,3.505672999,0.000265014523,1.462014975,280.3703813,flat,P4,stroke
4703,4507,4614.85,4611.5,2123.521519,4201,369188,3.535744863,3.465040296,3.504286172,3.506796201,0.0002386113766,1.382599571,280.3428938,3.539485166,3.45726123,3.50120507,3.50053992,0.000220656623,1.466394477,280.0964056,flat,P4,stroke
4699,4482,4597.7875,4597.5,1604.650475,3736,367823,3.555002165,3.469454784,3.503404606,3.503405488,0.0002467808196,1.509394523,280.2723685,3.53563668,3.463742561,3.497212893,3.497991586,0.0002499238757,1.405788436,279.7770315,flat,P4,stroke
4725,4467,4602.625,4601,1937.427215,4228,368210,3.54510226,3.45610978,3.501926344,3.49983642,0.0003471684383,1.588757513,280.1541075,3.526650581,3.458841463,3.495032507,3.496511749,0.0001757359281,1.25584098,279.6026005,flat,P4,stroke
4699,4492,4595.0125,4594.5,2497.734019,4990,367601,3.529322328,3.45743051,3.500557485,3.499836708,0.0002085322345,1.31775888,280.0445988,3.546539379,3.461932324,3.499577644,3.498436489,0.0002651017456,1.476992471,279.9662116,flat,P4,stroke
4648,4490,4584.7,4585,1343.756962,3352,366776,3.549125459,3.457531878,3.501982815,3.503933378,0.0002862923094,1.367811683,280.1586252,3.533175355,3.468709257,3.49811815,3.496929709,0.0002218479888,1.256349108,279.849452,flat,P4,stroke
4703,4499,4597.95,4599,1805.541772,3654,367836,3.535729847,3.463608293,3.498727406,3.496837468,0.0003174766631,1.634913162,279.8981925,3.542336083,3.474594595,3.501057508,3.498105721,0.0002614049792,1.568638359,280.0846007,flat,P4,stroke
4700,4504,4593.9125,4596.5,2016.587184,3898,367513,3.536794679,3.469307793,3.502978588,3.502570077,0.0002243304691,1.187130738,280.238287,3.537170264,3.456344843,3.499306666,3.497308202,0.0002640228367,1.423086966,279.9445333,flat,P4,stroke
4747,4510,4597.75,4591.5,1994.063291,3867,367820,3.53404861,3.449158102,3.500826459,3.502480432,0.0002759755179,1.282559016,280.0661167,3.542906425,3.45210643,3.499076084,3.498957378,0.0003351859294,1.650071765,279.9260867,flat,P4,stroke
4694,4481,4602.625,4606.5,1777.452532,3938,368210,3.552833404,3.447438163,3.500510826,3.501145212,0.0003667822796,1.684525839,280.0408661,3.548159577,3.459700196,3.50199422,3.502428536,0.0002682899889,1.376533285,280.1595376,flat,P4,stroke
4690,4513,4603.8125,4609,1505.698576,3488,368305,3.554009998,3.459588299,3.504051755,3.504665816,0.0003278779194,1.573391209,280.3241404,3.55679336,3.469532462,3.499350482,3.499344879,0.0002391515613,1.344367998,279.9480386,flat,P4,stroke
4719,4497,4608.1375,4607.5,1605.968196,3723,368651,3.545949477,3.459259259,3.499962905,3.498083095,0.0003359270482,1.650110896,279.9970324,3.530290102,3.473718648,3.501511058,3.499349517,0.0002033625915,1.200741522,280.1208846,flat,P4,stroke
4701,4527,4601.3625,4591.5,1542.664399,3467,368109,3.533275899,3.460949464,3.498289738,3.499414986,0.0002554534897,1.45805512,279.8631791,3.538211029,3.46977962,3.501390457,3.502199973,0.0001906628532,1.269765413,280.1112366,flat,P4,stroke
4697,4486,4601.55,4600.5,1755.946835,3641,368124,3.544507165,3.471166448,3.501257137,3.499619461,0.000288516619,1.402491177,280.100571,3.5482178,3.452801395,3.499444182,3.498044587,0.000259100136,1.500784174,279.9555346,flat,P4,stroke
4693,4502,4593.3,4595,1809.731646,3340,367464,3.533785261,3.459483136,3.49778316,3.497402373,0.0002655515359,1.415439171,279.8226528,3.537405932,3.460279354,3.503906405,3.504400534,0.0002146870884,1.385390787,280.3125124,flat,P4,tap
4705,4500,4587.575,4586,1995.715823,4143,367006,3.538677615,3.46558527,3.499676373,3.499727181,0.0002602508011,1.450535617,279.9741099,3.539964476,3.465233604,3.500613661,3.499934142,0.0002718698338,1.466117022,280.0490929,flat,P4,tap
4688,4524,4593.6875,4592,1587.913766,3411,367495,3.535331437,3.460234681,3.499503258,3.500539186,0.0002188574281,1.319229509,279.9602607,3.536996971,3.464434231,3.501826835,3.502756232,0.000222456109,1.334381138,280.1461468,flat,P4,tap
4680,4490,4584.15,4584.5,1757.293671,4051,366732,3.53820598,3.453673425,3.496430706,3.494584343,0.0002661346093,1.369979355,279.7144565,3.536923077,3.460818459,3.503676911,3.50310191,0.0002120778453,1.268870434,280.2941529,flat,P4,tap
4721,4500,4593.775,4589,1548.328481,3340,367502,3.543183287,3.469921534,3.501401212,3.500545822,0.0002846162299,1.528321341,280.112097,3.540161961,3.471211118,3.50273565,3.502993965,0.0002051885902,1.363052326,280.218852,flat,P4,tap
4700,4508,4591.2875,4587,1794.25807,3759,367303,3.544683627,3.468853181,3.50275013,3.501850242,0.0002831918602,1.549514585,280.2200104,3.525951557,3.463761769,3.497863592,3.498963405,0.0001949549815,1.276018556,279.8290873,flat,P4,tap
4681,4485,4583.5125,4590,1898.936551,3933,366681,3.521964943,3.463644328,3.496189755,3.497162785,0.0002523243952,1.316811395,279.6951804,3.533769063,3.466259009,3.501952478,3.500973815,0.0002805609488,1.367624787,280.1561982,flat,P4,tap
4697,4503,4588.8375,4589.5,1823.606171,3551,367107,3.54329852,3.466273739,3.501739182,3.502378134,0.0001968695629,1.157637012,280.1391345,3.537429684,3.465494792,3.49759124,3.49625035,0.0002729663065,1.573147861,279.8072992,flat,P4,tap
4680,4475,4585.3875,4582,1843.911234,4152,366831,3.538263113,3.462363239,3.499103465,3.499783877,0.000295307643,1.521015097,279.9282772,3.544880174,3.469164882,3.499439887,3.496973704,0.0002500025657,1.377595437,279.9551909,flat,P4,tap
4712,4486,4597.45,4602.5,2523.921519,4883,367796,3.545203735,3.459797891,3.500031739,3.499069647,0.0002515507136,1.419452125,280.0025391,3.532355479,3.469804618,3.499119221,3.498699463,0.0002131629501,1.226243469,279.9295377,flat,P4,tap
4700,4502,4589.125,4587.5,1552.718354,3599,367130,3.540070454,3.472477064,3.499633623,3.499089241,0.0002478000714,1.242102748,279.9706898,3.53442623,3.465359477,3.49861583,3.497874452,0.0001817075126,1.274904458,279.8892664,flat,P4,tap
4677,4511,4594.2,4593.5,1437.301266,3325,367536,3.5390625,3.455064821,3.498339128,3.496597941,0.0002654487496,1.349774243,279.8671303,3.545098039,3.466421144,3.499211001,3.496955231,0.0002196235978,1.413171775,279.9368801,flat,P4,tap
4734,4503,4581.975,4580,1873.012025,3867,366558,3.543312241,3.452120682,3.49656591,3.496656896,0.0002850159851,1.349449903,279.7252728,3.529145078,3.459986699,3.500114158,3.501193851,0.0002587730625,1.351284761,280.0091326,flat,P4,tap
4678,4493,4594,4601.5,1732.303797,3177,367520,3.542259595,3.462510711,3.502886748,3.502220149,0.0002637312636,1.520098541,280.2309398,3.529170268,3.462266179,3.496407674,3.497276296,0.000255931094,1.531491144,279.7126139,flat,P4,tap
4684,4474,4585.175,4582,1800.044937,3565,366814,3.531486691,3.458093126,3.498371342,3.500110011,0.0002406692555,1.259669052,279.8697074,3.544075621,3.454348767,3.501502261,3.50141869,0.0003449426602,1.765767326,280.1201809,flat,P4,tap
4662,4504,4587.85,4586,1559.673418,3369,367028,3.555555556,3.461098901,3.497936326,3.497288019,0.0002572097965,1.387237814,279.8349061,3.549515845,3.468346253,3.498802541,3.498315032,0.0002452335894,1.406056504,279.9042033,flat,P4,tap
4709,4479,4594.9625,4593,1581.656804,3267,367597,3.537470475,3.465876673,3.498894039,3.499780425,0.0002286724654,1.30586713,279.9115232,3.533144352,3.45482389,3.500989049,3.501197802,0.0002170163316,1.384956142,280.0791239,flat,P4,tap
4698,4494,4593.075,4592,1704.551266,3885,367446,3.544604003,3.464965398,3.502462865,3.498634906,0.0002403588835,1.310472231,280.1970292,3.53849481,3.455665567,3.498040469,3.499945163,0.0002229926411,1.278458865,279.8432375,flat,P4,tap
4691,4499,4589.25,4585.5,1688.367089,3377,367140,3.552774755,3.466145833,3.505156491,3.506334984,0.0002834161593,1.455051925,280.4125193,3.541094397,3.455291768,3.499086567,3.498873184,0.0002828956022,1.499434736,279.9269254,flat,P4,tap
4654,4502,4590.025,4585.5,1392.809494,4003,367202,3.531276963,3.460114588,3.50016565,3.501963827,0.0003056076105,1.556998513,280.013252,3.529748788,3.462384135,3.499709246,3.501403287,0.0002364081148,1.406615863,279.9767397,flat,P4,tap
4707,4453,4586.55,4587,1692.098734,3532,366924,3.541254835,3.453913043,3.499322609,3.498637549,0.0003154746975,1.545338892,279.9458087,3.541956522,3.459059233,3.496981877,3.496026681,0.0002586567668,1.473350237,279.7585502,flat,P4,tap
4703,4511,4601.0375,4603.5,1867.201108,4158,368083,3.543917435,3.466901254,3.50453284,3.502594392,0.0002462118488,1.390034132,280.3626272,3.540900022,3.461834509,3.495291983,3.497094988,0.0002606438644,1.344550452,279.6233586,flat,P4,tap
4695,4508,4591.9125,4582.5,1954.25807,3951,367353,3.532813515,3.452297593,3.502388735,3.504811182,0.0002230926119,1.345395128,280.1910988,3.535956284,3.452319029,3.496347773,3.495063389,0.0003049336643,1.567649001,279.7078218,flat,P4,tap
4675,4505,4595.6625,4597,1197.011234,3010,367653,3.537678649,3.466652277,3.501302366,3.501318115,0.0002843077109,1.293407052,280.1041893,3.532620321,3.436128183,3.49839802,3.498795656,0.0002763152124,1.369366361,279.8718416,flat,P4,tap
4687,4492,4584.3625,4585,1800.841614,3596,366749,3.54640495,3.453731995,3.496342816,3.493433302,0.0003186117979,1.45540161,279.7074253,3.546074335,3.465131436,3.50103333,3.499947384,0.0002553055117,1.530086073,280.0826664,flat,P4,tap
4682,4483,4600.0125,4600.5,2069.430222,4052,368001,3.548097478,3.438676184,3.496750095,3.497244777,0.000302290484,1.496000126,279.7400076,3.533058747,3.448201127,3.499487895,3.501847442,0.0002579467899,1.374687753,279.9590316,flat,P4,tap
4680,4456,4578.7125,4585,2266.688449,4572,366297,3.5332164,3.459908237,3.493485816,3.492083253,0.0002681410289,1.320688515,279.4788653,3.535220398,3.458379578,3.500192103,3.499670908,0.0002520537933,1.482726029,280.0153682,flat,P4,tap
4689,4505,4595.2625,4590.5,1538.651741,3613,367621,3.542530225,3.446076282,3.499248922,3.497864831,0.000344390847,1.601897472,279.9399138,3.549139246,3.469476428,3.501370764,3.501143672,0.0002145812349,1.399709958,280.1096611,flat,P4,tap
4704,4482,4600.525,4608,2087.822152,3785,368042,3.535281385,3.463530427,3.499842505,3.499125129,0.0002335060117,1.432338938,279.9874004,3.530507386,3.451075033,3.497790993,3.499293392,0.0002698434445,1.372024185,279.8232794,flat,P4,tap
4724,4417,4593.45,4590.5,2047.237975,4019,367476,3.540220152,3.459749945,3.497940168,3.496692903,0.0002335379756,1.280977408,279.8352134,3.546010929,3.465071973,3.501848742,3.501904996,0.0002832606146,1.613108305,280.1478994,flat,P4,tap
4710,4474,4595.775,4589.5,2590.151266,4468,367662,3.547930283,3.468144641,3.502997173,3.506005939,0.0003157733242,1.327201023,280.2397738,3.541969597,3.450691852,3.497845175,3.497656109,0.000328818985,1.444603813,279.827614,flat,P4,tap
4696,4473,4593.1375,4590,1907.94288,3586,367451,3.541227126,3.444371728,3.499919214,3.499138441,0.0003294969818,1.672266214,279.9935371,3.536743984,3.456048738,3.503566922,3.504497638,0.0003103582629,1.624170592,280.2853538,flat,P4,tap
4689,4489,4590.0375,4591,2186.441614,3194,367203,3.547816594,3.446644664,3.497826389,3.497995349,0.0002924153446,1.541146153,279.8261111,3.536148433,3.464906491,3.499734226,3.499028602,0.0002283578765,1.364096267,279.9787381,flat,P4,tickle
4688,4505,4591.375,4590,1605.705696,3328,367310,3.541720991,3.46104471,3.500206344,3.499671628,0.0002583156404,1.398643542,280.0165075,3.534100782,3.457174151,3.500615051,3.500271257,0.000236920734,1.33388153,280.0492041,flat,P4,tickle
4654,4488,4581.025,4588,1408.277848,3450,366482,3.536920061,3.453353725,3.496784887,3.496897924,0.0003094816171,1.377885829,279.742791,3.533333333,3.453158573,3.498423431,3.498741351,0.0002761642784,1.475681534,279.8738745,flat,P4,tickle
4679,4489,4584.775,4582,1164.809494,3260,366782,3.537725593,3.45420765,3.499408441,3.497940611,0.000249196223,1.217491792,279.9526753,3.543782837,3.457386364,3.496847683,3.497327619,0.0002703818072,1.333787548,279.7478146,flat,P4,tickle
4698,4500,4592.7375,4593.5,1916.601108,3966,367419,3.541893362,3.451766746,3.497943055,3.501074345,0.0002865979644,1.634378366,279.8354444,3.534685864,3.46366247,3.49940226,3.500223667,0.0002063534168,1.255867418,279.9521808,flat,P4,tickle
4689,4457,4586.3875,4587,2636.341614,4775,366911,3.538787338,3.467734855,3.503007564,3.502464919,0.0002294884478,1.378624688,280.2406051,3.530805687,3.465635359,3.497325002,3.49868368,0.0002027236605,1.307610288,279.7860001,flat,P4,tickle
4659,4502,4582.775,4584.5,1315.442405,3241,366622,3.534761697,3.44976918,3.495939836,3.495033386,0.0002728848647,1.440902861,279.6751869,3.545614421,3.462467076,3.500865576,3.500325827,0.0002439305799,1.515481277,280.0692461,flat,P4,tickle
4683,4489,4595.0875,4601.5,1845.422627,3732,367607,3.537977431,3.459471175,3.501580105,3.501033203,0.0002779464889,1.439442046,280.1264084,3.535526316,3.457554266,3.496897725,3.497376795,0.0002379746594,1.430625404,279.751818,flat,P4,tickle
4703,4479,4595.7125,4597,2179.777057,4040,367657,3.539679098,3.441322671,3.502120125,3.501030921,0.0003347890933,1.663671807,280.16961,3.530379469,3.460775672,3.49645126,3.498197037,0.0002796531157,1.653159827,279.7161008,flat,P4,tickle
4676,4474,4583.25,4583,1715.177215,3781,366660,3.534252477,3.464029559,3.498014807,3.498863972,0.0002453207702,1.497448271,279.8411846,3.547966401,3.463425129,3.499058448,3.496539559,0.0002869619124,1.48426805,279.9246759,flat,P4,tickle
4691,4503,4586.9375,4581,1844.059335,3597,366955,3.531886917,3.463178721,3.500914867,3.499834861,0.0002704619469,1.339858768,280.0731894,3.540609678,3.468770262,3.500288742,3.499671911,0.0002191059002,1.399090181,280.0230994,flat,P4,tickle
4676,4477,4581.1125,4585,1777.873259,4221,366489,3.537365768,3.464403791,3.50027274,3.500055151,0.0002478190565,1.459668192,280.0218192,3.55420378,3.462091503,3.499192548,3.497864998,0.0002855487102,1.479790078,279.9354038,flat,P4,tickle
4745,4498,4600.9125,4601,1983.04288,3796,368073,3.52948801,3.470640372,3.502492611,3.503787449,0.0002179191938,1.47543324,280.1994089,3.535433071,3.468285214,3.499519251,3.501037348,0.0002239195962,1.534975486,279.9615401,flat,P4,tickle
4712,4500,4598.85,4604,2101.622785,4066,367908,3.553035213,3.463036742,3.501571693,3.502022659,0.0002998148769,1.530100825,280.1257354,3.534296808,3.447860675,3.49898768,3.500054933,0.0002841021305,1.541718526,279.9190144,flat,P4,tickle
4696,4484,4602.275,4600,2256.885443,4121,368182,3.552666084,3.455994759,3.501287983,3.500702776,0.0003242885254,1.540983998,280.1030387,3.527903469,3.458951965,3.497360632,3.496621505,0.0002124585679,1.198658367,279.7888506,flat,P4,tickle
4698,4498,4596.8375,4597.5,1999.555538,3475,367747,3.533348008,3.436311367,3.498491417,3.498382603,0.0003079526596,1.412528994,279.8793133,3.545935228,3.464929425,3.498283973,3.496966407,0.0002892111608,1.408661433,279.8627178,flat,P4,tickle
4680,4471,4589.925,4586.5,1729.260127,3642,367194,3.537454389,3.469919055,3.501592571,3.499888547,0.0002359179546,1.444284137,280.1274057,3.527954396,3.450674085,3.497105002,3.500438021,0.0002515632653,1.363693103,279.7684002,flat,P4,tickle
4665,4519,4584.1125,4582,1371.822627,3492,366729,3.530160123,3.463892558,3.501953453,3.502130492,0.0002217559072,1.322636901,280.1562763,3.535174227,3.466186736,3.501217978,3.500711205,0.000240786779,1.290175675,280.0974383,flat,P4,tickle
4683,4447,4580.75,4579.5,1854.240506,3452,366460,3.539533871,3.454683764,3.497618663,3.49902623,0.0003148914712,1.566981847,279.809493,3.534524597,3.458828615,3.500640976,3.500986266,0.0002353199533,1.486853319,280.0512781,flat,P4,tickle
4675,4444,4589.7875,4592.5,2049.18212,3927,367183,3.535395339,3.447333627,3.499999438,3.502880275,0.0003597837536,1.647021778,279.999955,3.551924317,3.448537378,3.500641688,3.499393713,0.0004385722019,1.955719999,280.0513351,flat,P4,tickle
4693,4508,4591.4,4590.5,2116.622785,4073,367312,3.548913043,3.45887256,3.500913316,3.502255353,0.0003054295589,1.361734413,280.0730653,3.530553717,3.450642842,3.497232016,3.496451572,0.0003064851843,1.622600843,279.7785613,flat,P4,tickle
4690,4462,4589.55,4591,1852.832911,3817,367164,3.542969604,3.452564385,3.497305292,3.496079285,0.0003426198825,1.633017203,279.7844234,3.536238231,3.464378801,3.499085808,3.49874602,0.0002748264418,1.449804503,279.9268646,flat,P4,tickle
4687,4512,4598.1,4596.5,1831.281013,3535,367848,3.530366148,3.451027547,3.498915254,3.500819553,0.0002845444076,1.545627253,279.9132203,3.545512958,3.457901554,3.495723827,3.49529181,0.0002966940807,1.715219374,279.6579061,flat,P4,tickle
4705,4470,4589.275,4589,1940.48038,3640,367142,3.51987834,3.456583243,3.496749594,3.498473692,0.0001739399684,1.250081174,279.7399675,3.533566586,3.46451475,3.497804023,3.496330097,0.0001780829494,1.244837281,279.8243218,flat,P4,tickle
4679,4513,4593.625,4589.5,1385.579114,3011,367490,3.543740408,3.45275159,3.497545035,3.49793464,0.0002408633997,1.422575752,279.8036028,3.52724465,3.468066681,3.499111894,3.498021016,0.0001689274655,1.184325545,279.9289515,flat,P4,tickle
4680,4502,4588.1,4581.5,1418.496203,3354,367048,3.549911269,3.475005457,3.503963072,3.503932213,0.00019830063,1.157052729,280.3170458,3.538966725,3.465555068,3.498308911,3.500871461,0.0002677210551,1.505445104,279.8647128,flat,P4,tickle
4708,4498,4598.0625,4594,1716.590981,3849,367845,3.540951973,3.472307021,3.504272807,3.503292343,0.0002663412525,1.417612812,280.3418246,3.534319135,3.46172301,3.498241258,3.496874848,0.0002481491824,1.341787583,279.8593006,flat,P4,tickle
4676,4476,4587.1875,4592.5,1738.685918,3950,366975,3.54784689,3.453439505,3.503047123,3.504191588,0.0002855079519,1.477254591,280.2437699,3.537650933,3.464834451,3.499614864,3.499565853,0.0002673322331,1.39998703,279.9691891,flat,P4,tickle
4693,4463,4591.075,4591,1955.968987,3795,367286,3.544543672,3.462663755,3.496599802,3.497638027,0.0002646808267,1.504514301,279.7279842,3.534649217,3.464160839,3.497911197,3.498857806,0.0002004124167,1.258366604,279.8328957,flat,P4,tickle
4676,4479,4584.5625,4587.5,1765.236551,4060,366765,3.54206018,3.447567568,3.496406914,3.495208264,0.0003560693097,1.381163653,279.7125531,3.550119591,3.457523477,3.500541564,3.500163863,0.0003130661514,1.567161555,280.0433251,flat,P4,tickle
4695,4491,4597.35,4603.5,1575.774684,3602,367788,3.537802198,3.465943601,3.497303648,3.497786538,0.0002734237418,1.51514683,279.7842918,3.555410974,3.453050627,3.499274395,3.498222222,0.0003942754716,1.847749608,279.9419516,flat,P4,tickle
4738,4497,4600.1875,4599.5,1972.711234,3746,368015,3.52873313,3.455706985,3.497549841,3.495619407,0.0002678040354,1.38612266,279.8039873,3.529666522,3.466695881,3.497783428,3.497501473,0.0002537774289,1.416458633,279.8226742,flat,P4,tickle