7,0,0,0,0,0,0,0,0,0,0,0,0,0,0,0,0,0,9,0,0,6,0,0,0,0,0,0,0,0,0,0,0,0,0,0
0,0,0,0,0,0,0,0,19,0,29,0,15,6,0,0,0,9,0,0,0,0,0,0,0,0,0,0,0,0,0,0,0,0,0,0
0,158,136,180,212,58,2,0,121,217,222,219,179,149,152,197,151,199,125,146,158,123,212,179,201,172,168,199,168,179,158,123,142,177,173,146
0,0,0,3,0,3,0,0,0,0,0,0,0,0,0,0,0,0,0,16,0,0,0,0,0,0,0,0,0,0,0,0,0,0,0,0
0,0,0,0,0,0,0,0,0,0,0,4,0,0,0,0,0,0,0,12,0,61,0,0,0,0,0,0,0,0,0,0,0,0,0,0
0,16,0,0,0,11,0,0,10,11,17,0,15,0,0,18,0,0,0,5,0,0,0,0,0,0,0,0,7,0,2,0,19,0,0,0
2,0,0,115,126,205,165,73,0,11,0,0,0,0,0,0,0,0,0,0,0,0,0,0,0,0,0,0,0,0,0,0,0,0,0,0
0,0,0,0,0,0,0,3,0,44,0,0,0,0,9,0,0,0,0,0,0,12,0,0,0,0,0,0,0,0,31,0,0,0,0,0
0,0,0,0,0,0,0,0,0,0,0,0,0,0,0,0,0,0,0,0,0,0,0,0,0,0,0,0,0,0,0,0,0,0,0,0
0,0,0,0,0,0,0,0,0,23,0,0,0,0,0,0,69,175,143,158,102,4,0,0,0,7,0,6,0,0,0,0,0,0,0,0
0,0,0,0,0,0,0,0,0,0,0,0,0,0,0,0,0,0,0,0,0,0,0,0,0,0,0,0,0,0,0,0,0,0,0,0
0,0,0,0,0,0,19,0,9,0,0,0,0,0,0,0,0,0,0,0,29,0,15,0,0,0,3,0,0,0,0,0,0,0,0,0
0,0,0,0,0,0,0,0,0,0,0,0,0,0,0,0,0,0,0,0,0,0,0,0,0,0,0,0,0,109,84,168,176,101,3,0
0,2,0,0,0,0,4,0,0,0,10,0,0,0,0,0,0,15,0,0,2,0,0,0,0,0,0,0,0,0,0,0,0,0,0,0
0,0,0,0,0,0,0,0,1,2,21,0,0,0,0,0,0,0,0,0,0,0,24,0,2,0,0,0,0,0,0,0,0,1,0,0
0,0,0,6,0,0,0,0,0,0,0,0,26,0,0,0,0,6,0,13,0,0,0,0,0,0,0,0,0,0,0,0,0,0,0,0
0,0,0,0,0,24,154,175,161,127,19,0,4,0,0,0,0,0,0,0,0,0,0,23,0,15,0,0,0,0,0,0,11,0,0,0
0,0,0,0,0,0,0,13,0,0,0,0,0,0,0,0,0,0,0,0,0,0,0,4,0,0,0,0,0,0,0,0,21,0,0,0
0,0,0,0,0,0,0,0,0,0,0,5,0,0,0,0,0,0,10,2,5,0,0,0,0,0,0,0,0,0,0,0,0,0,0,0
0,0,0,0,0,0,0,0,0,0,0,0,0,28,0,0,0,0,96,143,131,170,105,0,0,0,0,0,0,0,0,0,0,0,0,0
0,0,0,0,0,0,16,0,5,0,0,0,0,0,0,3,0,0,0,0,0,0,0,0,0,0,0,0,0,0,0,0,0,0,0,0
0,0,0,0,0,0,0,0,9,0,0,0,0,0,0,10,0,0,0,0,0,0,0,0,0,0,0,0,0,0,0,0,0,0,0,0
0,0,0,2,0,0,0,0,0,0,6,0,5,0,0,0,0,0,0,0,0,0,0,0,0,0,0,0,0,0,0,117,156,163,154,16
5,0,0,0,0,0,0,0,0,9,0,0,0,0,0,0,0,0,0,0,0,0,0,0,0,0,0,0,0,0,0,0,0,0,0,0
11,0,0,0,0,0,0,0,0,45,0,2,0,0,0,0,11,0,0,0,0,0,0,0,0,0,0,0,0,0,14,0,0,0,0,0
0,0,0,0,0,0,0,0,0,0,0,0,0,0,0,0,0,0,0,0,0,0,0,0,0,10,0,0,0,0,0,0,0,0,0,0
0,0,0,0,0,0,8,143,176,165,222,23,0,0,0,40,0,0,0,0,17,0,11,0,0,0,0,6,0,0,0,8,0,0,0,0
0,0,0,0,0,0,0,0,0,0,0,0,0,20,0,4,0,0,0,0,9,0,0,0,0,0,0,0,0,0,0,0,0,11,0,0
0,0,0,13,0,0,0,0,0,0,13,0,0,0,0,0,0,1,0,0,0,0,0,0,0,0,0,0,0,0,0,0,0,0,0,0
0,0,0,0,0,0,0,0,0,0,6,0,10,0,11,0,0,0,0,48,139,148,198,129,24,0,0,0,0,0,0,0,0,0,0,56
244,190,163,149,207,130,146,146,186,219,173,223,150,148,187,166,159,144,132,148,192,182,206,198,172,185,210,215,176,180,147,161,183,169,164,173
0,0,0,0,0,0,0,0,0,0,0,0,0,0,0,0,0,0,0,0,0,0,0,0,0,0,0,0,0,0,0,0,0,3,0,0
0,0,0,0,0,0,0,0,0,0,11,0,0,0,0,0,0,0,0,10,0,0,0,0,0,0,0,0,0,0,3,0,0,0,0,0
1,0,0,0,0,26,0,0,5,0,29,0,6,0,0,7,0,0,0,0,0,8,0,0,0,0,0,0,0,0,0,0,0,0,0,0
0,129,158,152,135,82,0,0,0,0,0,0,0,0,0,0,0,0,0,0,0,0,0,0,0,0,0,0,0,0,0,0,0,0,0,0
0,0,0,0,0,4,0,0,0,0,0,0,0,0,0,0,0,0,0,0,0,0,0,0,0,0,0,0,0,0,39,0,0,0,0,0
16,0,0,0,0,0,0,1,0,0,0,0,0,0,0,0,0,0,0,0,0,0,0,0,0,0,0,0,0,0,0,0,0,0,0,0
0,0,0,0,0,0,0,0,0,9,4,0,0,0,47,146,128,172,73,0,0,0,0,0,0,0,0,0,0,0,12,0,45,0,20,0
0,0,10,0,0,0,3,0,0,0,0,39,0,0,0,0,0,0,4,0,16,0,0,0,0,0,0,0,0,0,0,0,0,0,0,0
0,0,0,0,0,0,0,0,0,0,0,0,0,0,0,0,0,0,0,0,28,0,15,0,0,0,0,0,0,0,0,0,0,0,0,0
0,0,0,0,0,0,3,0,19,0,0,0,0,0,0,0,0,0,0,0,4,0,5,0,0,6,0,55,186,155,140,99,4,23,0,0
0,0,0,0,0,0,10,0,0,0,7,0,0,5,0,22,0,3,0,0,0,0,0,0,13,0,0,0,0,0,0,6,0,0,0,0
0,2,0,0,0,0,0,0,0,0,0,0,0,14,0,9,0,0,0,0,0,0,1,0,20,0,3,0,0,0,0,0,0,0,0,0
0,33,0,0,0,0,0,0,25,0,0,0,0,0,0,0,0,0,0,0,0,0,0,0,0,0,7,0,0,0,0,5,0,0,94,128
256,175,155,165,184,179,160,126,72,0,7,0,0,0,0,0,0,0,0,1,0,0,0,0,0,0,12,0,0,0,0,0,0,0,0,0
0,0,0,0,0,0,0,0,0,0,0,0,0,0,0,0,0,0,0,0,0,0,0,0,0,0,0,0,0,0,0,0,0,0,0,0
0,0,0,0,0,0,0,0,0,0,0,0,0,0,0,0,0,0,0,0,0,16,0,11,0,0,0,0,0,0,0,0,0,0,0,0
0,0,0,0,0,0,0,0,0,0,0,0,0,0,0,0,43,164,177,158,96,0,0,0,0,0,0,29,0,0,0,0,0,0,0,0
0,0,0,0,0,0,0,0,0,0,0,0,0,0,0,0,0,0,0,0,1,0,22,0,0,0,0,6,0,0,0,0,0,0,0,0
0,0,5,0,0,0,0,0,0,0,0,0,0,0,0,0,0,0,0,0,3,0,0,0,11,0,0,0,0,0,0,30,0,0,0,0
0,0,0,0,0,0,0,0,0,0,0,0,0,0,0,0,0,0,0,0,0,0,0,0,0,0,0,0,0,126,113,186,199,63,0,4
0,0,0,0,0,0,0,0,0,0,0,0,0,0,0,0,0,0,0,0,0,24,0,0,0,0,0,0,0,0,0,0,0,0,0,0
0,0,0,0,0,4,0,0,0,0,0,0,1,0,13,0,0,0,0,0,0,1,0,0,0,0,0,0,0,0,2,0,0,0,0,0
0,0,0,0,0,0,0,4,0,0,0,0,0,0,0,0,0,0,0,0,0,13,0,0,0,0,0,0,0,0,0,0,0,0,0,0
0,0,0,0,0,165,148,166,218,83,0,0,0,3,0,0,0,0,0,0,0,0,0,0,0,0,0,0,0,0,0,0,0,0,0,0
0,0,0,0,14,0,0,0,0,0,1,0,0,18,0,0,0,0,9,0,2,0,0,0,0,0,0,0,0,0,0,0,0,0,0,0
0,0,0,0,0,0,0,0,0,0,0,0,0,20,0,0,0,0,0,0,10,0,5,0,0,0,0,0,0,0,0,0,0,0,0,0
0,0,0,0,0,0,15,0,15,0,0,20,0,13,0,14,0,10,106,177,176,139,24,0,0,0,0,0,0,0,0,0,0,0,0,0
0,0,0,0,0,0,0,0,0,0,0,0,0,0,0,0,0,0,0,0,8,0,0,0,0,0,0,0,0,0,0,0,0,0,0,0
0,0,0,0,0,0,0,0,0,0,0,0,0,0,0,0,0,0,0,0,0,0,0,19,0,0,0,0,0,0,17,0,0,0,0,0
0,0,0,0,0,0,0,0,0,16,0,0,0,0,0,0,0,0,0,0,0,0,0,0,0,0,0,0,0,0,65,99,186,144,109,0
0,0,1,0,0,0,0,0,0,0,0,0,0,0,0,0,0,0,0,0,0,0,0,0,0,0,0,0,0,0,0,0,0,0,0,0
0,0,0,0,12,0,0,0,0,0,0,6,0,11,0,0,0,0,0,0,45,0,11,0,0,0,0,0,0,0,0,0,0,0,0,0
0,0,0,0,0,0,0,0,0,0,0,0,0,0,0,0,0,0,0,0,0,0,1,0,0,0,0,0,0,0,0,0,0,0,0,0
0,0,0,0,0,0,71,144,200,206,105,0,0,0,0,0,0,0,0,6,0,0,0,0,0,0,0,0,0,0,0,0,0,9,0,0
0,0,0,5,0,15,0,0,5,0,0,0,10,0,0,0,0,0,0,0,0,10,0,0,0,0,0,0,0,0,16,0,0,0,0,0
0,0,0,0,0,0,0,0,0,0,0,0,0,0,0,0,13,0,0,0,0,4,0,3,0,0,0,0,0,0,0,0,0,0,0,0
0,0,0,0,0,0,0,0,0,0,0,0,0,0,0,0,3,0,0,130,139,167,172,13,0,0,0,0,0,0,0,0,0,0,0,0
0,0,0,0,0,0,0,0,0,0,0,16,0,0,97,166,157,189,159,139,154,177,200,175,186,165,167,164,183,172,120,159,161,171,168,152
256,187,189,132,184,192,152,153,190,241,179,201,165,177,199,202,176,197,160,158,193,151,193,163,160,157,193,203,202,180,174,167,136,160,152,168
0,0,0,0,0,0,0,2,0,0,0,0,0,0,0,0,0,0,0,0,0,0,0,0,0,0,0,0,0,0,4,0,0,0,0,0
0,0,0,0,0,0,0,0,0,0,0,0,0,0,0,0,0,0,0,0,0,1,0,4,0,0,0,0,0,0,0,0,0,0,0,0
0,0,0,0,0,0,0,0,0,0,1,0,13,0,0,0,0,2,0,0,0,0,0,0,0,0,0,0,0,0,0,0,0,0,0,0
0,0,0,0,0,71,124,144,210,96,0,0,0,0,0,0,0,0,0,0,0,0,0,0,0,0,0,0,0,0,0,0,0,0,0,0
0,0,0,0,0,0,0,0,0,12,0,0,0,0,0,0,0,0,0,0,0,0,0,0,0,0,0,0,0,0,0,0,0,0,0,0
0,0,0,0,0,0,0,14,0,0,0,0,0,0,0,0,19,0,0,0,0,0,0,0,0,0,0,0,0,0,0,0,0,0,0,0
0,0,15,0,0,0,0,0,0,5,0,9,0,0,0,0,0,0,20,153,145,173,208,5,0,0,0,0,0,0,0,0,0,0,0,0
0,0,0,0,0,0,0,0,0,0,0,0,0,0,0,0,0,0,0,0,0,0,3,0,0,0,0,0,0,0,0,0,0,0,0,0
0,0,0,0,19,0,0,0,0,0,0,10,0,0,0,0,0,0,0,0,0,0,0,0,0,0,0,0,0,0,0,0,0,0,0,0
0,0,0,0,0,0,6,0,36,0,0,0,0,8,0,0,0,0,0,0,19,0,0,0,0,0,0,0,0,0,0,36,108,174,167,154
0,0,0,0,8,0,0,0,0,0,9,0,0,0,0,0,0,0,0,0,0,0,12,0,15,0,0,0,0,0,0,11,0,0,0,0
0,11,134,133,187,152,172,131,180,203,182,175,172,160,157,176,141,200,155,139,192,186,144,187,156,201,181,182,191,195,162,137,209,162,165,152
0,0,0,0,0,0,0,0,0,0,0,0,0,0,0,0,0,0,0,0,0,0,0,0,0,0,0,0,0,0,0,0,0,0,0,0
0,0,0,0,0,0,0,0,0,0,0,0,10,0,8,0,0,0,0,0,0,0,0,0,1,0,0,0,14,0,5,0,0,0,0,0
0,0,0,0,0,0,0,0,0,0,21,0,0,0,0,0,0,0,0,0,0,0,0,0,0,0,0,0,0,0,0,0,0,0,0,0
64,162,194,180,179,23,0,0,0,13,0,0,0,0,0,0,0,0,0,0,8,0,0,0,0,0,0,0,0,0,0,0,0,0,0,0
0,0,5,0,0,0,0,0,0,0,0,0,0,0,0,0,0,0,7,0,0,0,0,0,0,0,0,0,0,0,0,0,0,0,0,0
0,0,0,0,0,0,0,0,13,8,0,0,0,0,0,0,0,0,0,0,0,0,0,0,0,0,0,0,0,0,0,0,8,0,0,0
8,0,0,0,0,0,0,0,0,0,0,0,0,0,79,137,171,205,81,0,0,0,0,0,0,0,0,0,0,0,0,0,0,0,0,0
0,0,0,0,0,0,0,0,0,0,0,0,0,0,0,0,0,0,0,0,22,0,0,0,0,0,0,0,0,0,1,9,26,0,0,0
0,0,0,0,0,0,0,0,0,0,0,0,0,0,0,0,0,0,0,0,0,0,0,0,10,0,0,0,0,5,0,0,0,0,0,0
0,0,0,0,12,0,0,0,0,0,0,0,0,6,0,4,0,0,11,0,17,0,0,0,0,0,0,62,154,175,159,132,4,0,0,0
0,0,0,0,0,0,12,0,2,0,0,8,0,2,0,0,0,0,0,0,0,0,0,0,0,0,1,0,0,0,0,0,0,16,0,0
0,0,0,0,0,0,0,0,26,135,207,189,168,164,134,193,177,198,151,140,155,194,206,193,155,148,178,145,178,160,122,167,202,174,168,153
254,203,167,218,204,157,178,159,209,134,176,150,167,169,132,163,140,136,154,186,192,194,182,181,142,178,209,189,150,185,93,193,161,160,146,166
0,0,0,0,0,0,0,0,0,0,0,0,0,0,0,0,0,0,0,0,0,0,0,0,0,0,0,0,0,0,0,0,0,0,0,1
0,0,0,0,0,0,0,0,0,0,0,0,0,0,0,0,0,0,0,0,0,0,0,0,0,0,17,0,0,0,0,0,0,4,0,0
0,0,0,0,0,0,0,21,6,0,0,0,18,0,0,0,0,0,0,73,0,0,0,0,0,0,0,0,0,0,0,0,0,0,0,0
0,0,0,84,121,169,148,102,0,0,0,0,0,0,0,0,0,0,0,0,0,10,0,0,0,0,0,0,0,0,0,0,0,0,0,0
0,0,0,0,0,0,0,0,0,0,0,0,0,0,0,0,0,0,0,0,0,0,0,0,0,2,0,0,0,0,52,165,139,144,152,136
256,200,173,192,184,165,154,159,187,202,208,209,191,197,192,166,177,184,136,186,184,175,221,180,158,160,184,172,167,172,154,162,156,188,148,170
0,0,0,0,0,0,0,0,0,0,0,0,0,0,13,0,0,0,0,0,0,0,0,0,0,0,2,0,0,0,0,0,0,0,0,0
0,0,0,0,0,0,0,0,0,0,11,0,0,0,0,0,0,0,0,4,0,42,0,0,0,0,0,0,0,0,12,0,0,0,0,0
0,0,0,0,0,30,0,0,0,0,0,0,0,0,0,0,0,0,0,0,0,0,0,0,0,0,0,0,0,0,0,0,0,0,0,0
6,156,148,176,150,42,0,0,0,0,0,0,0,0,0,0,0,0,0,0,0,0,0,5,0,16,0,0,0,0,0,0,2,0,11,0
8,0,0,0,0,9,0,5,0,0,0,0,0,0,0,0,0,0,0,0,0,0,0,0,0,0,0,0,0,0,0,0,10,103,159,151
256,189,160,198,190,152,157,139,178,164,172,175,134,159,116,188,178,175,160,161,204,163,206,190,180,203,171,189,175,145,121,159,187,177,172,164
0,0,0,0,0,0,0,2,0,0,28,0,0,0,0,0,0,0,0,0,0,14,0,0,37,0,0,0,7,0,0,0,0,0,0,0
0,0,0,0,0,0,0,0,0,0,0,0,28,0,0,0,5,0,0,26,0,20,0,0,0,0,3,0,0,0,0,0,0,0,0,7
0,0,0,41,131,200,186,124,146,178,160,183,150,195,186,171,142,184,184,161,145,195,189,165,156,158,183,164,195,180,127,151,147,164,158,158
0,0,0,0,0,0,0,0,0,0,0,0,0,0,0,0,0,0,0,0,0,0,0,1,0,0,20,0,0,0,0,0,0,0,0,0
0,0,0,0,0,0,0,0,0,0,0,0,0,0,0,0,0,0,0,0,0,0,0,0,98,132,194,168,181,172,82,164,144,160,150,167
256,185,188,194,144,162,169,187,148,162,199,208,145,163,188,192,156,181,146,147,181,161,187,191,176,179,190,210,163,194,98,148,179,166,179,177
0,0,0,0,0,0,0,0,0,0,0,0,4,0,0,0,0,0,0,0,0,0,0,0,0,0,0,0,0,0,0,0,0,0,0,0
0,28,0,0,0,0,0,0,0,0,0,0,0,0,0,0,0,0,0,3,0,0,0,0,0,0,0,0,0,0,0,0,0,0,0,0
0,0,0,0,0,0,0,0,0,0,9,0,0,0,0,0,0,0,0,17,0,0,0,0,0,0,3,0,0,0,0,0,0,4,0,0
0,122,165,195,197,82,0,0,0,0,0,0,0,0,0,0,0,0,0,0,0,0,0,0,0,0,0,0,0,0,0,0,0,0,0,0
4,0,0,0,0,0,0,9,0,5,8,11,18,0,0,0,0,0,0,9,0,0,0,0,0,0,0,0,0,0,0,0,0,0,0,0
0,0,0,0,0,24,128,152,180,168,212,227,166,167,182,175,167,188,161,159,176,166,184,165,196,187,173,133,150,179,153,132,159,190,166,160
0,0,0,0,0,0,1,17,0,7,0,0,21,0,7,0,0,0,0,0,0,0,0,38,0,5,0,0,0,0,7,0,0,0,0,0
0,0,0,0,0,0,0,24,0,30,0,5,7,0,0,0,0,0,0,0,0,5,0,0,0,0,0,0,0,0,0,0,0,0,0,0
0,0,0,0,0,30,0,7,0,0,0,10,8,0,19,0,0,0,0,0,0,0,0,14,0,0,0,0,0,0,0,0,20,0,0,0
67,176,140,186,131,32,5,0,0,0,0,4,0,0,0,0,0,0,0,0,0,0,0,0,0,0,0,0,0,0,0,0,0,0,0,0
0,0,0,0,5,0,0,0,0,21,0,0,0,0,0,0,0,0,0,0,27,0,0,0,0,5,0,0,0,0,0,0,0,0,12,0
0,0,10,0,0,0,0,0,0,0,0,0,0,0,0,0,3,165,155,173,202,145,186,158,175,161,168,183,172,171,148,136,134,172,172,158
256,176,146,136,151,165,158,152,166,205,147,195,174,192,167,200,179,135,83,0,31,0,0,0,0,0,0,0,0,0,0,0,0,0,0,0
0,0,0,0,0,0,0,0,0,0,4,0,0,0,0,0,0,0,0,0,29,0,0,0,0,0,0,0,0,0,0,0,0,0,0,0
0,0,0,0,0,0,0,0,0,50,0,32,0,0,0,0,0,0,30,0,0,0,0,0,0,0,0,0,0,0,0,10,0,0,0,0
0,0,0,0,0,0,0,0,0,19,0,37,0,0,0,0,0,0,0,0,0,0,0,0,0,0,0,0,158,175,129,115,35,0,0,0
0,0,0,0,0,0,0,0,0,0,0,19,0,0,0,8,0,0,0,0,0,0,9,0,0,0,4,0,0,0,0,7,0,0,1,0
0,0,0,0,0,0,25,0,0,0,14,0,0,0,0,0,0,0,0,0,19,0,24,0,20,0,0,0,0,0,0,10,0,0,0,0
0,0,0,0,0,0,0,0,0,0,0,84,133,165,163,202,156,161,168,158,186,139,188,142,177,177,143,181,155,194,114,155,117,168,144,153
256,216,210,156,134,172,159,156,168,30,0,27,0,18,0,30,0,0,0,0,17,0,6,0,0,0,0,0,0,0,0,0,0,0,0,0
0,0,0,0,0,0,22,0,10,11,0,0,0,0,0,0,0,0,0,0,28,0,26,0,0,0,0,0,0,4,0,0,0,0,8,0
0,0,0,0,0,0,4,0,0,0,1,22,0,19,0,0,0,0,0,0,0,0,0,0,0,0,0,0,0,0,0,0,2,0,0,0
0,0,0,0,0,0,0,0,0,0,0,0,0,40,0,0,0,0,110,144,142,167,56,0,0,0,5,0,0,0,0,0,0,0,0,0
0,0,0,0,0,0,0,0,0,0,0,0,0,0,0,0,0,0,0,11,0,0,0,0,0,0,0,0,0,0,0,20,0,0,0,0
0,2,0,0,4,0,46,0,6,0,0,0,0,5,0,0,0,0,0,0,0,0,16,0,52,0,0,0,0,0,0,0,0,0,0,0
0,0,0,0,0,0,20,0,34,0,0,0,0,0,0,0,0,0,0,0,0,0,0,0,0,0,0,0,0,0,0,95,117,158,167,101
0,0,0,1,0,0,0,0,0,0,7,0,0,0,0,0,0,0,0,0,0,0,0,0,0,0,0,0,0,0,0,0,0,0,0,0
0,11,0,0,0,0,0,0,0,0,0,0,25,0,0,0,0,0,0,0,0,0,0,0,0,0,0,0,0,0,0,0,0,0,0,12
0,0,0,0,0,0,0,0,0,0,0,0,0,0,0,0,0,0,0,0,0,0,0,0,0,0,0,0,19,0,0,0,0,0,0,0
0,0,0,0,0,4,0,4,123,156,175,181,26,0,0,0,1,0,0,0,0,0,0,0,0,0,0,0,0,0,0,0,0,0,0,0
0,0,0,0,0,0,0,0,1,0,0,0,0,0,0,0,0,0,0,0,0,0,0,0,0,0,0,0,0,0,0,0,0,0,0,0
0,0,0,0,16,0,12,0,0,4,0,0,0,0,0,0,0,0,14,0,0,0,0,0,0,0,0,3,0,0,0,0,0,0,0,0
0,0,14,0,0,0,0,0,0,0,0,22,123,142,135,174,161,144,132,140,160,181,202,145,162,42,0,0,0,0,0,2,0,0,0,0
0,0,0,0,0,0,0,0,0,0,0,0,0,0,0,0,0,0,0,0,0,0,0,0,24,0,0,0,0,0,0,26,0,0,0,0
0,0,0,0,0,0,0,0,0,0,7,0,5,0,0,0,0,21,6,0,0,0,16,0,0,0,2,0,0,0,0,8,0,0,0,0
0,0,0,5,0,0,0,0,58,0,0,0,0,0,0,0,0,0,0,32,0,0,37,0,0,0,0,0,0,0,0,0,0,43,126,160
228,40,0,0,0,0,0,0,0,0,1,0,0,0,0,0,0,0,0,0,0,0,0,0,0,0,0,0,0,0,0,0,0,0,0,0
0,0,0,0,0,0,0,0,0,19,0,0,0,0,0,0,0,0,0,0,0,0,0,0,0,0,0,0,0,0,0,0,1,0,0,0
0,0,0,0,10,0,0,0,0,0,0,0,0,0,0,0,0,0,0,0,0,0,0,0,0,0,0,0,0,0,0,0,0,0,0,0
0,0,0,0,0,0,0,0,0,93,190,216,165,68,0,0,0,0,0,0,0,0,0,0,0,0,0,0,0,0,0,2,133,144,164,160
256,197,158,186,150,203,190,178,187,189,169,156,151,159,128,182,175,188,157,176,166,115,214,203,184,185,174,195,166,172,112,172,174,182,170,171
0,0,0,0,0,0,0,0,0,0,0,0,0,0,0,0,0,0,0,0,0,0,0,0,0,0,0,0,7,0,0,0,0,0,0,0
3,0,0,25,0,0,0,4,0,0,0,0,0,0,0,0,0,0,0,0,0,7,0,25,11,0,16,0,13,0,0,0,0,0,0,0
20,0,0,0,0,0,0,0,0,0,0,0,0,0,0,0,0,0,0,0,0,13,0,0,0,31,0,0,0,0,0,0,0,0,0,0
84,172,185,212,133,0,0,0,0,0,0,18,0,0,0,0,0,0,0,0,75,0,0,12,0,17,0,0,0,0,0,0,0,0,0,0
14,0,23,0,0,0,0,0,0,0,0,0,0,0,9,0,0,0,0,0,0,0,0,0,0,0,0,0,0,0,0,0,18,0,0,0
0,0,0,0,0,0,0,0,7,24,0,20,0,0,0,0,0,0,0,0,31,0,0,3,0,0,0,0,0,0,0,0,0,0,4,0
0,0,24,8,0,0,6,0,0,4,0,0,0,12,142,193,117,148,16,0,1,0,3,0,0,0,0,0,0,0,0,5,0,0,0,0
0,0,0,0,0,0,14,0,0,0,0,0,0,0,0,0,0,0,0,0,12,0,14,0,0,0,0,0,0,0,0,0,0,0,0,0
0,0,0,0,0,0,0,0,18,0,0,0,0,0,0,0,0,0,0,0,0,0,0,0,0,0,0,0,0,0,0,0,0,0,0,0
0,0,0,0,0,0,18,0,0,0,0,0,0,0,0,0,0,0,0,0,5,0,0,0,12,0,0,68,169,186,171,60,0,0,0,0
0,0,0,0,0,0,0,0,7,0,0,0,0,0,0,6,0,0,0,12,0,0,0,0,0,0,0,0,0,0,0,0,0,0,0,0
0,0,0,0,0,0,0,0,0,0,0,0,5,0,0,0,0,0,0,0,0,6,0,0,0,0,44,0,0,0,0,0,0,0,0,0
0,0,0,0,0,0,0,0,0,0,13,0,0,0,0,0,0,0,0,7,0,0,0,0,0,0,0,0,0,0,0,0,0,0,0,0
0,0,0,119,167,189,147,63,9,0,0,0,0,0,0,0,0,0,0,0,0,0,0,0,0,22,0,0,0,0,0,0,5,0,0,0
0,0,0,0,0,0,5,0,0,0,0,7,0,0,0,0,0,0,23,0,17,0,7,0,0,0,0,0,0,0,0,0,0,0,0,0
0,0,0,0,2,0,0,0,0,0,0,0,0,0,0,0,0,0,0,0,28,0,0,0,0,0,0,0,0,0,0,0,0,0,0,0
0,0,0,0,0,0,3,0,33,0,0,0,0,0,0,37,157,179,155,98,27,0,0,0,0,0,0,0,0,0,0,0,0,17,0,0
0,0,0,0,0,0,0,0,0,0,6,0,0,7,0,0,0,0,0,0,0,3,0,0,0,0,0,0,0,0,0,33,0,6,0,0
0,0,0,0,0,0,0,0,0,0,0,0,3,0,0,2,0,12,0,0,0,0,0,0,0,0,0,0,0,0,0,0,0,0,0,0
0,0,0,0,0,0,0,0,0,0,9,0,15,0,0,0,0,0,0,22,0,7,0,0,0,0,0,0,70,163,117,153,117,0,0,0
0,0,0,0,0,0,0,0,0,0,0,0,0,0,0,0,0,0,0,0,0,0,0,0,0,0,0,0,0,0,0,0,0,0,0,0
0,0,0,0,0,0,0,0,0,0,0,0,0,0,0,0,0,0,9,0,0,0,0,0,0,0,0,0,0,0,0,0,0,0,0,0
0,0,0,0,0,0,0,0,0,0,0,0,0,0,0,0,0,0,6,0,9,0,0,0,0,0,0,0,0,0,0,0,0,0,0,0
0,0,0,0,90,161,144,144,108,0,16,0,0,0,0,0,0,0,0,0,0,0,0,0,0,0,0,0,0,0,0,0,0,0,0,0
0,0,0,0,0,0,0,0,0,0,3,0,0,0,0,0,0,0,0,35,0,0,0,0,0,0,0,0,0,0,0,11,0,0,0,0
0,0,0,0,0,0,0,0,0,0,3,0,13,0,0,0,0,5,0,0,0,0,0,0,0,0,0,0,0,0,0,0,0,0,0,0
0,0,0,0,0,0,0,0,0,0,12,0,0,0,0,0,5,133,153,167,154,43,11,0,0,0,0,0,0,0,0,0,4,0,0,0
0,0,0,0,0,0,0,0,0,0,0,3,0,0,0,0,16,0,1,0,0,0,0,0,0,0,0,0,0,0,0,0,3,0,0,0
0,0,0,0,0,0,0,0,0,0,0,0,0,9,0,0,0,0,6,0,0,0,0,0,0,0,0,0,0,0,0,0,0,0,5,0
0,0,0,0,0,0,0,0,0,0,0,0,0,0,0,0,0,0,0,0,35,0,0,0,0,0,0,0,0,58,107,170,164,147,0,0
0,3,0,0,0,0,31,137,170,182,143,215,163,177,153,135,203,136,149,165,152,175,195,188,159,173,222,173,160,195,151,171,174,159,169,161
0,0,0,0,0,0,0,0,0,0,0,0,0,0,1,0,0,0,0,0,0,0,0,0,0,0,0,0,0,0,0,0,0,0,0,0
0,0,0,0,0,0,0,0,0,0,0,0,0,0,0,0,0,0,0,0,0,6,0,0,0,0,0,0,0,0,0,0,0,3,0,0
0,1,0,0,0,0,0,0,0,0,0,0,0,0,0,0,0,0,0,0,0,0,0,0,0,0,0,0,0,0,0,0,1,0,0,0
0,0,0,0,0,74,134,183,164,141,21,0,0,0,0,0,0,0,0,0,0,0,0,0,0,0,0,0,0,0,0,0,4,0,0,95
256,205,164,167,224,221,145,139,165,171,168,196,141,185,181,171,197,162,145,168,172,243,176,152,167,137,188,126,181,168,157,150,194,162,163,164
0,0,0,0,0,0,0,0,0,0,0,0,0,0,0,0,0,0,0,0,0,0,0,0,0,0,0,0,0,0,0,0,0,0,0,0
0,0,0,0,0,5,0,0,0,0,2,0,9,0,0,0,2,0,0,34,0,0,0,0,0,0,0,0,0,0,0,0,0,0,0,0
0,0,0,0,0,0,0,0,26,0,41,0,11,1,0,9,0,0,0,15,0,0,19,0,11,0,0,0,0,0,0,0,0,0,0,0
0,125,153,176,106,94,0,0,0,0,14,0,6,0,0,0,0,0,0,0,0,0,0,0,0,0,158,153,148,181,123,129,179,184,150,162
256,172,144,187,132,171,151,192,233,211,163,219,183,169,131,220,148,177,174,173,145,111,191,216,185,162,198,152,169,187,114,185,179,158,166,164
1,0,0,0,0,0,0,0,0,0,0,0,9,0,0,0,0,0,0,0,0,0,0,0,0,0,0,0,0,0,0,0,0,0,0,0
0,0,0,0,0,0,0,0,0,0,0,0,19,0,0,0,0,0,0,0,0,0,0,0,0,0,0,0,0,0,0,0,0,0,0,0
0,0,0,0,0,0,0,0,2,0,8,0,10,0,0,0,0,0,0,0,0,0,0,0,0,0,0,0,0,0,0,0,0,0,0,0
0,0,0,88,170,173,167,73,0,0,0,0,0,0,0,0,0,0,0,0,0,0,0,0,0,0,0,0,0,0,11,0,0,0,0,0
11,129,154,148,203,168,178,159,192,208,164,185,143,168,163,237,181,157,146,209,134,166,163,133,162,212,190,189,199,179,119,150,157,174,141,165
0,15,0,0,0,0,0,0,0,0,0,0,0,0,0,0,0,0,0,9,0,0,0,0,0,0,0,0,0,0,0,0,0,0,0,0
0,0,0,0,0,32,0,0,0,0,13,0,0,7,0,0,3,0,0,0,0,0,0,0,0,0,0,0,0,0,0,0,0,5,0,7
0,5,0,0,0,0,0,0,0,0,0,0,0,0,0,0,0,0,0,0,0,5,0,0,0,0,0,0,0,0,0,0,0,0,0,0
111,186,156,190,135,28,38,56,171,169,217,204,137,160,135,206,207,189,148,158,209,171,176,157,164,157,186,216,167,188,124,171,154,180,163,155
0,0,0,0,0,0,0,4,0,0,0,0,0,0,0,0,0,0,0,0,0,0,0,0,0,0,0,0,0,0,31,0,0,0,0,0
0,0,0,0,0,0,0,0,0,13,0,0,0,0,0,0,0,0,0,0,0,0,0,20,11,0,0,0,0,0,0,0,4,0,0,0
0,4,0,0,0,0,0,7,0,0,0,0,0,0,0,0,0,0,0,0,0,0,0,0,0,0,0,0,0,0,0,0,11,0,0,116
256,180,86,0,0,0,0,0,0,0,0,0,0,0,0,0,0,0,3,0,0,0,0,0,0,31,0,0,0,0,1,0,0,0,0,0
0,0,15,0,1,0,0,23,162,181,233,170,183,161,152,192,199,184,153,172,202,198,198,200,166,135,199,165,167,176,132,177,187,179,169,161
0,18,0,0,0,0,0,0,0,0,0,0,0,0,0,0,0,0,0,0,0,4,0,0,0,0,0,0,5,0,0,0,0,0,0,0
0,0,0,0,0,0,0,0,0,0,18,0,0,0,0,0,0,0,0,6,0,0,0,0,0,0,25,0,0,0,0,0,0,12,0,0
0,0,0,0,0,0,0,0,0,0,0,0,9,0,0,0,0,0,0,0,0,0,0,0,0,0,0,0,0,0,0,0,0,0,0,0
29,137,140,167,167,20,0,25,0,0,0,0,0,0,0,0,0,0,0,0,0,0,0,0,0,2,0,0,0,0,0,0,0,0,0,0
6,0,13,0,0,58,0,6,0,40,0,0,0,0,0,119,155,166,141,153,154,99,168,184,157,184,182,214,169,185,185,189,168,184,164,173
0,19,0,0,0,0,0,0,0,0,1,0,0,0,0,0,0,0,0,0,0,0,0,0,7,0,0,0,0,0,0,0,0,0,0,0
0,0,0,0,0,0,0,4,9,0,2,0,34,0,0,0,0,0,0,7,0,56,0,10,0,0,0,0,31,0,0,0,0,0,0,15
0,0,0,0,0,0,0,0,0,0,36,5,36,0,0,0,0,0,0,0,0,0,0,9,0,0,0,0,0,0,3,0,0,0,0,0
0,0,0,161,164,168,169,60,0,0,0,0,0,0,0,0,0,0,0,0,0,0,0,0,0,0,0,0,0,0,0,0,2,0,0,0
0,0,7,0,0,0,0,0,0,26,0,0,0,0,0,0,2,0,0,0,0,0,0,0,0,0,123,165,168,179,140,133,168,160,156,167
256,181,223,210,174,150,139,155,182,167,198,184,142,137,214,188,169,186,164,144,203,140,200,145,155,162,170,200,158,178,104,150,161,195,159,170
0,0,0,0,0,0,0,0,0,0,0,0,0,0,0,0,0,0,0,0,0,0,0,0,0,0,0,0,0,0,0,0,0,0,0,0
0,0,0,0,0,0,0,0,0,0,0,0,10,0,0,0,0,0,0,0,0,0,0,1,0,0,14,0,0,0,8,0,6,0,0,0
0,2,0,9,0,6,0,0,0,0,22,0,29,0,1,6,0,0,0,1,0,7,0,0,0,0,0,0,0,0,0,0,0,0,0,0
0,164,150,177,206,82,24,15,0,0,15,0,0,0,0,0,0,0,0,0,0,0,0,0,0,16,0,0,0,0,0,0,0,0,0,0
0,0,0,12,0,0,0,0,0,0,0,0,0,0,0,0,0,0,0,0,0,0,0,0,0,0,108,139,158,184,150,141,205,160,174,168
256,218,184,151,199,200,176,145,167,186,190,199,170,211,162,212,207,188,148,153,153,141,197,173,159,192,182,171,184,200,153,158,163,145,171,162
0,0,0,0,0,0,0,0,0,0,0,0,3,0,8,0,0,0,0,0,0,0,0,0,8,0,0,0,0,0,4,0,0,0,0,6
0,0,0,0,0,28,13,0,0,3,0,0,0,0,2,0,0,0,0,0,0,25,0,0,1,0,0,0,0,0,0,0,0,0,0,0
0,0,0,15,0,6,0,15,4,0,28,0,5,0,6,7,0,0,0,0,3,6,0,5,0,0,0,0,0,0,0,0,0,0,0,0
0,0,0,0,0,108,122,158,196,120,7,4,0,0,0,0,0,0,0,0,0,0,0,0,0,0,0,0,0,0,0,0,12,0,6,0
0,0,0,0,0,0,0,1,0,0,0,0,0,0,0,0,12,0,0,0,0,0,0,0,0,0,0,0,0,0,0,0,0,0,0,0
15,0,0,153,184,151,158,158,157,247,237,195,148,163,189,145,174,164,153,155,201,183,179,142,166,158,195,184,178,175,140,152,178,156,163,162
0,0,0,0,0,26,0,0,0,0,0,0,0,0,0,0,0,0,0,0,0,13,0,0,0,0,0,0,0,0,0,0,0,0,0,0
0,85,144,196,183,149,179,148,198,166,180,222,150,201,156,200,163,174,151,149,169,149,176,169,227,146,211,189,176,197,147,170,159,162,167,172
0,0,0,3,0,0,0,0,0,0,0,0,1,0,0,0,0,0,0,0,0,0,0,3,0,0,0,0,0,0,17,0,0,0,0,0
0,0,0,0,0,0,0,9,3,0,7,0,9,0,19,0,0,0,0,0,0,19,0,0,0,0,11,0,0,0,0,7,0,3,0,8
0,10,0,0,0,0,0,22,0,0,0,0,0,0,0,0,0,0,0,2,0,7,0,0,0,0,0,0,0,0,0,0,0,0,0,125
256,188,112,6,0,0,0,0,6,0,0,6,0,0,0,0,0,0,8,0,0,21,4,0,0,5,0,0,0,0,0,0,32,0,0,0
3,1,0,0,0,0,0,3,0,0,0,0,0,0,0,0,2,0,0,0,0,0,0,0,0,0,0,0,0,0,0,0,0,0,7,0
0,0,3,0,0,0,25,0,0,16,0,0,0,0,0,0,0,0,26,0,0,0,0,9,0,15,0,11,0,0,0,0,24,0,0,0
0,0,0,0,0,0,0,7,0,0,3,37,113,172,135,175,0,0,0,0,0,0,0,0,0,15,0,0,0,0,0,0,0,0,0,0
0,0,0,0,0,0,0,0,0,0,0,0,0,0,0,0,0,0,0,0,25,0,0,0,0,0,0,0,0,0,0,0,0,0,0,0
0,0,0,0,0,0,7,0,0,0,0,0,0,0,0,0,0,0,0,0,5,0,0,0,0,0,0,0,0,0,0,0,0,0,0,0
0,0,0,0,0,0,0,0,0,0,0,0,0,0,0,0,0,0,0,25,0,0,0,0,80,195,160,141,123,0,0,0,0,0,0,0
0,0,0,0,0,0,0,0,0,0,0,0,0,0,0,0,0,0,0,0,0,0,0,0,0,0,0,0,0,0,0,0,0,0,0,0
0,0,0,0,0,0,0,0,0,0,0,0,11,0,0,0,0,0,0,0,0,7,0,0,0,0,0,0,0,0,0,0,0,0,0,0
0,0,0,0,0,0,0,0,0,0,0,0,3,0,0,0,0,0,0,0,0,0,0,0,0,0,0,0,0,0,0,0,0,0,0,0
7,172,120,145,146,75,0,0,0,23,1,0,2,0,0,0,0,0,0,0,0,0,0,0,0,0,0,0,0,0,0,0,2,0,0,0
9,0,0,0,0,0,0,0,0,0,0,36,0,0,0,0,0,0,0,0,0,0,0,0,0,0,0,0,0,0,0,0,0,0,1,0
0,0,0,0,0,0,0,0,0,0,0,0,0,2,0,0,0,0,0,0,26,0,0,0,0,0,0,0,0,0,0,0,0,0,0,0
0,0,0,0,0,0,0,0,0,0,0,0,0,130,122,168,169,73,0,0,0,0,0,0,22,0,0,0,0,0,0,0,0,0,0,0
0,0,0,16,0,0,0,13,0,0,0,0,0,0,0,25,0,0,0,0,0,0,0,0,1,0,0,0,0,0,0,0,0,0,0,5
0,0,0,0,0,0,0,0,0,0,28,0,0,0,0,131,172,160,159,158,180,188,186,200,146,145,190,194,164,167,106,153,175,154,161,155
256,200,190,170,177,196,179,143,172,195,176,233,159,168,215,204,201,146,176,176,179,241,178,216,180,204,186,161,167,184,130,29,0,17,0,0
0,0,0,6,0,0,0,0,0,0,8,0,0,0,0,0,0,0,0,0,0,10,0,0,0,0,0,0,0,0,0,0,0,5,0,0
0,0,0,0,0,0,0,0,0,0,0,0,0,0,0,0,0,0,0,22,0,0,0,0,0,0,0,0,16,0,0,0,0,2,0,0
0,0,0,0,0,9,0,0,0,0,0,0,35,0,0,0,0,2,0,0,0,0,0,0,0,0,0,0,0,0,0,0,0,0,0,0
0,151,146,133,150,102,1,0,0,0,0,0,0,0,0,0,0,0,0,0,0,0,0,0,0,0,0,0,0,0,0,0,0,0,0,0
0,0,1,0,0,0,0,0,0,0,0,0,0,0,0,0,19,0,0,0,0,0,0,0,0,0,0,0,0,0,0,0,0,0,0,0
3,0,0,11,11,5,0,10,0,6,0,0,0,0,0,0,4,0,0,0,0,0,0,0,0,0,0,0,0,0,0,0,0,0,0,0
0,0,0,0,0,0,17,0,0,0,0,0,0,10,95,127,129,182,52,0,0,0,0,0,7,1,0,0,0,0,0,0,0,0,0,0
0,0,0,3,0,0,3,0,0,0,0,0,0,0,0,5,0,0,0,7,0,0,28,0,0,0,0,0,0,0,0,22,0,0,0,0
0,0,0,0,0,0,5,0,0,0,22,0,0,0,0,0,0,0,0,0,0,0,0,0,0,0,1,0,0,10,0,0,0,0,0,0
0,2,0,0,0,0,0,0,3,0,0,0,0,0,0,0,0,0,0,0,20,0,0,0,22,0,60,158,172,177,136,45,0,0,0,0
0,0,0,4,0,10,0,0,15,0,13,146,168,159,177,152,155,160,131,150,189,158,205,190,180,184,207,198,180,174,130,180,147,184,162,167
256,194,129,131,159,173,137,158,187,175,219,193,159,157,180,177,166,158,165,142,187,134,189,180,171,180,156,181,177,190,149,146,161,195,154,176
0,0,0,0,0,0,0,0,0,0,2,0,24,0,0,0,0,0,0,0,0,0,0,0,0,0,0,0,0,0,0,0,0,0,0,0
0,0,0,0,0,0,0,2,0,0,0,0,0,0,0,0,0,0,0,0,0,0,0,0,0,0,0,0,0,0,19,0,0,0,0,0
0,5,0,0,0,8,0,0,1,0,38,0,19,0,0,0,0,0,0,2,0,1,0,0,0,0,0,0,0,0,0,0,0,0,0,0
0,0,0,75,165,188,147,85,0,1,0,0,0,0,11,0,0,0,0,0,0,0,0,0,0,0,0,0,0,0,0,0,0,0,0,0
0,0,0,0,0,0,0,0,0,26,0,0,0,0,12,0,0,0,0,0,0,0,0,0,0,0,0,0,0,0,9,0,0,0,0,0
0,0,0,0,0,0,0,0,0,13,0,0,0,0,0,0,0,0,0,0,0,0,0,0,0,0,0,0,0,0,0,0,0,0,0,0
0,0,0,0,0,0,0,9,0,31,2,0,0,0,0,0,67,143,132,159,142,0,0,0,0,25,0,21,0,0,0,0,0,0,0,0
0,0,0,0,24,0,0,0,0,0,0,0,0,0,2,0,0,0,0,0,0,0,0,0,0,0,0,0,0,0,0,16,0,0,0,0
0,0,0,0,0,0,0,0,0,0,0,0,0,5,0,0,0,0,0,0,33,0,7,0,0,0,0,0,0,0,0,0,0,0,0,0
0,0,0,0,4,0,9,0,0,0,0,0,0,4,0,0,0,0,0,0,0,0,0,0,0,0,0,0,0,53,125,142,154,114,0,0
0,0,0,0,0,0,19,0,19,0,18,0,0,0,0,0,0,0,0,0,5,0,7,0,26,0,0,0,0,0,0,5,0,0,0,0
0,0,0,0,0,0,0,0,9,0,5,0,0,0,0,0,0,3,0,7,0,0,0,0,0,0,0,0,0,0,0,2,0,8,0,1
0,0,0,0,0,0,117,150,174,203,203,200,147,177,139,163,172,198,151,145,158,175,151,190,167,174,182,169,145,167,118,168,188,169,158,156
256,187,174,167,166,176,179,173,169,193,86,1,0,0,0,0,0,0,0,0,0,0,0,0,0,0,0,0,0,0,0,0,0,0,0,0
0,0,0,0,0,0,0,0,0,0,0,0,6,0,0,0,0,0,0,5,0,0,0,1,0,0,0,0,8,0,0,0,0,9,0,0
0,0,0,0,0,0,0,0,17,0,24,7,0,0,0,0,0,0,0,0,0,0,0,0,0,0,0,0,0,0,0,3,0,0,0,0
0,0,0,0,0,0,0,0,24,0,0,0,0,0,0,0,0,0,0,80,144,138,210,91,0,0,0,0,0,0,0,0,0,0,0,0
0,0,0,0,0,0,0,10,0,2,0,0,0,0,0,0,0,0,0,0,0,16,0,0,0,0,0,0,0,0,0,0,0,0,0,0
0,0,0,0,0,0,0,0,0,0,0,3,0,0,0,0,0,0,0,0,0,0,0,10,0,0,0,0,0,0,0,0,0,0,0,0
0,0,0,0,0,0,0,0,0,5,0,0,0,0,0,0,0,0,0,0,0,0,0,0,0,0,0,0,0,0,0,0,73,148,166,155
26,0,0,6,9,0,1,0,0,3,0,0,0,0,0,19,0,0,0,0,2,0,20,0,0,0,0,0,0,0,0,0,0,0,0,0
0,0,0,0,0,0,22,0,0,0,11,0,0,0,0,24,0,0,0,0,0,0,0,0,0,0,0,0,0,0,0,0,0,0,0,0
0,0,0,0,0,0,0,0,0,0,0,0,0,0,0,0,0,0,0,0,0,0,0,0,0,0,0,0,0,0,0,0,0,0,0,0
0,0,0,0,0,0,0,0,103,166,169,207,100,11,0,0,0,0,0,0,0,0,0,0,0,0,0,0,0,0,0,0,0,0,0,10
12,0,0,0,0,3,0,0,0,0,21,0,0,0,28,0,0,0,0,0,0,6,0,0,0,0,0,0,0,0,0,0,0,0,0,0
0,0,0,0,0,13,0,0,0,0,0,0,0,0,18,0,0,0,0,0,0,0,0,0,0,0,0,0,0,0,0,0,0,0,0,0
0,0,0,0,0,0,0,0,0,0,0,15,0,0,0,0,0,0,0,0,0,128,161,159,165,0,0,0,0,0,0,0,0,0,0,0
0,0,0,0,0,0,0,0,0,0,0,0,0,0,0,1,0,0,0,0,0,0,8,0,0,0,0,0,0,2,0,0,0,0,0,0
0,0,0,0,0,0,0,0,8,0,0,1,0,0,0,16,0,0,0,0,0,0,1,0,0,1,0,0,0,0,0,0,0,0,0,0
0,0,0,0,0,0,0,0,0,0,0,0,0,0,0,0,0,0,0,0,0,0,0,0,0,0,0,0,0,0,0,0,0,13,139,167
256,93,0,0,0,0,0,0,0,2,11,0,0,0,0,0,0,0,0,0,0,23,0,0,0,0,0,0,0,0,0,0,0,0,0,0
0,0,0,0,0,0,0,0,0,0,0,0,0,0,0,0,0,0,0,0,0,0,0,0,0,0,0,0,0,0,0,0,0,0,0,0
0,0,0,0,0,0,0,0,0,0,0,0,0,0,0,0,0,0,0,0,0,0,0,0,0,0,0,0,0,0,15,0,0,0,0,0
0,0,0,0,0,0,0,0,0,16,146,163,186,132,0,0,0,0,0,0,0,0,0,0,0,0,0,5,0,0,0,0,0,0,0,0
0,0,0,0,23,0,0,0,0,23,0,0,0,0,0,0,0,0,0,0,0,0,0,0,0,0,0,0,0,0,0,0,0,0,0,0
0,0,0,0,0,0,0,0,0,0,0,0,0,0,0,0,0,2,1,0,0,0,5,0,0,0,0,0,0,0,0,0,0,0,0,0
0,0,0,0,0,0,0,0,0,0,0,0,0,0,0,0,0,0,0,0,0,0,119,158,147,189,130,0,0,0,0,62,140,151,169,150
256,182,171,174,166,181,171,148,186,207,165,195,176,174,171,195,156,201,162,171,242,172,160,179,172,172,169,179,170,180,99,155,160,155,181,164
0,0,0,0,0,0,0,0,0,0,0,0,0,0,0,0,0,0,0,0,0,0,0,0,0,0,0,0,0,0,0,0,0,0,0,0
0,0,0,0,0,0,0,0,0,0,0,0,6,0,0,0,0,0,0,0,0,0,0,0,0,0,0,0,0,0,0,0,0,0,0,0
0,0,0,0,0,0,0,0,0,0,3,0,0,0,0,0,0,26,129,125,210,160,167,212,142,137,209,146,171,164,114,176,170,174,176,164
0,0,0,0,0,0,0,0,0,0,9,0,0,0,0,0,0,0,0,0,0,0,0,0,0,0,0,0,0,0,0,0,0,0,0,0
0,0,0,0,0,0,0,0,0,0,0,0,0,0,0,0,0,0,0,0,0,0,0,0,0,0,0,0,0,0,0,0,0,0,0,0
0,0,0,0,0,0,0,0,0,0,23,0,0,0,0,0,0,0,0,3,0,0,0,0,0,0,0,0,0,0,0,0,0,0,0,0
46,157,144,195,153,46,0,0,0,18,0,0,0,0,0,0,0,0,0,0,0,0,0,0,0,0,0,0,0,0,0,0,5,0,0,0
14,0,18,0,0,0,0,0,0,0,0,0,0,0,0,0,0,0,0,0,0,11,0,0,0,0,0,0,0,0,18,0,12,0,0,0
0,0,0,0,0,0,0,0,0,7,0,0,0,0,0,0,0,0,0,0,0,0,0,0,0,0,0,0,0,0,0,0,13,0,0,0
10,0,0,0,0,0,0,0,0,25,0,0,0,0,55,169,198,156,68,0,2,0,0,0,0,0,0,27,0,0,0,0,0,0,31,109
256,189,194,173,178,169,149,164,224,196,180,214,157,163,211,221,167,197,153,156,158,145,210,196,142,189,145,144,152,194,145,174,192,151,173,159
0,0,0,0,0,0,0,0,0,0,0,0,0,0,0,0,0,0,0,0,0,0,0,0,0,0,79,111,173,174,117,161,159,161,160,176
256,195,196,210,230,181,176,150,185,174,180,176,162,166,167,180,197,208,151,160,140,176,198,204,189,187,200,164,185,187,176,134,158,181,157,166
0,0,0,0,0,0,0,0,0,0,0,0,0,0,0,0,0,49,130,138,153,184,193,157,163,137,176,132,173,187,162,207,176,183,174,167
256,187,175,173,173,182,180,137,172,194,217,217,169,161,142,184,187,205,161,150,124,210,192,182,156,158,157,129,174,171,122,143,168,139,149,172
0,0,0,0,0,0,0,0,0,0,13,0,0,0,0,0,0,0,0,0,0,0,0,0,4,0,0,0,13,0,0,0,0,0,0,0
