0,0,4,0,0,0,0,0,0,0,0,19,0,0,0,0,0,0,5,0,0,0,0,0,7,7,5,0,0,23,0,0,0,0,7,0
0,0,0,0,17,0,0,0,0,0,0,12,0,0,0,0,0,0,1,0,0,0,23,14,0,5,0,17,0,58,0,0,0,0,0,0
0,0,0,0,0,0,0,0,0,0,145,195,0,0,0,0,0,0,17,10,25,10,0,15,20,58,0,51,0,91,0,0,0,0,30,0
0,0,0,0,122,236,256,256,256,222,231,204,0,0,0,16,0,0,0,0,0,0,0,9,44,19,21,0,23,68,0,44,0,22,0,0
0,19,0,0,0,0,162,155,195,172,256,180,0,0,0,19,0,14,0,4,0,1,50,26,11,11,0,0,0,80,7,16,0,28,9,7
0,1,0,0,0,0,170,167,186,171,198,184,0,0,0,1,0,23,0,0,0,0,0,10,41,0,14,0,0,40,0,0,0,0,0,12
0,0,0,0,0,0,178,165,187,161,256,195,0,0,0,0,0,79,137,205,204,131,37,3,34,18,16,0,11,12,0,0,0,0,0,24
0,0,0,0,0,0,155,178,167,193,168,185,0,0,6,0,0,0,0,19,0,8,0,18,19,9,50,0,30,45,51,0,0,0,0,10
0,0,0,0,0,0,160,187,165,194,187,203,8,0,8,19,5,0,0,39,0,40,0,0,2,52,49,0,20,0,18,0,0,0,0,0
0,0,0,0,0,0,142,197,182,205,214,214,0,0,0,0,0,0,5,31,0,19,0,55,0,37,0,8,36,27,104,134,171,206,127,23
0,0,15,0,0,0,183,190,187,195,226,244,0,0,0,0,0,0,19,0,1,0,0,41,8,79,8,7,0,67,19,0,46,0,6,0
0,0,1,0,1,0,159,209,144,176,182,230,0,0,0,0,0,0,26,3,1,3,0,31,0,17,0,31,0,27,0,0,0,0,16,0
3,0,22,0,7,0,0,0,0,0,0,0,0,11,0,21,0,0,40,0,30,57,0,0,0,53,0,22,0,44,0,0,12,0,7,0
0,0,0,0,3,0,43,117,150,161,141,39,0,0,0,19,0,0,0,0,0,0,0,0,23,0,0,0,0,7,0,45,0,0,0,0
0,0,0,0,0,0,0,0,0,0,20,0,0,0,0,0,0,0,0,0,0,0,0,0,23,0,0,15,0,0,0,0,0,0,0,11
0,0,0,0,0,0,0,0,0,0,0,0,5,0,0,0,0,10,0,0,0,0,0,5,0,0,39,0,5,9,0,9,0,0,0,6
0,0,0,0,0,0,0,0,0,0,12,0,10,0,13,0,0,0,0,83,140,190,218,151,28,0,0,0,14,0,25,1,11,0,0,0
7,0,0,0,0,0,0,1,0,0,0,0,0,0,5,0,33,0,0,0,0,24,10,18,0,0,0,0,0,0,0,0,3,0,0,0
0,0,0,0,0,0,0,0,0,1,0,0,0,0,19,0,4,0,21,14,0,0,0,5,0,31,0,5,0,0,9,0,0,0,0,0
11,0,12,0,0,0,0,0,0,0,0,14,17,0,0,0,20,0,6,0,0,0,0,0,0,38,0,29,0,8,0,0,126,185,177,188
36,0,0,0,10,0,0,0,9,0,0,3,0,23,0,17,0,3,7,0,0,0,24,4,23,17,16,12,0,38,0,4,0,0,0,0
0,0,0,0,0,0,6,0,0,0,0,8,0,0,0,0,0,0,0,0,15,0,0,0,25,0,0,17,0,10,1,7,0,0,0,0
0,46,4,0,0,0,0,0,0,0,0,0,0,8,0,0,0,6,0,0,0,0,14,0,49,23,0,0,0,16,2,13,0,0,0,0
0,26,0,0,0,0,0,0,106,147,202,208,114,16,34,0,0,0,0,0,0,0,0,0,0,0,15,0,20,0,1,19,18,0,0,14
0,0,0,0,0,25,0,4,0,18,14,0,3,12,2,0,0,4,0,15,0,43,0,3,0,36,0,33,34,0,2,0,0,11,0,15
25,0,0,3,0,6,0,0,0,0,0,0,11,0,52,0,9,7,19,0,0,47,6,23,0,59,22,0,0,43,18,0,52,0,0,17
0,0,1,0,0,0,158,193,161,213,207,204,0,5,0,0,20,0,10,10,0,160,230,195,242,88,25,0,24,42,2,6,0,0,0,0
4,0,0,0,0,0,138,183,151,178,147,188,0,0,0,0,0,0,1,6,5,0,0,0,9,38,0,16,0,47,0,0,0,0,0,0
0,0,0,0,0,0,92,182,181,201,153,204,0,0,0,0,0,0,7,0,0,0,9,0,0,0,0,0,0,37,0,0,5,0,0,0
0,0,0,0,0,0,174,139,156,166,170,180,0,2,0,0,0,0,0,0,3,0,0,0,4,2,0,14,0,34,0,0,0,0,144,182
167,107,0,0,0,0,167,169,206,166,194,183,0,0,0,0,0,0,0,0,0,0,0,0,38,25,0,0,0,37,17,0,0,0,0,13
0,0,0,0,0,0,252,256,256,256,256,256,157,195,196,193,213,202,168,202,235,184,184,243,153,175,229,242,234,256,196,150,227,200,203,180
0,0,0,0,0,0,152,202,209,184,214,178,7,0,0,0,0,0,19,1,0,0,0,48,0,10,11,0,13,24,36,0,0,0,0,3
0,0,0,0,0,18,152,193,208,215,204,189,10,0,0,0,0,0,0,29,0,12,13,44,33,19,0,0,13,32,35,0,0,25,0,1
0,0,0,0,0,0,156,197,152,177,190,187,0,0,13,0,0,0,0,23,0,29,0,27,0,37,0,0,0,36,33,0,5,0,0,0
0,0,0,0,0,135,256,256,256,256,223,248,2,0,0,0,0,0,52,21,0,0,1,73,7,57,49,1,32,35,22,0,19,0,6,0
12,0,0,0,0,0,171,211,174,220,188,183,0,0,0,0,12,0,20,7,0,71,0,0,7,72,0,0,20,14,28,0,37,0,7,0
11,0,9,0,0,0,0,16,0,0,0,0,0,0,0,0,0,0,4,0,21,28,0,65,0,35,27,51,29,10,22,22,0,0,20,9
29,0,14,8,0,0,0,26,0,25,0,0,0,27,0,0,12,0,15,138,149,195,190,27,0,6,0,0,0,12,7,0,0,0,11,0
0,0,0,0,0,0,0,0,0,0,0,0,0,0,2,0,0,0,0,0,0,0,0,10,0,18,0,45,0,25,0,1,6,0,12,0
0,0,29,0,0,0,0,0,0,20,0,32,0,23,0,0,0,0,0,0,0,0,0,0,0,32,0,19,0,16,0,1,0,0,0,0
9,0,0,0,3,0,0,0,0,0,0,0,0,13,0,0,0,0,20,0,12,0,7,0,0,16,0,0,0,5,0,0,156,147,162,177
9,0,0,0,0,0,0,0,0,0,0,0,0,0,0,36,0,20,0,0,0,0,6,0,43,1,11,0,0,1,0,0,0,12,0,0
0,12,0,0,0,0,0,0,0,0,42,0,0,0,0,0,0,5,142,156,157,192,194,226,215,202,192,218,215,216,218,191,215,197,170,188
214,206,222,207,232,256,170,156,167,206,160,178,172,179,207,192,171,205,175,241,203,189,184,181,256,240,224,179,224,188,156,181,157,183,174,190
0,0,0,18,0,8,0,2,0,0,0,0,0,0,1,0,0,23,0,10,0,22,0,0,0,16,12,0,5,0,14,0,0,6,0,25
0,0,0,13,0,12,0,0,0,0,1,0,0,0,20,0,0,0,0,29,0,0,0,3,0,15,30,0,32,18,17,2,0,4,0,10
0,0,0,22,0,12,0,0,4,0,0,0,49,0,0,0,0,22,0,16,0,0,6,0,1,2,20,0,20,9,0,0,6,0,0,19
4,164,184,211,243,113,0,0,0,0,0,139,0,0,0,0,3,0,30,6,0,8,0,23,0,10,15,0,3,0,9,0,4,0,0,0
19,0,0,0,0,10,141,206,203,219,215,207,1,0,0,0,0,0,0,0,1,5,0,13,0,32,22,0,38,35,66,4,5,0,0,20
6,0,0,0,0,14,162,189,197,205,202,155,0,0,0,0,10,3,0,0,17,12,15,42,6,34,0,2,23,22,29,0,25,0,0,20
25,0,3,0,0,0,151,186,197,185,186,211,0,0,83,171,205,198,154,0,0,36,0,48,0,12,0,41,0,46,19,0,0,0,0,13
0,0,7,0,0,0,168,189,163,205,187,189,0,0,0,0,0,0,0,0,0,2,0,4,0,50,0,17,0,57,10,0,36,0,13,0
0,0,0,0,0,0,147,193,135,198,173,188,0,0,0,0,0,0,0,0,0,0,0,0,0,35,3,16,0,72,25,0,33,0,25,6
5,0,0,0,0,0,157,155,176,202,171,232,0,0,0,0,0,0,2,0,0,0,0,22,0,4,0,87,194,224,214,123,8,0,0,0
0,0,0,0,0,0,176,145,181,133,186,228,0,0,0,0,0,0,0,0,34,0,11,0,17,37,0,22,0,90,0,19,0,0,11,1
0,0,0,0,0,0,181,133,183,144,233,217,0,0,0,0,0,0,0,0,17,0,0,0,18,0,0,0,0,61,0,0,0,27,0,0
0,0,0,0,0,0,179,135,180,169,219,213,18,0,0,0,0,0,0,0,0,7,2,0,0,0,0,0,0,54,0,0,0,0,0,4
0,1,0,18,179,216,256,256,256,169,207,180,17,0,0,0,0,0,0,17,0,0,0,0,4,5,29,0,0,46,0,0,0,0,0,15
0,0,0,0,0,0,139,195,181,157,186,181,0,0,0,0,0,0,0,26,0,21,0,32,14,0,23,0,34,0,34,0,0,0,0,16
0,0,0,0,0,0,133,180,157,164,188,205,7,0,0,0,0,0,0,28,0,22,0,23,0,64,26,0,29,32,16,0,54,0,0,0
0,0,0,0,0,0,139,169,164,205,175,184,0,0,0,0,70,153,185,199,183,71,0,33,0,30,3,5,0,41,26,0,18,0,25,0
0,0,0,0,0,0,137,195,159,201,200,230,0,0,0,0,0,0,9,0,0,14,0,53,0,39,29,45,1,42,1,0,0,0,14,0
0,0,1,0,0,0,168,153,157,206,152,241,0,2,0,0,0,0,30,0,12,0,14,1,0,0,0,18,0,29,0,8,0,0,4,0
0,0,0,0,0,0,176,160,175,186,206,241,0,0,0,3,0,0,0,0,2,0,8,0,6,5,0,0,0,103,193,164,185,133,19,2
0,23,0,0,0,0,185,163,207,148,227,188,0,0,0,0,0,28,0,6,0,0,19,0,26,0,25,0,28,0,1,38,1,16,0,20
0,0,0,11,0,0,162,203,193,171,242,175,0,0,25,0,0,0,0,12,0,42,0,31,16,0,43,0,11,11,23,0,0,7,0,24
2,0,0,0,0,24,0,21,0,0,0,0,0,0,0,0,5,0,0,10,0,13,14,24,0,4,0,0,5,15,10,0,0,7,0,44
32,0,0,0,0,162,138,168,186,84,42,0,0,0,1,0,0,0,0,0,0,0,0,0,0,25,0,15,0,0,0,0,0,0,10,0
5,0,26,0,1,0,0,0,0,0,0,42,0,0,0,0,0,0,14,0,0,0,0,0,0,0,0,0,0,23,0,0,0,0,13,0
0,0,9,0,19,0,0,0,0,0,0,35,0,17,0,0,0,0,15,0,0,0,7,9,0,0,0,0,4,0,0,0,0,0,8,0
0,0,0,0,0,0,0,0,0,0,0,12,0,9,0,12,0,14,130,181,164,203,87,4,6,7,0,0,0,26,0,0,0,35,0,0
0,28,0,0,0,0,1,0,0,0,1,0,0,0,0,11,0,16,0,13,0,10,0,0,8,0,32,0,0,0,0,0,0,9,0,6
0,9,0,0,0,3,0,3,0,0,25,0,13,0,0,0,0,0,0,2,0,0,1,0,0,0,14,0,11,0,2,0,0,34,0,13
2,0,0,24,0,0,0,7,0,0,1,0,19,0,0,0,0,0,0,34,0,17,0,11,0,0,5,0,36,0,86,174,159,162,132,48
6,0,0,0,0,0,0,0,0,18,0,18,0,0,15,1,17,0,1,0,0,0,0,0,0,44,0,0,0,0,0,0,0,7,15,0
4,0,0,0,0,0,0,0,50,175,110,178,0,2,0,0,33,0,43,0,33,67,0,3,0,47,1,33,0,38,0,0,12,0,14,0
11,0,14,0,0,0,165,159,186,166,168,245,0,0,0,0,0,0,0,0,23,0,18,0,0,0,0,10,0,49,0,0,15,0,16,0
10,0,0,0,18,0,37,113,134,157,98,54,0,0,0,6,0,29,30,0,45,36,40,0,62,0,30,28,0,54,0,23,5,0,1,15
0,11,0,11,0,0,199,164,210,160,211,209,0,0,0,4,0,4,0,0,7,18,0,0,9,29,16,0,0,60,0,4,0,15,0,23
8,0,0,7,0,0,165,186,200,210,222,218,6,0,0,31,0,0,0,21,0,40,25,0,0,6,35,14,13,28,0,0,0,0,0,43
18,0,0,6,0,0,146,176,211,186,232,222,4,0,0,0,0,0,0,95,166,215,216,143,47,0,24,0,0,28,43,0,0,0,6,6
8,0,0,0,0,0,132,191,126,153,196,188,0,0,4,0,0,0,0,0,32,10,0,0,0,42,20,0,0,17,0,0,15,0,6,0
17,0,0,0,0,0,155,187,135,169,160,209,0,0,0,0,5,0,29,0,25,10,0,27,0,52,0,0,0,46,41,0,13,0,0,0
1,0,0,0,0,0,166,187,167,161,181,183,0,0,0,0,20,0,10,0,0,0,0,0,0,11,0,25,0,47,0,0,108,159,183,199
31,0,0,0,0,0,171,165,183,180,172,172,0,0,0,0,0,0,0,0,0,0,46,1,3,1,0,0,0,44,0,0,0,24,0,0
0,0,0,0,0,0,178,141,214,180,205,212,0,1,0,12,0,0,0,0,5,0,0,2,16,3,6,9,0,34,0,0,0,16,0,0
0,5,0,0,0,0,203,147,197,167,202,180,0,0,0,0,0,4,0,22,28,0,18,0,11,39,1,0,0,13,0,0,0,14,0,20
0,0,0,0,0,0,161,167,256,256,256,256,66,0,0,23,0,6,0,22,0,0,0,3,0,0,25,0,0,2,27,0,0,0,0,0
1,0,0,0,0,0,0,0,0,0,0,0,0,0,0,0,20,0,0,7,0,51,0,22,0,0,0,0,15,13,32,0,6,0,0,15
7,0,0,0,0,22,0,10,0,0,0,0,0,0,14,2,17,2,19,0,0,37,7,16,28,6,40,0,8,12,0,18,0,1,0,8
7,0,0,0,0,0,144,218,179,211,200,231,0,0,0,0,0,0,0,0,0,170,159,219,187,125,34,4,2,15,12,0,0,4,28,0
10,0,16,0,0,0,169,184,169,157,151,213,0,0,0,0,0,0,23,0,26,0,27,0,0,12,0,0,2,32,0,0,8,0,16,0
0,0,3,0,0,0,185,175,204,199,180,231,0,3,0,13,0,0,19,0,23,0,24,9,0,20,0,0,0,32,0,22,0,0,21,0
6,0,0,0,0,0,178,189,199,185,182,223,0,3,0,0,0,0,23,0,4,0,46,0,3,1,1,19,0,40,0,33,0,35,159,184
178,86,0,0,0,0,148,182,172,163,201,185,0,0,0,13,0,0,0,0,0,0,0,0,36,0,5,0,5,0,0,5,0,11,0,21
0,0,0,0,0,0,159,184,189,140,222,163,0,0,0,0,0,0,0,15,0,2,0,0,0,0,18,0,14,0,0,0,0,0,0,26
0,0,0,0,0,0,148,183,150,168,159,138,0,0,9,0,0,0,0,0,0,25,0,0,0,0,0,0,6,0,0,0,0,0,0,7
4,0,0,0,0,0,132,198,154,184,256,256,158,164,44,0,0,0,0,0,0,0,0,1,0,12,31,0,0,1,25,0,0,0,8,0
0,0,0,0,0,0,163,158,176,199,158,236,0,8,0,0,0,0,44,0,16,0,0,24,0,32,0,0,0,42,2,0,0,0,9,0
0,0,0,0,0,0,159,192,162,190,164,244,0,0,0,0,0,0,20,0,39,0,0,0,0,48,0,0,0,60,0,0,0,0,0,0
0,0,0,0,0,0,159,152,188,207,146,0,0,20,0,31,0,0,29,0,45,0,51,182,164,232,183,59,15,70,0,10,0,0,14,0
0,0,0,0,0,0,0,0,0,0,0,0,0,0,0,0,0,33,0,0,52,19,36,0,49,0,39,10,0,78,0,9,0,30,12,0
0,31,0,0,0,0,148,151,183,159,200,196,0,0,0,11,0,22,0,0,41,3,40,0,2,10,0,0,0,53,0,1,0,0,0,0
0,0,0,0,0,0,168,156,183,154,189,209,0,30,0,0,0,11,0,19,2,0,0,0,19,3,28,0,0,57,35,5,0,8,0,30
150,167,214,117,0,4,153,182,202,173,229,243,5,0,0,0,0,5,0,18,0,1,0,13,0,0,3,0,36,53,43,0,19,18,5,34
0,0,0,0,0,0,153,184,182,209,198,209,0,0,0,0,0,0,0,26,8,36,0,19,6,27,0,2,29,44,39,2,0,0,0,15
15,0,0,0,0,0,136,211,193,199,205,170,0,0,0,0,11,0,0,0,0,22,0,10,0,37,0,10,9,40,14,0,19,0,17,7
17,0,0,0,0,0,151,189,182,185,198,199,124,137,123,215,55,0,0,0,5,0,0,0,0,7,0,22,0,45,0,0,0,0,12,0
0,0,0,0,0,0,145,160,177,194,197,217,0,0,0,0,0,0,5,0,32,0,15,7,0,4,0,0,0,57,0,0,0,1,0,0
0,0,0,0,0,0,163,133,193,157,189,223,0,0,0,8,0,1,0,0,0,0,23,0,14,0,0,0,0,68,0,2,0,0,0,0
0,0,0,0,0,0,0,0,0,0,0,0,0,17,0,23,0,0,0,14,22,16,28,0,111,210,186,159,190,66,4,34,0,22,0,23
0,0,0,0,0,0,0,0,0,0,0,0,16,0,0,0,0,0,0,1,0,0,0,0,13,0,0,0,10,0,0,0,0,0,0,18
15,0,0,0,0,0,0,0,0,0,10,0,21,0,0,0,0,0,0,2,0,10,0,20,0,23,49,0,7,0,8,0,12,0,0,8
15,0,0,0,0,0,0,11,0,0,0,0,0,0,4,0,0,0,0,39,0,34,0,0,18,12,0,11,0,0,4,0,0,0,0,8
78,142,185,238,192,56,0,0,0,4,0,0,0,0,0,0,0,0,0,0,0,0,8,17,0,39,0,15,0,11,0,0,0,0,16,0
0,0,0,0,7,0,9,0,0,0,0,0,0,0,0,27,0,0,1,0,11,0,0,0,0,15,0,14,0,8,0,0,23,0,29,0
5,0,3,0,19,0,0,0,0,0,0,16,0,1,0,13,4,0,10,0,37,0,0,9,0,0,0,64,0,0,0,0,0,0,14,0
0,0,0,0,12,0,6,0,0,0,0,0,0,71,175,213,174,145,36,0,29,0,50,0,7,0,29,0,0,22,0,39,6,3,0,0
0,10,8,11,0,0,0,0,0,0,18,0,0,19,0,7,0,11,0,8,0,0,0,12,22,37,26,0,11,13,0,55,0,17,0,8
0,25,0,16,0,0,0,0,0,6,19,0,27,0,5,0,0,18,0,14,0,9,0,0,9,0,10,0,17,18,0,0,0,0,0,20
0,0,0,0,0,18,5,0,0,0,1,0,16,8,27,0,0,7,0,16,0,0,0,6,10,0,117,195,197,204,60,14,0,0,0,0
7,0,5,0,0,4,0,0,0,0,0,0,0,0,0,0,0,0,9,0,0,0,0,10,0,0,0,0,27,0,17,0,34,0,5,0
8,0,0,0,0,0,0,0,0,0,0,0,9,0,0,0,2,0,6,0,0,16,0,0,0,16,2,0,5,0,0,0,0,0,0,0
0,0,4,0,0,0,0,7,0,0,0,3,0,2,0,0,0,0,3,0,15,0,0,0,0,10,0,0,0,0,0,0,0,0,0,0
0,0,103,197,215,254,84,0,0,0,178,29,0,22,0,19,0,0,0,0,13,10,0,0,33,26,29,15,0,37,0,20,7,0,0,0
0,8,0,0,0,0,180,157,196,0,0,0,0,0,0,0,0,12,1,0,3,0,0,0,13,0,11,21,0,30,0,3,0,0,0,0
0,0,0,0,0,0,0,0,0,0,225,173,0,0,0,0,0,4,0,0,0,2,0,0,22,2,0,0,0,0,0,34,0,0,0,2
0,3,0,0,0,0,0,0,0,0,0,0,0,0,0,126,143,216,188,94,34,1,0,5,0,10,47,0,34,18,23,0,24,0,0,36
0,4,0,12,0,30,0,0,0,0,0,0,0,0,17,0,43,0,0,9,0,5,11,40,0,5,33,0,12,0,40,0,34,0,0,7
15,0,1,0,0,0,0,0,0,0,0,0,0,0,0,0,34,0,7,37,0,18,0,31,13,67,13,1,15,43,9,0,17,0,22,22
10,0,13,0,0,0,0,0,0,0,0,0,0,0,3,0,31,0,6,6,21,19,0,40,0,68,0,12,158,247,147,207,98,11,30,7
17,0,20,0,5,0,0,0,0,0,0,4,0,0,0,0,0,0,30,11,24,8,14,25,0,43,0,19,2,73,0,0,31,0,9,0
6,0,15,0,0,0,0,0,0,0,0,3,0,18,33,2,4,0,31,9,30,0,33,5,0,76,0,3,29,60,0,15,0,0,8,0
0,0,0,0,4,0,0,0,0,0,0,0,0,34,0,0,0,1,31,0,30,10,15,1,40,37,0,15,0,13,39,25,25,0,8,0
0,4,0,0,150,216,256,256,256,147,224,201,0,0,0,0,0,17,0,0,1,8,4,0,3,0,34,0,28,0,20,5,0,0,0,19
0,0,0,0,0,0,0,0,0,0,0,0,37,0,7,0,0,9,0,10,0,0,0,20,0,0,0,11,13,0,28,0,0,0,0,0
19,0,0,9,0,0,0,6,0,0,0,0,0,0,0,0,0,0,0,4,0,23,0,18,6,8,40,0,44,0,28,0,0,3,0,2
21,0,0,0,0,3,0,0,0,0,0,0,0,0,9,0,0,156,202,189,150,91,3,18,0,0,0,6,6,0,23,0,25,0,21,0
54,0,16,156,226,243,147,168,182,159,178,180,177,192,202,217,234,220,178,185,192,146,210,198,225,228,182,207,236,228,234,176,174,208,172,181
1,0,0,32,0,17,0,18,0,0,0,0,12,0,0,11,0,0,0,0,0,0,0,20,9,0,4,0,8,0,13,0,0,0,0,6
5,0,0,29,0,23,0,15,0,39,6,12,9,0,7,0,0,0,0,14,0,32,0,1,0,25,25,0,10,0,0,0,0,6,0,45
0,3,0,23,0,21,0,15,0,0,0,0,0,0,0,0,0,0,0,12,0,0,0,0,0,3,0,0,19,0,53,0,0,0,14,0
27,0,23,0,0,210,159,160,167,59,0,17,0,1,0,0,0,0,5,0,29,17,5,47,0,16,0,0,20,10,32,0,30,0,9,1
57,0,36,25,0,0,0,18,0,6,0,12,0,0,0,0,25,0,21,0,0,0,0,0,0,22,9,0,1,0,0,0,3,0,18,0
0,0,39,0,4,0,0,0,0,14,0,6,0,0,0,0,0,0,32,0,0,0,0,14,0,40,7,6,14,2,35,0,46,17,34,3
34,0,44,0,14,0,0,13,0,28,1,0,2,5,0,0,2,0,49,185,139,185,164,11,0,0,0,5,0,11,0,0,0,0,0,0
6,0,4,0,9,0,2,0,0,0,0,0,0,0,0,0,0,0,7,0,0,0,6,2,0,47,0,0,0,4,4,0,12,0,0,0
0,0,0,0,7,0,0,0,0,0,0,2,0,4,0,0,0,0,0,1,3,0,7,0,2,3,0,42,0,34,0,28,0,0,0,0
0,0,0,0,0,0,1,0,14,0,0,0,0,3,0,0,0,0,9,0,18,0,0,0,0,8,0,7,0,26,0,27,152,175,184,172
0,7,0,0,0,0,0,0,0,0,15,0,5,0,0,0,0,0,0,16,0,0,0,0,14,0,25,128,200,192,214,158,208,199,188,192
181,190,200,223,195,226,161,162,155,187,195,187,170,156,188,163,224,184,188,220,205,193,158,256,252,239,256,246,229,234,167,168,192,195,187,197
1,0,0,12,0,18,0,0,0,0,0,0,28,0,29,20,0,0,0,37,0,17,7,16,0,0,54,0,16,0,8,9,40,0,1,17
11,0,0,14,0,35,144,188,189,188,181,197,11,3,0,0,0,0,0,16,0,24,0,0,4,14,0,0,50,33,34,11,0,10,0,44
0,0,0,0,0,7,164,219,188,165,231,192,10,0,7,0,0,0,0,0,0,11,0,24,0,46,0,19,16,38,13,0,0,17,0,5
35,153,201,244,176,27,167,202,202,218,216,235,0,0,29,0,0,0,6,6,0,35,0,61,0,73,11,0,0,55,34,0,57,22,12,28
31,0,11,0,0,0,166,204,187,208,189,213,0,3,0,0,0,0,0,23,0,24,0,0,0,36,0,3,0,33,30,0,58,0,16,0
0,0,0,0,0,0,140,222,178,245,199,209,0,0,0,1,0,0,0,19,35,15,0,72,4,82,4,24,6,41,22,0,47,0,0,16
30,0,13,0,0,0,130,180,221,207,218,221,0,0,140,163,217,189,95,15,0,0,0,0,0,65,0,10,0,19,8,0,12,0,8,0
0,0,0,0,0,0,152,166,185,215,155,219,0,2,0,0,0,0,0,0,32,0,0,9,0,47,0,9,0,32,0,0,25,0,10,0
0,0,0,0,0,0,160,168,187,172,149,254,0,0,0,0,0,0,0,0,11,0,0,1,0,22,0,30,0,64,0,0,0,0,15,0
0,0,0,0,0,0,164,147,156,161,193,189,0,0,0,0,0,0,0,0,0,0,0,0,17,62,0,146,179,237,187,107,10,0,0,0
0,32,0,0,0,0,162,179,172,0,0,0,0,4,0,0,0,0,0,0,0,6,0,0,50,0,21,0,1,62,0,0,0,26,2,0
174,201,198,256,230,238,145,164,118,151,124,184,155,192,193,201,191,164,176,197,251,169,205,205,190,211,183,231,211,241,192,182,194,193,196,193
0,7,0,15,0,8,0,0,0,0,13,0,11,0,57,1,0,0,0,34,0,7,0,30,0,6,0,0,27,5,1,0,0,4,1,13
5,0,0,14,0,16,0,14,3,36,28,0,0,0,20,0,12,0,0,0,0,2,12,33,0,30,3,0,6,0,0,0,13,5,11,6
4,0,0,8,0,23,0,26,0,0,0,0,0,0,0,0,15,0,0,0,0,0,0,0,0,0,0,0,0,0,36,0,0,0,6,0
11,0,56,205,236,253,145,36,0,0,0,8,0,3,9,0,0,0,27,0,6,0,0,29,0,47,0,59,0,9,13,0,2,1,17,0
30,0,27,0,11,2,176,184,180,209,169,166,0,0,0,0,0,0,0,0,0,0,0,18,0,67,1,20,0,4,7,4,44,0,10,0
0,0,1,0,6,0,172,215,144,237,160,235,0,0,0,0,19,0,1,0,0,6,26,0,0,15,0,0,0,0,29,0,53,2,0,7
18,0,15,0,0,0,162,186,195,217,175,212,0,0,0,0,94,167,159,194,125,50,0,0,0,36,0,0,0,0,0,0,2,0,4,0
0,0,0,0,0,0,167,193,151,155,156,253,0,0,0,0,0,0,0,0,0,0,22,0,30,29,0,36,0,17,0,0,34,0,7,0
0,0,3,0,0,0,163,154,184,198,178,171,0,7,0,0,0,0,0,0,0,9,0,0,0,18,0,32,0,27,0,4,0,0,0,0
0,0,0,0,0,0,172,176,178,145,163,189,0,0,0,35,0,0,9,0,52,0,47,0,14,15,0,24,0,140,176,174,223,134,0,15
0,0,0,0,0,0,0,0,0,0,5,0,6,0,0,24,0,10,0,0,28,29,13,11,23,30,27,6,28,33,0,0,0,27,0,30
16,0,0,7,0,6,150,157,220,166,247,202,0,0,0,0,0,0,0,4,0,0,0,0,33,0,16,0,0,0,0,0,0,0,0,4
0,0,0,0,0,0,132,174,218,172,195,210,11,0,0,0,0,0,0,26,0,28,24,18,0,8,0,0,10,0,15,0,0,0,0,18
0,0,0,0,0,86,138,135,154,95,0,0,10,8,2,0,20,0,0,25,0,0,0,47,2,50,0,4,7,32,0,0,17,0,35,0
8,0,12,0,0,0,166,203,162,202,161,227,0,0,0,0,20,0,5,0,5,19,0,32,0,58,0,17,0,57,0,0,0,0,11,0
8,0,0,0,0,0,174,168,155,156,217,207,0,4,0,0,4,0,19,0,8,0,0,22,0,22,2,38,0,36,0,2,33,0,0,0
0,0,0,0,3,0,148,150,202,157,177,220,0,4,0,0,0,0,115,171,219,190,78,0,0,29,0,2,0,53,0,0,6,14,0,0
0,0,0,0,0,0,161,150,201,177,229,166,0,0,0,7,0,36,0,33,25,0,21,10,0,9,17,0,0,57,0,20,0,14,0,8
0,7,0,0,0,0,147,153,201,187,221,197,0,0,0,8,0,13,7,6,0,0,0,0,8,15,1,0,3,31,0,0,0,0,0,1
0,0,0,0,0,0,134,189,159,180,219,230,0,0,0,0,0,0,0,20,0,0,0,7,0,1,35,0,17,15,32,175,171,203,147,53
22,0,0,0,0,0,0,0,0,28,0,0,14,0,0,9,14,0,20,20,0,5,0,33,0,32,23,20,22,26,43,0,19,0,17,14
0,0,19,0,0,0,0,0,0,0,7,0,0,13,37,0,30,0,0,10,5,0,7,29,0,6,23,23,25,13,8,0,31,0,12,0
2,0,15,0,0,0,0,0,179,217,185,187,0,0,0,0,0,0,2,0,46,0,0,29,0,57,0,29,12,27,2,0,20,18,14,6
0,0,20,0,15,0,13,104,151,196,189,1,0,0,0,20,0,0,0,0,7,0,0,0,14,0,0,12,0,31,7,39,0,0,2,0
0,0,0,0,0,0,0,0,0,0,0,0,0,0,0,26,0,14,0,0,0,0,20,0,19,0,0,0,0,20,0,3,0,10,0,0
0,4,0,0,0,0,0,0,0,0,34,0,0,0,0,64,0,0,0,0,0,0,0,0,0,0,0,0,0,0,0,1,0,6,0,12
0,0,0,0,0,0,0,0,7,0,13,0,2,0,0,0,0,0,0,71,129,179,170,156,22,0,44,0,9,0,33,0,23,0,0,8
0,0,0,0,0,4,0,0,0,0,12,0,0,0,4,0,15,0,0,0,0,20,12,10,5,18,13,0,0,0,0,0,0,0,0,3
2,0,0,0,0,0,0,0,0,0,0,0,0,0,19,0,0,0,0,0,0,0,0,25,0,0,0,35,0,0,0,0,20,0,9,0
14,0,10,0,0,0,0,0,0,0,0,35,4,3,19,0,19,0,23,0,0,0,4,12,0,21,0,0,0,6,0,0,129,164,170,197
33,0,16,0,14,0,0,0,5,0,0,8,0,15,0,7,0,0,0,0,0,0,15,0,0,9,0,9,0,32,0,0,0,6,0,0
12,9,0,0,0,0,1,0,0,0,6,17,6,44,0,15,0,0,0,0,0,25,0,0,13,0,0,32,0,24,0,0,0,0,0,0
0,17,0,0,0,0,11,0,8,0,0,0,0,0,0,4,0,0,0,0,41,3,23,0,28,0,0,0,0,20,0,0,0,0,0,2
0,17,0,18,0,0,0,0,78,119,172,180,98,16,0,7,22,13,0,0,0,4,0,0,1,0,16,0,15,0,4,0,0,0,0,17
2,0,0,3,0,25,0,0,0,0,0,0,8,0,60,0,0,0,0,11,0,55,0,5,23,11,10,30,51,30,43,2,16,2,16,22
0,0,0,20,0,0,0,10,0,0,0,0,0,0,24,4,0,0,5,31,3,3,13,27,0,46,32,0,5,39,24,12,50,0,8,16
0,0,22,0,4,0,0,0,0,16,27,0,0,0,0,4,0,2,37,13,15,176,211,227,192,108,0,22,0,55,0,0,18,0,0,0
0,0,0,0,17,0,2,0,0,0,0,6,0,1,0,0,0,9,9,0,6,0,0,0,40,54,0,33,0,62,0,0,0,0,11,0
0,0,0,0,0,0,0,0,0,0,0,0,0,17,0,11,0,11,13,0,7,0,46,0,22,5,9,32,0,38,15,0,0,7,0,0
0,0,0,0,0,0,0,0,0,0,0,0,5,7,0,45,0,20,2,31,1,0,11,10,5,0,29,0,15,17,0,0,0,58,153,180
181,12,0,0,0,0,0,0,0,0,0,152,0,0,0,0,0,4,0,2,0,0,0,31,0,0,21,0,26,0,0,0,0,0,0,8
11,0,0,0,0,0,0,0,0,0,0,0,9,0,0,0,5,0,0,43,0,30,0,17,12,64,0,5,5,0,39,0,8,0,13,8
11,0,0,0,0,0,129,173,233,199,144,210,0,0,0,0,0,0,18,0,0,0,0,33,0,24,0,40,0,0,21,0,24,0,0,0
0,0,0,0,0,0,159,206,171,253,256,256,153,141,22,0,0,0,7,29,41,7,28,0,0,68,0,5,0,46,0,0,0,0,11,0
0,0,0,0,0,0,168,153,254,145,176,224,0,29,0,0,0,0,0,22,21,0,12,13,0,10,2,0,0,39,0,0,0,0,0,0
0,0,0,0,0,0,164,147,256,168,197,165,0,0,0,0,0,0,0,11,0,0,0,0,15,34,7,0,0,29,0,0,0,0,0,0
0,0,0,0,0,0,150,174,210,133,192,190,0,0,0,20,0,0,0,10,0,0,160,179,179,196,153,30,17,17,0,0,0,4,0,29
0,0,0,0,0,0,147,167,207,162,214,219,1,0,22,0,11,13,0,49,6,25,4,35,28,0,19,25,0,28,36,0,0,0,0,12
14,0,0,0,0,0,0,0,0,0,0,0,40,0,49,0,0,0,0,23,0,42,0,28,19,43,4,0,31,10,0,0,5,0,0,15
16,0,0,0,0,0,0,0,0,0,0,0,22,0,18,0,27,0,0,0,0,2,0,41,16,12,15,0,33,18,27,0,18,0,32,143
199,177,90,7,4,0,0,0,0,0,0,12,0,0,0,0,9,0,0,0,0,0,0,2,0,12,0,0,0,13,7,0,15,0,1,0
0,0,0,0,0,0,0,0,0,0,0,0,0,10,0,0,0,0,0,0,31,0,0,0,0,22,0,6,0,16,0,0,0,0,0,0
0,0,0,0,0,0,0,0,0,0,0,20,0,12,0,0,0,0,11,0,10,0,0,0,6,0,0,5,0,24,0,0,0,0,0,0
0,0,0,0,0,0,0,0,0,0,0,136,153,198,173,67,4,0,0,6,0,0,18,0,3,0,20,0,6,0,0,4,0,3,0,1
0,4,0,10,0,0,0,0,0,0,30,0,0,0,0,0,0,0,0,23,0,27,23,0,3,6,16,0,0,0,0,0,23,3,0,7
0,22,0,12,0,0,0,0,0,0,24,0,0,0,15,0,0,0,0,31,0,0,0,0,0,0,0,0,9,0,37,0,0,0,0,13
0,0,0,0,0,32,0,1,0,0,0,0,0,0,12,0,8,0,0,0,0,0,0,0,163,161,176,200,84,0,14,0,31,0,0,0
3,0,0,0,0,0,0,0,0,0,0,12,0,3,4,11,0,0,0,0,0,0,0,0,0,41,0,0,10,0,0,0,19,0,5,0
5,0,0,0,0,0,0,0,0,0,0,19,19,0,38,0,17,0,0,8,0,23,0,30,6,27,0,0,0,0,8,0,9,0,0,0
15,0,0,0,0,0,0,0,10,14,0,16,0,0,0,0,15,0,0,0,0,36,0,10,0,17,0,0,0,0,0,8,18,0,14,0
155,193,210,215,137,11,2,0,11,0,0,0,0,8,0,26,0,3,6,0,0,0,0,0,3,0,10,0,0,15,0,8,0,8,0,6
0,2,0,0,0,0,0,0,0,0,0,0,0,19,0,17,0,9,0,0,4,0,31,0,8,0,0,22,13,15,0,44,0,0,0,0
0,5,0,0,0,0,156,142,186,173,235,209,0,18,1,23,0,25,12,5,8,10,52,0,43,0,0,2,0,36,0,0,0,39,0,17
0,6,0,10,0,0,129,166,215,219,217,186,21,145,147,184,173,56,0,0,0,12,12,25,0,0,0,0,33,0,0,0,0,0,0,8
14,0,0,0,0,0,120,175,182,208,176,214,0,0,0,0,12,0,0,14,0,32,0,29,0,53,0,0,0,0,0,0,8,0,0,0
3,0,0,0,0,0,128,199,156,167,146,176,0,0,4,0,0,0,0,0,0,31,0,8,0,31,0,0,0,12,0,0,6,0,0,0
0,0,0,0,0,0,122,194,171,202,192,201,0,0,5,0,6,0,23,0,20,3,0,10,0,111,213,209,204,198,0,0,0,0,12,0
0,0,0,0,0,0,156,160,204,157,153,189,0,18,0,0,0,0,0,0,31,0,6,19,0,57,13,47,0,73,0,0,0,0,0,0
0,0,0,0,0,0,166,131,220,159,222,188,0,0,0,0,0,0,0,0,11,0,23,5,24,0,0,0,0,32,0,26,5,0,0,0
0,0,0,0,0,0,142,135,245,154,223,198,0,0,0,0,0,16,0,15,0,0,12,0,0,58,7,0,0,31,0,7,0,13,0,6
0,68,154,183,200,144,162,163,197,150,224,168,0,0,0,0,0,0,0,27,0,1,0,11,0,2,0,2,41,16,15,0,0,0,0,0
24,0,0,0,0,0,113,176,197,190,219,205,0,0,0,0,2,0,0,22,0,36,3,19,0,56,32,0,0,1,20,0,0,0,0,0
0,0,0,0,0,0,121,188,147,197,180,198,0,0,0,0,31,0,2,0,15,0,0,41,0,8,0,14,13,0,43,0,10,0,0,0
0,0,0,0,0,0,167,192,185,210,185,208,0,0,115,215,175,195,77,30,82,0,9,19,0,28,2,12,20,38,0,0,39,0,14,0
0,0,2,0,0,0,13,170,181,198,182,207,0,47,0,9,0,0,2,3,0,6,30,0,0,15,0,39,0,70,0,0,0,0,0,0
0,0,0,0,0,0,0,0,0,0,0,0,0,0,0,20,0,0,22,0,31,0,53,0,19,0,0,28,6,43,0,0,0,23,11,0
0,24,0,0,0,0,0,0,0,0,0,0,0,19,0,0,0,0,0,0,10,0,14,0,24,0,19,167,201,217,179,25,0,4,0,18
0,0,0,1,0,0,0,0,0,0,0,0,6,0,0,0,0,0,0,5,0,0,0,0,1,0,15,0,13,0,0,0,1,0,0,0
3,0,0,0,0,0,0,0,0,0,10,0,41,0,0,0,0,13,0,0,0,42,0,0,0,0,6,0,27,0,4,0,0,0,0,5
0,0,0,0,0,0,0,0,0,0,0,0,0,0,10,0,0,10,0,0,0,22,0,40,0,0,0,6,10,0,3,0,0,0,0,10
7,0,0,166,230,247,162,46,0,26,0,0,0,0,0,0,0,0,0,0,0,0,0,0,0,0,0,0,0,3,0,0,27,0,20,0
0,0,39,0,8,0,0,0,0,16,0,0,0,0,0,0,6,0,0,0,0,0,0,0,0,12,0,0,0,2,0,0,0,0,14,0
0,0,0,0,19,0,7,0,0,0,0,9,0,0,0,0,0,0,16,0,0,0,0,0,0,0,0,11,0,0,0,0,0,0,0,0
0,0,0,0,0,0,0,0,0,0,0,12,0,0,1,0,143,145,146,159,70,0,0,0,3,0,0,0,0,30,0,0,0,0,0,0
0,0,0,0,0,0,0,0,0,0,0,0,2,28,0,44,0,10,0,0,1,0,14,0,4,0,16,7,0,14,0,32,0,29,0,0
0,0,0,0,0,0,0,0,125,166,198,198,0,18,0,14,3,28,0,0,24,0,17,0,12,26,35,3,8,19,0,13,0,13,0,15
0,20,0,2,0,0,147,152,201,181,229,205,0,0,0,6,0,0,0,0,0,0,18,0,31,15,0,0,33,156,171,199,185,87,0,28
0,0,0,8,0,0,139,171,175,182,242,162,0,0,0,0,0,0,0,4,0,16,0,22,0,9,0,0,0,0,19,0,0,0,0,0
0,0,2,0,0,0,128,199,222,199,207,197,0,8,33,0,0,0,0,4,0,3,2,17,0,40,0,0,15,0,29,0,0,0,0,0
2,0,0,0,0,0,159,166,193,196,185,227,0,0,0,0,19,0,7,0,1,30,0,68,0,45,0,4,22,12,0,0,16,0,11,0
0,0,0,0,29,195,256,256,256,237,193,256,0,0,0,0,0,0,0,0,0,0,1,0,0,7,0,0,0,29,0,0,10,0,0,0
0,0,0,0,0,0,167,146,230,180,183,207,0,24,0,7,0,14,0,0,0,0,17,1,0,0,0,0,0,17,0,10,0,0,0,0
0,0,0,0,0,0,143,141,198,144,231,213,0,0,0,10,0,0,0,0,0,0,0,0,14,7,22,0,0,11,0,0,0,0,0,0
0,0,0,0,0,0,127,139,205,189,202,180,0,0,0,0,0,78,128,174,172,169,22,27,12,0,6,0,0,7,21,21,0,0,0,10
0,0,0,0,0,0,123,168,197,148,159,198,0,0,0,0,0,0,0,26,0,0,0,35,7,5,0,0,4,0,28,0,0,0,0,0
0,0,0,0,0,0,134,183,159,219,191,203,0,0,3,0,0,0,0,0,0,0,0,4,0,19,3,0,15,8,24,19,5,0,0,2
0,0,0,0,0,0,0,0,0,0,0,169,0,0,0,0,0,0,15,0,12,18,0,10,0,7,0,8,0,2,138,135,175,151,103,9
0,0,0,0,0,0,0,0,0,0,0,0,0,6,8,0,0,0,8,0,21,0,12,0,0,7,14,22,0,15,0,0,0,0,4,0
0,0,0,0,3,0,0,0,0,0,0,3,0,1,0,0,0,0,24,0,23,0,28,0,0,0,0,24,6,36,0,14,0,0,4,0
0,0,0,0,4,0,3,0,8,0,0,0,0,0,0,0,0,0,0,0,0,0,43,0,0,14,0,29,0,17,0,0,0,0,0,0
0,1,0,0,0,0,73,133,141,164,92,23,19,24,0,0,0,11,0,0,0,0,0,0,29,14,43,0,0,0,0,0,0,14,0,13
0,0,0,0,0,2,0,0,0,0,0,0,7,0,24,0,0,0,0,16,0,9,0,0,0,0,7,0,0,0,0,22,2,0,0,12
0,0,0,0,0,0,0,0,0,0,0,4,0,0,0,0,26,0,0,0,0,1,18,43,0,0,0,0,0,0,0,0,0,0,0,14
0,0,11,0,0,0,0,8,0,22,0,0,0,0,17,0,47,0,21,142,164,121,200,49,0,39,0,2,0,2,0,0,16,0,2,0
6,0,3,0,0,0,0,0,0,0,0,41,0,3,0,0,17,0,24,0,50,5,0,0,0,0,0,6,0,0,0,0,5,0,0,0
0,0,0,0,2,0,0,0,0,0,0,29,0,19,0,0,0,0,27,0,12,0,0,0,0,0,0,0,0,0,0,0,0,0,0,0
0,0,0,0,0,0,12,0,0,0,0,25,0,39,0,0,0,0,0,0,6,0,16,0,37,0,0,5,0,11,0,32,197,198,176,148
4,2,0,13,0,0,4,0,8,0,6,0,0,5,15,48,0,9,0,2,0,0,0,0,14,0,0,0,5,0,0,0,18,0,0,0
0,0,0,27,0,0,0,0,0,0,35,0,11,4,0,0,0,14,0,0,0,0,0,0,0,0,14,0,10,0,2,8,0,14,0,16
0,7,0,0,0,5,0,0,0,0,0,0,3,0,35,0,0,0,0,8,0,11,0,0,0,0,1,0,9,0,0,0,0,0,0,9
0,0,0,0,0,3,0,68,149,192,180,169,28,0,19,0,0,0,0,0,0,0,0,10,0,5,0,18,0,0,0,0,0,0,29,0
0,0,8,0,0,0,0,0,0,0,0,0,0,0,23,0,0,0,44,0,0,0,0,0,0,0,0,37,0,0,0,0,1,0,13,0
0,0,22,0,0,0,0,0,0,0,0,21,0,0,0,0,41,0,58,0,15,14,13,13,0,33,0,64,2,29,0,0,0,0,4,0
12,0,0,0,5,0,141,202,190,168,174,165,0,6,0,0,0,0,22,10,107,192,197,223,159,62,5,8,0,31,0,3,1,22,0,0
0,6,0,0,0,0,0,0,0,0,0,0,0,0,0,18,7,6,3,8,20,0,62,0,16,22,8,0,19,45,0,19,0,0,0,2
0,0,0,0,0,0,152,148,202,171,225,212,0,0,0,0,0,9,14,24,0,29,24,0,26,22,61,0,4,50,0,6,0,0,0,4
0,0,0,0,0,0,157,173,231,187,209,200,7,23,0,6,0,22,2,3,0,0,0,1,0,0,0,0,7,31,0,0,0,105,163,190
150,29,0,7,0,0,128,168,169,164,198,179,30,0,0,0,0,0,0,0,0,11,0,6,0,0,0,0,9,31,30,0,0,0,0,6
14,0,0,0,0,0,122,185,203,180,221,190,15,0,0,0,0,0,0,13,0,36,0,0,0,0,0,12,4,0,0,0,0,0,0,0
0,0,0,0,0,0,143,183,193,199,201,206,0,0,3,0,0,0,0,0,0,0,0,46,0,41,0,0,0,24,0,0,0,0,12,0
0,0,0,0,0,0,151,180,173,229,256,256,155,117,0,0,0,0,0,0,7,0,0,0,0,18,0,25,0,55,2,0,0,0,11,0
0,0,0,0,5,0,180,141,163,194,223,244,0,15,0,0,0,0,0,0,16,6,27,0,2,4,0,5,3,57,0,5,0,0,0,0
0,0,0,0,0,0,164,147,168,159,181,198,0,8,0,8,0,0,0,0,52,0,34,20,10,23,0,29,0,23,0,16,0,13,0,0
0,0,0,0,0,0,180,140,181,134,117,0,0,4,0,0,4,0,0,3,0,0,167,229,195,210,133,8,26,0,20,19,0,14,0,20
0,0,0,0,0,0,0,0,0,0,0,0,0,0,8,0,15,0,0,18,0,15,0,0,0,23,31,14,7,0,31,0,15,0,0,10
1,0,0,0,0,0,0,0,0,0,0,0,4,0,0,0,14,0,4,0,0,9,0,0,0,0,0,37,0,0,29,0,22,0,0,0
4,0,0,0,0,0,0,0,0,0,0,0,0,0,0,0,1,0,10,9,2,0,0,0,0,6,0,18,12,0,12,0,5,0,68,154
222,144,78,0,25,0,1,0,0,0,0,0,0,14,0,15,0,0,0,0,5,0,16,0,17,23,0,0,0,43,0,31,0,14,3,0
0,0,12,0,0,0,1,0,17,0,17,0,7,55,0,0,0,31,0,0,0,0,12,0,0,7,0,31,2,26,0,5,0,0,0,10
0,3,0,0,0,0,0,0,15,0,0,0,0,0,0,34,0,33,0,7,0,0,0,0,15,6,1,0,11,0,0,13,0,10,0,1
0,0,0,3,0,0,0,0,10,0,53,132,171,221,179,56,0,4,0,11,0,22,0,0,0,0,0,0,8,0,0,0,10,19,0,24
0,0,0,10,0,10,0,5,0,0,23,0,3,0,9,0,0,0,0,0,0,0,0,4,0,0,0,0,13,0,9,0,0,0,0,15
6,0,0,0,0,0,0,0,0,0,0,0,0,0,0,0,18,0,0,22,0,30,0,0,0,0,0,0,21,0,0,8,0,0,0,0
1,0,0,0,0,8,0,0,0,9,0,0,3,0,17,0,0,0,0,2,0,0,0,52,137,220,190,188,43,12,0,0,0,0,0,0
16,0,4,0,0,0,0,0,0,0,0,0,0,0,0,0,0,0,20,0,10,0,0,23,0,8,0,13,0,0,0,0,34,0,26,0
8,0,27,0,0,0,0,0,0,0,0,0,0,15,0,0,0,0,20,0,20,0,0,0,0,38,1,20,0,7,0,0,24,0,6,0
0,0,5,0,10,0,0,0,0,0,0,40,0,23,0,0,0,0,27,0,14,0,0,0,0,0,0,46,0,24,0,0,0,0,9,0
149,200,189,193,85,0,4,0,0,0,2,6,0,0,0,0,0,0,0,0,0,0,31,0,0,0,0,30,0,20,0,24,0,0,0,0
0,0,0,0,0,0,0,0,66,167,185,188,0,0,0,0,0,8,0,7,0,0,39,0,23,0,9,8,0,11,0,11,0,35,0,15
0,0,0,5,0,0,0,0,0,0,19,0,4,0,0,0,0,11,0,27,0,7,0,0,28,0,43,0,9,8,0,0,0,22,0,7
0,0,0,0,0,0,0,0,0,69,205,195,67,129,216,183,145,0,3,25,0,3,0,19,3,11,0,0,0,0,0,0,0,0,0,1
10,0,0,0,0,0,124,168,177,192,168,233,0,0,0,0,0,0,7,0,2,27,25,44,0,16,2,10,0,12,17,0,12,0,11,0
0,0,0,0,0,0,171,182,160,124,0,18,0,14,0,17,20,0,18,0,15,0,0,47,0,13,0,62,0,50,0,0,47,0,26,0
0,0,0,0,0,0,0,0,0,0,0,0,0,8,1,0,25,14,11,0,11,0,0,14,0,135,200,228,206,169,14,23,0,18,4,0
0,9,0,0,0,0,0,0,0,0,0,0,0,10,0,10,0,9,0,0,7,0,49,9,23,3,0,34,17,74,0,2,10,49,8,4
0,0,0,24,0,0,0,0,17,0,6,0,5,19,0,18,0,10,0,37,0,23,16,15,62,7,2,4,29,26,10,0,0,32,0,14
0,20,0,19,0,6,0,0,3,0,0,0,50,0,0,0,0,12,0,38,28,50,1,0,11,0,16,0,27,38,16,34,0,3,0,26
0,91,176,186,213,129,163,193,151,166,198,171,0,0,0,0,0,0,0,0,0,5,0,4,0,13,0,0,0,0,10,0,0,0,0,0
0,0,0,0,0,0,155,211,168,181,174,208,0,0,9,0,0,0,32,0,7,31,0,25,0,24,32,20,7,0,7,0,28,0,4,0
3,0,2,0,0,0,23,0,0,0,0,0,0,0,0,0,0,0,4,22,16,17,4,30,0,20,0,12,0,2,0,0,0,0,0,0
0,0,0,0,0,0,0,0,0,0,0,4,0,70,163,209,199,188,24,4,13,6,0,0,17,0,0,8,0,28,0,25,0,9,0,0
0,3,0,0,0,0,0,0,0,0,0,0,0,8,0,17,0,0,0,0,0,0,10,0,25,0,0,0,0,10,0,0,0,12,0,0
0,10,0,0,0,0,3,0,0,0,1,0,0,0,0,11,0,9,0,0,4,0,0,0,9,0,4,0,0,8,0,0,0,36,0,9
0,2,0,0,0,0,0,0,0,0,0,0,8,0,0,0,0,8,0,9,23,0,4,0,4,0,99,174,169,198,150,38,10,0,0,12
0,0,0,0,0,20,8,0,0,0,8,0,16,5,19,2,0,13,0,0,0,30,15,2,0,0,8,0,3,0,14,0,0,0,0,9
0,0,0,1,0,10,0,5,0,5,0,0,2,0,1,0,0,0,0,0,0,14,0,20,0,20,15,0,0,0,37,0,0,0,0,0
