8,5,2,0,0,0,2,0,0,3,1,0,6,3,4,7,6,0,2,0,0,7,3,3,9,5,4,8,4,0,8,3,7,2,5,2
9,5,2,0,0,0,2,0,0,3,1,0,6,3,4,7,6,0,2,0,0,7,3,3,10,4,4,8,4,0,7,2,6,2,5,2
9,4,2,0,0,0,2,0,0,3,0,0,6,3,4,7,6,1,3,0,0,7,2,3,9,4,3,8,4,0,6,2,5,3,5,3
8,3,2,0,0,0,2,0,0,3,0,0,5,4,4,7,6,1,3,0,0,7,2,2,9,4,3,8,4,0,6,2,5,3,5,3
8,3,2,0,0,0,1,0,0,3,0,0,5,3,3,7,6,1,4,0,0,7,3,2,9,4,3,7,4,0,7,3,6,3,5,3
8,3,2,0,0,0,0,0,0,4,0,0,5,4,3,7,7,1,4,0,0,7,2,2,9,4,3,7,4,0,7,3,7,4,5,3
8,3,2,0,0,0,0,0,0,4,1,0,5,4,3,7,6,1,4,0,0,7,2,3,9,4,3,7,4,1,8,3,8,4,5,3
8,3,2,0,0,0,0,0,0,5,1,0,6,4,3,7,4,0,3,0,0,8,2,3,9,4,3,7,4,1,9,4,9,4,5,3
8,3,2,0,0,0,1,0,0,5,1,0,6,5,3,7,4,0,3,0,0,8,2,3,9,4,3,8,4,1,9,5,10,4,5,3
8,3,2,0,0,1,2,0,0,6,1,0,5,5,3,8,3,0,2,0,0,8,3,3,10,4,3,8,3,1,8,3,10,5,6,3
8,3,2,0,0,4,3,0,0,6,1,0,5,5,3,8,3,0,3,0,0,8,3,3,10,4,3,8,2,0,7,3,11,5,6,3
7,3,2,0,0,6,3,0,0,6,1,0,6,5,3,8,4,0,3,0,0,8,3,3,10,4,3,8,2,0,7,2,11,5,6,3
7,3,1,1,0,9,4,0,0,6,1,0,6,6,2,7,4,0,4,0,0,8,3,3,10,4,3,7,1,0,7,1,12,6,6,3
8,3,1,0,0,13,3,0,0,6,1,0,7,6,2,8,4,0,4,0,0,8,3,3,10,4,3,7,2,0,7,1,14,6,5,3
8,3,1,0,0,17,2,0,0,6,1,0,7,7,2,7,4,0,4,0,0,8,3,3,10,3,3,7,3,0,8,2,15,6,5,3
8,2,1,0,0,23,1,0,0,6,0,0,7,7,2,7,4,0,4,0,0,8,3,3,10,4,3,7,3,0,8,3,17,6,5,3
9,2,2,0,0,30,0,0,1,6,0,0,6,8,3,7,3,0,3,0,0,8,3,3,10,4,2,7,3,0,9,3,19,6,5,3
9,2,2,0,0,38,0,0,4,6,0,0,6,9,2,6,2,0,2,0,0,8,3,2,11,4,2,7,3,0,9,3,21,6,5,3
9,2,3,0,0,47,1,0,6,7,0,0,7,10,2,6,1,0,1,0,0,8,2,2,11,4,2,7,3,0,9,3,24,6,5,3
9,1,4,0,0,56,1,0,9,7,0,0,7,11,3,5,0,0,0,0,0,8,2,2,11,5,2,6,3,0,9,3,25,6,5,2
9,1,6,0,0,67,1,0,11,7,0,1,7,13,2,5,0,0,1,0,0,8,2,2,11,5,2,5,1,0,8,3,27,6,5,2
9,1,7,0,0,76,2,0,14,7,0,1,7,15,2,6,1,0,1,0,0,8,3,2,11,5,2,5,0,0,7,3,28,6,5,2
9,1,10,0,1,87,2,0,16,7,0,2,7,17,2,6,1,0,2,1,0,8,2,2,11,6,2,4,0,0,6,3,29,6,5,2
9,1,10,0,1,97,3,0,17,8,0,2,8,19,2,6,1,0,3,3,0,9,2,2,10,6,1,4,0,0,7,3,30,6,6,1
10,1,12,0,1,106,3,0,18,8,0,3,8,21,2,6,1,0,3,4,0,9,3,1,10,5,1,5,0,0,8,3,30,6,5,1
10,1,13,0,2,116,4,0,18,9,0,4,8,23,2,6,1,0,4,6,0,9,3,1,10,5,1,6,0,0,8,3,31,6,5,1
10,1,15,0,2,125,4,0,19,9,0,5,8,24,1,6,1,0,4,7,0,9,3,1,11,5,1,6,1,0,9,4,31,6,5,1
10,1,16,0,4,136,5,0,19,10,0,5,7,25,1,5,0,0,5,9,0,9,3,1,11,6,1,7,1,0,10,4,31,6,5,0
10,1,18,0,5,145,5,0,20,10,0,6,7,26,1,4,0,0,6,11,1,9,4,2,11,6,1,8,1,0,11,4,31,7,5,0
10,2,18,0,6,155,5,0,20,11,0,6,8,27,0,3,0,0,6,12,1,9,4,2,11,6,0,6,1,0,11,5,32,7,5,0
10,2,19,0,8,163,6,0,20,12,0,7,8,28,0,4,0,0,7,14,1,9,4,2,10,6,0,6,0,0,11,5,34,8,5,0
10,2,19,1,9,171,6,0,19,11,0,7,8,30,1,5,0,0,7,16,1,10,4,2,10,7,0,5,0,0,11,5,35,8,5,0
11,2,18,1,10,178,7,2,19,12,0,7,9,31,1,5,1,0,7,18,1,10,4,1,10,6,0,3,0,0,11,5,37,8,5,0
10,1,17,1,10,182,6,2,19,12,0,8,9,35,1,5,2,0,8,20,1,10,4,1,9,6,0,3,0,0,10,3,38,7,4,0
9,1,16,0,9,185,6,3,19,12,0,8,9,40,1,6,2,0,8,22,1,10,4,2,9,6,0,3,0,0,9,2,39,6,3,0
7,0,14,0,9,186,7,4,19,12,0,7,9,47,1,6,2,0,8,24,1,10,4,2,9,7,0,2,0,0,8,1,40,4,2,0
6,0,13,0,7,186,7,4,20,12,0,7,9,51,0,5,2,0,7,25,0,10,4,2,9,8,0,2,0,0,9,1,43,5,3,0
6,0,12,0,8,186,6,5,21,11,0,7,9,56,0,4,0,0,7,26,0,10,4,1,9,10,0,2,0,0,9,1,46,5,3,0
6,1,12,0,8,185,6,5,23,11,0,6,9,60,0,4,0,0,6,27,0,10,4,1,9,11,0,3,0,0,9,1,49,5,3,0
6,1,12,0,9,182,6,6,25,11,0,6,9,64,0,3,0,0,6,27,0,10,3,1,9,12,0,2,0,0,10,1,53,6,4,0
6,1,12,0,9,180,6,6,27,11,0,6,9,68,0,4,0,0,6,28,0,10,3,1,9,13,0,1,0,0,10,1,56,6,4,0
6,1,13,0,9,177,6,6,29,10,0,6,9,72,0,4,0,0,6,28,0,9,3,1,9,14,0,1,0,0,11,1,62,6,4,0
7,2,13,0,10,175,6,6,32,10,0,6,9,75,0,5,0,0,7,28,0,10,4,1,10,15,0,1,0,0,11,2,67,7,4,0
6,1,13,0,10,173,6,6,34,10,0,6,8,76,0,3,0,0,6,27,0,9,3,1,8,16,0,1,0,0,10,1,71,6,4,0
5,1,12,0,10,172,6,6,36,9,0,5,7,77,0,3,0,0,5,26,0,7,1,0,8,16,0,1,0,0,9,1,74,5,2,0
5,0,11,0,10,172,5,5,37,8,0,3,4,75,0,1,0,0,3,23,0,5,0,0,5,14,0,0,0,0,7,0,75,3,1,0
5,0,10,0,9,173,5,3,37,6,0,2,3,73,0,0,0,0,2,21,0,3,0,0,4,12,0,0,0,0,5,0,74,2,0,0
5,0,11,0,10,175,4,2,36,5,0,2,2,71,0,0,0,0,1,20,0,3,0,0,3,12,0,0,0,0,4,0,73,1,0,0
6,0,11,0,10,177,4,0,35,4,0,2,1,70,0,0,0,0,0,19,0,1,0,0,3,11,0,0,0,0,3,0,71,0,0,0
6,0,13,0,11,180,4,0,35,5,0,4,2,70,0,1,0,0,1,19,0,2,0,0,4,11,0,0,0,0,3,0,69,0,0,0
6,0,14,0,11,182,4,0,36,6,0,5,3,69,0,1,0,0,1,19,0,3,0,0,5,11,0,0,0,0,4,0,67,0,0,0
6,0,15,0,12,184,4,1,36,6,0,6,3,69,0,1,0,0,2,19,0,4,0,0,5,11,0,0,0,0,4,0,65,0,0,0
6,0,16,0,12,185,5,1,35,5,0,5,3,68,0,2,0,0,3,20,0,4,0,0,6,11,0,1,0,0,5,0,62,0,0,0
7,0,18,0,13,186,5,1,33,4,0,5,3,68,0,2,0,0,4,20,0,5,0,0,5,11,0,2,0,0,5,1,60,0,0,0
6,0,19,0,14,187,4,2,33,3,0,4,2,67,0,3,0,0,4,20,0,6,0,0,7,11,0,2,0,0,6,1,58,0,0,0
6,0,20,0,14,187,5,2,31,3,0,4,2,66,0,3,0,0,4,20,0,5,0,0,6,11,0,3,0,0,6,1,56,1,0,0
7,0,22,0,15,187,5,2,30,3,0,4,3,65,0,3,0,0,5,22,0,4,0,0,6,11,0,4,0,0,7,1,55,1,0,0
7,0,24,0,15,186,5,2,29,4,0,5,4,65,0,3,0,0,5,23,0,4,0,0,5,11,0,4,0,0,8,1,54,2,1,0
7,1,26,0,15,185,5,3,28,4,0,6,4,64,0,4,0,0,5,23,0,3,0,0,4,11,0,4,0,0,8,2,54,1,0,0
7,1,28,0,14,182,5,3,26,4,0,6,4,62,0,3,0,0,5,23,0,2,0,0,4,11,0,4,0,0,8,1,52,0,0,0
6,1,29,0,13,177,3,2,24,2,0,6,2,61,0,2,0,0,4,21,0,1,0,0,3,9,0,4,0,0,7,0,51,0,0,0
6,1,30,0,12,174,2,1,22,1,0,7,1,61,0,2,0,0,3,20,0,1,0,0,3,8,0,2,0,0,6,0,49,0,0,0
6,1,29,0,11,171,2,1,21,1,0,8,1,60,0,1,0,0,2,20,0,0,0,0,2,7,0,2,0,0,5,0,47,0,0,0
6,0,27,0,11,170,2,2,20,1,0,10,1,60,0,2,0,0,2,21,0,1,0,0,3,7,0,2,0,0,5,0,47,0,0,0
5,0,25,0,11,172,2,3,20,2,0,12,1,58,0,3,0,0,2,22,0,1,0,0,3,6,0,3,0,0,5,0,45,0,0,0
3,0,23,0,10,174,2,3,19,2,0,14,2,57,0,4,0,0,3,22,0,1,0,0,4,6,0,3,0,0,5,0,42,1,0,0
2,0,22,0,11,177,1,2,16,3,0,17,2,55,0,4,0,0,3,22,0,1,0,0,4,6,0,4,0,0,6,0,40,1,0,0
2,0,22,0,11,181,0,1,15,3,0,19,3,53,0,5,0,0,2,20,0,3,0,0,5,4,0,4,0,0,6,1,37,3,0,0
3,0,21,0,11,183,0,0,12,2,0,21,2,49,0,5,0,0,1,18,0,2,0,0,4,3,0,3,0,0,5,0,35,2,0,0
3,0,20,0,11,185,0,0,11,1,0,23,1,46,0,4,0,0,0,16,0,2,0,0,3,2,0,2,0,0,4,0,32,2,0,0
3,0,19,0,11,187,0,0,11,1,0,25,0,43,0,4,0,0,0,14,0,1,0,0,3,0,0,1,0,0,2,0,31,1,0,0
4,0,18,0,11,187,0,0,15,1,0,28,0,41,0,3,0,0,0,11,0,0,0,0,2,1,0,0,0,0,2,0,31,1,0,0
4,0,17,0,11,186,0,0,18,2,0,31,0,41,0,4,0,0,0,11,0,1,0,0,4,2,0,2,0,0,3,0,33,2,0,0
5,0,16,0,10,185,0,0,23,2,0,35,1,43,0,4,0,0,0,11,0,2,0,0,5,5,0,2,0,0,4,0,36,3,0,0
5,0,15,1,10,184,0,0,28,4,0,38,2,45,0,4,0,0,0,9,0,2,0,0,4,6,0,2,0,0,4,0,37,2,0,0
6,0,14,1,9,182,0,0,33,5,0,42,2,46,0,4,0,0,0,8,0,2,0,0,3,7,0,1,0,0,4,0,39,1,0,0
7,0,14,2,10,181,0,0,39,6,0,45,2,47,0,4,0,0,0,7,0,2,0,0,3,8,0,0,0,0,3,0,41,1,0,0
7,0,13,2,10,179,0,0,46,6,0,48,2,49,0,5,0,0,0,6,0,2,0,0,3,7,0,0,0,0,1,0,42,1,0,0
6,0,11,1,11,176,0,0,54,7,0,51,3,51,0,6,0,0,0,6,0,2,0,0,4,8,0,1,0,0,2,0,44,1,0,0
5,0,9,0,10,173,0,0,61,8,0,54,3,53,0,6,0,0,0,7,0,3,0,0,5,8,0,1,0,0,2,0,46,1,0,0
4,0,6,0,11,168,0,0,68,8,0,57,3,54,0,6,0,0,0,8,0,3,0,0,6,8,0,2,0,0,3,0,46,2,0,0
4,0,4,0,10,163,0,0,73,7,0,60,4,55,0,7,0,0,0,9,0,4,0,0,6,9,0,2,0,0,3,0,47,2,0,0
4,0,4,0,11,158,0,0,77,7,0,64,4,57,0,7,0,0,1,10,0,5,0,0,7,9,0,3,0,0,4,0,47,3,0,0
5,0,3,0,11,154,0,0,80,6,0,67,5,58,0,7,0,0,1,11,0,6,0,0,8,8,0,3,0,0,5,1,48,3,0,0
5,0,3,0,11,149,0,0,83,7,0,70,6,59,0,7,0,0,0,11,0,5,0,0,8,8,0,5,0,0,5,1,50,4,0,0
6,0,3,0,12,145,0,0,86,7,0,74,7,59,0,7,0,0,0,11,0,5,0,0,8,8,0,5,0,0,6,1,52,4,0,0
6,0,3,0,11,140,0,0,87,7,0,75,5,59,0,7,0,0,0,9,0,4,0,0,8,7,0,4,0,0,6,1,54,3,0,0
7,0,2,0,10,134,0,0,87,6,0,77,5,58,0,5,0,0,0,7,0,1,0,0,5,5,0,2,0,0,4,0,54,1,0,0
6,0,2,0,9,128,0,0,84,4,0,78,2,55,0,4,0,0,0,5,0,0,0,0,2,2,0,0,0,0,1,0,52,0,0,0
4,0,0,0,8,120,0,0,81,3,0,79,0,53,0,2,0,0,0,3,0,0,0,0,0,0,0,0,0,0,0,0,51,0,0,0
3,0,0,0,8,114,0,0,80,2,0,81,0,51,0,2,0,0,0,4,0,0,0,0,0,0,0,0,0,0,0,0,50,0,0,0
3,0,0,0,7,108,0,0,78,1,0,83,0,50,0,1,0,0,0,6,0,0,0,0,0,0,0,0,0,0,0,0,49,0,0,0
3,0,1,0,7,101,0,0,77,1,0,86,0,50,0,2,0,0,0,9,0,0,0,0,0,0,0,0,0,0,0,0,50,0,0,0
3,0,1,0,8,96,0,0,75,1,0,87,0,50,0,2,0,0,0,12,0,0,0,0,0,0,0,0,0,0,0,0,50,0,0,0
4,0,1,0,8,90,0,0,73,1,0,90,0,50,0,2,0,0,0,14,0,0,0,0,1,0,0,0,0,0,1,0,50,0,0,0
4,0,1,0,8,85,0,0,70,1,0,92,0,51,0,3,0,0,0,15,0,0,0,0,1,1,0,1,0,0,2,0,49,0,0,0
4,0,1,0,8,80,0,0,70,2,0,95,0,51,0,4,0,0,0,15,0,0,0,0,2,1,0,2,0,0,2,0,48,0,0,0
5,0,1,0,9,75,0,0,69,3,0,99,1,52,0,4,0,0,0,15,0,0,0,0,3,3,0,3,0,0,4,0,47,2,0,0
4,0,1,0,9,70,0,0,68,4,0,104,1,53,0,5,0,0,0,16,0,0,0,0,3,3,0,4,0,0,4,0,45,2,0,0
5,0,1,0,9,66,0,0,67,5,0,109,1,54,0,5,0,0,0,16,0,2,0,0,4,5,0,4,0,0,5,0,43,1,0,0
5,0,1,0,9,62,0,0,67,6,0,114,1,55,0,6,0,0,0,15,0,2,0,0,4,5,0,5,0,0,5,0,40,1,0,0
5,0,1,0,10,58,0,0,66,6,0,119,2,57,0,6,0,0,0,15,0,3,0,0,4,6,0,5,0,0,6,0,38,0,0,0
5,0,0,0,8,53,0,0,65,5,0,125,2,59,0,6,0,0,1,14,0,4,0,0,4,7,0,5,0,0,6,0,37,0,0,0
3,0,0,0,7,49,0,0,65,5,0,131,2,61,0,7,0,0,2,14,0,5,0,0,4,8,0,6,0,0,7,0,36,0,0,0
3,0,0,0,7,44,0,0,66,4,0,136,2,63,0,7,0,0,3,13,0,6,0,0,4,9,0,6,1,0,7,0,35,0,0,0
2,0,0,0,6,40,0,0,68,4,0,141,3,65,0,9,0,0,3,12,0,6,0,0,5,10,0,6,1,0,7,0,34,0,0,0
3,0,0,0,6,37,0,0,71,4,0,146,4,66,1,9,0,0,3,10,0,5,0,0,5,11,0,6,2,0,8,0,33,1,0,0
4,0,0,0,6,35,0,0,75,5,0,151,4,67,0,9,0,0,3,8,0,6,0,0,6,12,0,7,2,0,8,0,34,1,0,0
5,0,0,0,6,32,1,0,80,6,0,156,4,68,0,10,0,0,3,6,0,5,0,0,6,13,0,7,2,0,9,0,32,1,0,0
5,0,0,0,7,29,1,0,84,7,0,159,4,69,1,10,0,0,4,6,0,6,0,0,6,15,0,8,2,0,10,0,31,0,0,0
6,0,0,0,7,28,1,0,89,7,0,160,5,69,2,10,0,0,4,6,0,7,0,0,7,15,0,8,2,0,10,0,30,0,0,0
6,0,0,0,7,26,2,0,94,8,0,161,5,71,2,10,0,1,4,5,0,7,0,0,7,16,0,8,2,0,10,0,30,0,0,0
6,0,0,0,8,24,1,0,98,7,0,162,5,72,2,10,0,2,4,6,0,8,0,0,7,17,0,8,2,0,11,0,29,0,0,0
7,0,0,0,8,22,1,0,101,6,0,162,5,75,2,10,1,3,3,6,0,8,0,0,8,17,0,8,2,0,11,0,29,1,0,0
7,0,0,0,7,21,0,0,105,5,0,162,5,78,2,10,1,4,4,6,0,8,0,0,8,17,0,8,3,0,11,0,29,2,0,0
7,0,0,0,7,20,0,0,109,4,0,160,6,81,2,10,1,4,3,5,0,7,0,0,8,17,0,8,3,0,12,0,28,2,0,0
7,0,0,0,8,18,1,0,114,5,0,158,6,86,2,10,2,5,2,5,0,6,0,0,8,17,0,9,3,0,12,0,27,2,0,0
7,0,0,0,8,17,2,0,118,6,0,156,6,89,2,10,2,5,2,4,0,6,0,0,9,17,0,9,3,0,12,0,27,3,0,0
7,0,0,0,8,16,2,0,123,6,0,154,7,92,2,10,2,5,2,4,0,5,0,0,9,17,0,9,3,0,11,0,26,2,0,0
7,0,0,0,8,15,3,0,127,7,0,152,7,95,3,10,3,5,2,5,0,6,0,0,10,16,0,9,3,0,10,0,23,2,0,0
7,0,0,0,8,14,3,0,132,8,0,150,7,98,3,10,3,5,3,5,0,6,1,0,10,15,0,9,3,0,9,0,22,0,1,0
8,0,0,0,8,14,4,0,137,9,0,148,7,100,3,10,3,5,5,5,0,7,0,0,9,14,0,9,3,0,7,0,19,0,0,0
7,0,0,0,8,12,3,0,142,9,0,147,7,102,3,10,3,4,5,6,0,7,0,0,8,12,0,8,2,0,6,0,18,0,0,0
6,0,0,0,7,10,3,0,148,8,0,147,7,102,3,10,4,4,5,6,0,7,0,0,7,10,0,6,1,0,6,0,16,0,0,0
4,0,0,0,6,8,2,0,155,8,0,146,7,99,3,10,4,3,6,5,0,7,0,0,6,9,0,5,1,0,6,0,15,0,0,0
3,0,0,0,5,6,2,0,161,7,0,146,7,96,3,10,4,3,5,5,0,6,0,0,6,9,0,5,1,0,6,0,15,0,0,0
3,0,0,0,5,5,2,0,167,6,0,147,7,92,3,10,4,3,3,4,0,5,1,0,6,9,0,5,1,0,7,0,14,0,0,0
3,0,0,0,6,5,2,0,171,7,0,147,7,88,3,9,4,3,3,4,0,3,1,0,5,9,0,6,1,0,7,0,14,0,0,0
4,0,1,0,6,5,3,0,173,7,0,148,7,83,3,9,3,2,2,3,0,2,2,0,6,9,0,6,1,0,7,0,13,0,0,0
4,0,1,0,7,4,3,0,174,7,0,149,6,80,3,8,3,2,4,3,0,2,2,0,5,9,0,6,1,0,7,0,12,0,0,0
4,0,1,0,7,4,3,0,174,7,0,148,5,76,2,8,3,1,6,4,0,3,3,0,5,9,0,6,1,0,5,0,11,0,0,0
4,0,1,0,7,3,3,0,174,7,0,147,5,72,3,8,3,1,9,4,0,3,3,0,5,8,0,6,1,0,5,0,10,0,0,0
4,0,1,0,7,2,2,0,171,7,0,144,5,69,2,7,3,1,13,3,0,4,3,0,5,8,0,6,2,0,5,0,10,0,0,0
4,0,2,0,7,2,0,0,169,7,0,140,5,66,2,7,3,0,20,4,0,4,3,0,4,8,0,7,2,0,6,0,10,0,0,0
4,0,2,0,7,1,0,0,166,7,0,136,4,61,2,7,3,0,28,3,0,4,3,0,4,9,0,7,2,0,6,0,10,0,1,0
4,0,2,0,8,0,0,0,164,7,0,130,3,59,2,7,3,0,35,3,0,4,3,0,4,8,0,7,3,0,6,3,9,0,2,0
4,1,3,0,8,0,0,0,161,7,0,124,3,56,2,7,3,0,44,2,0,4,3,1,4,8,0,7,3,0,6,6,9,1,2,0
4,1,3,0,8,0,0,0,159,7,0,117,2,53,3,7,3,0,53,1,0,4,4,1,3,9,0,7,3,0,6,10,9,2,2,0
4,1,2,0,8,0,0,0,156,7,0,110,2,51,3,8,4,0,61,0,0,5,4,2,4,9,0,7,3,0,5,12,9,3,2,0
3,1,2,0,8,0,0,0,152,8,0,103,4,48,3,8,4,0,71,0,0,5,4,2,4,8,0,8,3,0,4,15,7,3,2,0
3,0,2,1,8,1,0,0,146,8,0,96,6,45,3,8,4,0,80,0,0,5,4,3,3,8,0,8,3,0,3,17,6,4,2,0
4,0,2,1,8,1,0,0,140,8,0,90,9,43,3,9,4,0,89,0,0,6,4,3,3,8,1,8,3,0,1,18,5,3,2,0
2,0,1,0,7,1,0,0,133,9,0,84,14,40,3,9,5,1,95,0,0,7,4,2,3,7,0,7,2,0,0,19,4,2,1,0
2,0,0,0,6,0,0,0,125,9,0,78,18,38,3,9,4,1,101,0,0,7,4,2,3,7,1,8,1,0,0,19,4,1,1,0
1,0,0,0,5,0,0,0,118,9,0,74,22,36,3,8,4,1,105,0,0,8,3,3,2,6,1,7,0,0,0,19,3,0,0,0
0,0,0,0,4,0,0,0,111,10,0,70,24,34,3,8,3,0,107,0,0,8,3,3,2,6,2,8,0,0,0,19,4,1,1,0
0,0,0,0,5,0,0,0,104,10,0,66,26,33,3,8,2,0,106,0,0,9,3,3,2,5,1,8,0,0,1,18,4,1,1,0
0,0,0,0,5,0,0,0,98,10,0,64,27,31,3,8,2,0,104,0,0,8,3,2,2,4,2,8,0,0,2,18,4,2,1,0
1,0,0,0,4,0,0,1,92,10,0,61,27,30,3,8,1,0,101,0,0,9,3,2,2,4,2,8,0,0,1,16,4,2,1,0
1,0,0,0,4,0,0,5,87,10,0,61,27,28,4,8,1,0,99,0,0,9,3,2,2,4,3,8,0,0,1,14,3,2,1,0
2,0,0,0,5,0,0,7,82,10,0,61,27,27,4,8,2,0,96,0,0,10,2,2,2,4,2,8,1,0,0,12,2,3,1,0
2,0,0,1,5,0,0,10,79,11,0,61,26,25,4,8,2,0,93,0,0,10,3,3,3,5,3,8,1,0,1,11,2,4,1,0
3,0,0,2,4,0,0,11,78,11,0,62,26,24,4,8,2,0,91,0,0,11,3,3,4,5,3,8,1,0,2,11,3,4,2,0
3,0,0,2,4,0,0,12,77,11,0,64,26,23,4,8,1,0,88,0,0,11,3,3,4,5,3,8,1,0,3,11,3,4,2,0
3,0,0,2,2,0,0,13,76,11,0,66,25,23,4,8,1,0,85,0,0,11,3,3,5,5,4,8,1,0,3,11,3,5,2,0
4,0,0,1,0,0,0,11,74,11,0,67,24,20,4,8,1,0,81,0,0,11,3,3,6,5,3,8,1,0,4,12,4,5,2,0
4,0,0,1,0,0,0,11,72,9,0,68,22,19,3,7,0,0,77,0,0,11,3,3,6,5,3,8,1,0,5,12,5,5,2,0
5,0,0,0,0,0,0,11,70,9,0,69,20,17,1,6,0,0,73,0,0,11,3,3,7,5,3,8,1,0,5,11,6,5,2,0
5,0,0,0,0,0,0,10,69,7,0,69,19,16,0,5,0,0,69,0,0,11,2,3,7,5,3,8,1,0,5,9,8,6,2,0
6,0,0,0,0,0,0,11,69,8,0,71,19,18,0,5,0,0,66,0,0,10,2,3,8,5,2,8,0,0,4,8,9,6,3,0
6,0,0,0,0,0,0,11,69,8,0,72,18,19,0,6,0,0,63,0,0,10,2,3,8,5,2,8,0,0,4,6,9,6,3,0
5,0,0,0,0,0,0,11,70,8,0,73,18,22,1,6,0,0,59,0,0,9,2,2,8,4,2,8,0,0,4,5,9,6,3,0
6,0,0,0,0,0,0,11,70,8,0,74,18,25,2,6,0,0,58,2,0,9,2,2,9,3,2,8,0,0,5,5,9,6,3,0
6,0,0,0,0,0,0,10,69,8,0,74,18,26,2,6,0,0,55,3,0,9,2,2,9,3,2,8,1,0,5,6,10,6,2,0
6,0,0,0,0,0,0,9,69,8,0,75,17,27,2,6,0,0,53,4,0,10,1,2,9,3,2,8,1,0,6,6,10,6,2,0
6,0,1,0,0,0,0,9,68,8,0,75,17,27,2,6,0,0,49,3,0,10,1,2,9,3,2,8,1,0,6,6,10,6,2,0
6,0,3,0,0,0,0,10,66,8,1,75,16,26,2,6,0,0,46,2,0,10,2,2,9,4,2,8,1,0,6,6,10,6,2,0
7,0,4,0,0,0,0,11,64,8,1,76,15,25,2,6,0,0,43,2,0,10,2,2,9,5,2,8,1,0,6,6,9,6,2,0
7,0,5,0,0,0,0,13,60,8,1,75,14,25,2,6,0,0,40,0,0,10,2,2,8,7,2,9,0,0,6,5,9,6,2,0
7,0,6,0,0,0,2,15,57,8,2,75,14,25,3,6,0,0,38,1,0,10,2,2,8,8,0,8,0,0,4,2,8,6,2,0
6,0,5,0,0,0,4,15,53,7,1,74,12,22,2,6,0,0,35,0,0,9,1,2,7,10,0,6,0,0,1,0,5,3,0,0
4,0,4,0,0,0,6,16,49,6,0,72,11,20,0,5,0,0,33,0,0,9,0,0,6,13,0,4,0,0,0,0,3,1,0,0
3,0,2,0,0,0,8,17,46,5,0,70,10,18,0,4,0,0,31,0,0,7,0,0,4,16,0,3,0,0,0,0,1,0,0,0
2,0,1,0,0,0,10,18,41,4,0,66,10,16,0,3,0,0,28,0,0,6,0,0,3,20,0,2,0,0,0,0,0,0,0,0
2,0,0,0,0,0,13,20,40,4,0,64,10,15,0,3,0,0,27,0,0,6,0,0,3,26,0,3,0,0,0,0,1,0,0,0
2,0,0,0,0,0,17,22,37,5,0,60,12,15,0,4,0,0,27,0,0,6,0,0,3,31,0,3,0,0,0,0,2,1,0,0
2,0,0,0,0,0,20,25,35,6,0,58,12,14,0,4,0,0,27,0,0,7,0,0,2,36,0,4,0,0,0,0,3,2,0,0
2,0,0,0,0,0,25,26,32,6,0,55,13,13,0,3,0,0,26,0,0,7,0,0,1,39,0,5,0,0,0,0,3,2,0,0
2,0,0,0,0,0,29,28,30,6,0,52,14,13,0,3,0,0,25,0,0,7,0,0,2,42,0,5,0,0,0,0,3,2,0,0
2,0,0,0,0,0,33,30,28,6,0,49,15,12,0,3,0,0,24,0,0,7,1,0,1,45,0,5,0,0,0,0,4,2,0,0
2,0,0,0,0,0,37,32,26,7,0,47,16,11,0,1,0,0,24,0,0,8,0,1,1,47,0,4,0,0,0,0,4,3,0,0
3,0,0,0,0,0,41,33,25,7,0,44,17,11,0,2,0,0,25,0,0,8,0,1,0,50,0,3,0,0,0,0,5,3,0,0
3,0,0,0,0,0,46,35,24,7,0,41,17,10,0,2,0,0,26,0,0,8,0,1,0,52,0,3,0,0,0,0,5,3,0,0
3,0,0,0,0,0,49,36,23,7,0,40,16,10,0,2,0,0,27,0,0,8,0,1,0,54,0,2,0,0,0,0,5,3,1,0
3,0,0,0,0,0,51,37,22,7,0,36,14,8,0,2,0,0,27,0,0,7,0,0,0,55,0,2,0,0,0,0,4,3,0,0
3,0,0,0,0,0,51,38,22,7,0,36,12,6,0,1,0,0,26,0,0,6,0,0,0,56,0,1,0,0,0,0,2,2,0,0
3,0,0,0,1,0,50,39,23,6,0,36,11,5,0,1,0,0,26,0,0,5,0,0,0,55,0,1,0,0,0,0,1,2,0,0
3,0,0,0,1,0,48,39,25,5,0,39,9,4,0,1,0,0,24,0,0,4,0,0,0,53,0,1,0,0,0,0,0,1,0,0
2,0,0,0,3,0,47,39,29,6,0,44,8,3,0,1,0,0,23,0,0,3,0,0,0,50,0,1,0,0,0,0,0,0,0,0
0,0,0,0,3,0,45,37,32,4,0,49,5,1,0,0,0,0,20,0,0,1,0,0,0,45,0,0,0,0,0,0,0,0,0,0
0,0,0,0,3,0,41,36,35,3,0,54,3,0,0,0,0,0,18,0,0,0,0,0,0,40,0,0,0,0,0,0,0,0,0,0
0,0,0,0,2,0,39,34,38,2,0,58,1,0,0,0,0,0,16,0,0,0,0,0,0,36,0,0,0,0,0,0,0,0,0,0
0,0,0,0,1,0,37,33,40,2,0,64,0,0,0,0,0,0,14,0,0,0,0,0,0,33,0,0,0,0,0,0,0,0,0,0
0,0,0,0,1,0,36,32,45,3,0,70,0,0,0,0,0,0,15,0,0,0,0,0,0,31,0,0,0,0,0,0,0,0,0,0
0,0,0,0,1,0,36,32,48,3,0,75,1,0,0,0,0,0,15,2,0,2,0,0,0,30,0,0,0,0,0,0,0,0,0,0
0,0,0,0,1,0,35,32,51,4,0,80,1,0,0,1,0,0,15,3,0,3,0,0,0,29,0,0,0,0,0,0,0,0,0,0
0,0,0,0,1,0,35,31,54,5,0,82,0,0,0,2,0,0,15,4,0,4,0,0,0,29,0,1,0,0,0,0,1,0,0,0
0,0,0,0,2,0,35,31,55,6,0,85,0,0,0,2,0,0,16,4,0,5,0,0,0,28,0,2,0,0,0,0,3,0,0,0
0,0,0,0,4,0,36,32,56,6,0,87,0,0,0,3,0,0,17,5,0,6,0,0,0,28,0,3,0,0,0,0,3,0,0,0
0,0,0,0,5,0,37,32,55,7,0,89,0,0,0,3,0,0,17,5,0,7,0,0,0,26,0,3,0,0,2,0,3,1,0,0
0,0,0,0,7,0,38,32,54,8,0,91,0,0,0,4,0,0,19,5,0,8,0,0,0,25,0,4,0,0,2,0,3,0,0,0
0,0,0,0,8,0,39,32,51,7,0,91,0,0,0,2,0,0,18,5,0,7,0,0,0,22,0,3,0,0,2,0,1,0,0,0
0,0,0,0,10,0,39,32,47,6,0,91,0,0,0,2,0,0,18,3,0,5,0,0,0,19,0,3,0,0,1,0,0,0,0,0
0,0,0,0,14,0,38,31,44,5,0,88,0,0,0,2,0,0,18,2,0,4,0,0,0,18,0,2,0,0,0,0,0,0,0,0
0,0,0,0,20,0,37,31,41,5,0,85,0,0,0,1,0,0,16,2,0,4,0,0,0,16,0,2,0,0,0,0,0,0,0,0
0,0,0,0,27,0,36,31,39,5,0,82,0,0,0,2,0,0,17,4,0,4,0,0,0,16,0,2,0,0,1,0,0,0,0,0
0,0,0,0,35,0,35,31,37,5,0,79,0,0,0,3,0,0,16,5,0,4,0,0,0,15,0,3,0,0,2,0,0,0,0,0
0,2,0,0,43,0,33,32,35,6,0,77,0,0,0,4,0,0,16,7,0,6,0,0,0,15,0,4,0,0,3,0,0,0,0,0
1,3,0,0,50,0,31,32,33,6,0,74,1,0,0,3,0,0,16,11,0,7,0,0,0,15,0,4,0,0,4,0,0,0,0,0
2,5,0,0,57,0,30,32,31,6,0,71,1,0,0,3,0,0,16,16,0,7,0,0,2,15,0,5,0,0,5,0,0,1,0,0
3,5,0,0,61,0,29,31,28,7,0,67,2,0,0,2,0,0,15,20,0,8,0,0,3,14,2,5,0,0,5,0,1,2,0,0
4,6,0,0,62,0,28,30,27,7,0,64,3,1,0,1,0,0,14,27,0,9,0,0,3,14,5,5,0,0,5,0,2,3,0,0
4,7,0,0,62,0,27,30,25,7,0,60,4,3,0,3,0,0,14,32,0,9,0,1,4,13,6,5,0,0,5,0,3,3,0,0
5,7,0,1,61,0,26,29,24,7,0,57,4,6,0,4,0,0,14,38,0,10,1,1,5,12,7,4,0,0,5,0,3,5,0,0
5,6,0,2,58,0,25,29,22,7,0,54,5,9,0,5,0,0,14,45,0,10,1,2,6,11,8,3,0,0,5,0,4,5,0,0
6,6,0,1,53,0,24,28,20,7,0,52,5,13,0,5,1,0,14,50,0,10,1,2,6,11,10,3,0,0,6,0,4,6,0,0
6,4,0,1,50,0,24,27,19,8,0,50,5,18,0,6,1,0,13,56,0,10,2,2,6,10,11,5,0,0,6,0,5,6,1,0
7,4,0,0,46,0,23,26,18,8,0,49,5,24,0,7,1,0,13,61,0,10,2,2,5,9,10,4,0,0,5,0,5,5,0,0
6,2,0,0,41,0,20,24,16,8,0,48,5,28,0,6,1,0,12,67,0,10,2,2,5,7,10,4,0,0,4,0,5,4,0,0
4,1,0,0,37,0,18,22,15,7,0,49,3,34,0,6,0,0,11,72,0,11,2,2,4,6,10,3,0,0,3,0,5,3,0,0
4,0,0,0,34,0,16,20,13,6,0,50,3,39,0,5,0,0,11,77,0,10,2,2,3,4,9,2,0,0,3,0,5,3,0,0
4,0,0,0,31,0,14,18,12,6,0,55,2,44,0,5,0,0,10,80,0,10,2,2,4,3,9,2,0,0,3,0,6,3,0,0
5,0,0,0,29,0,14,18,13,6,0,62,3,50,0,6,0,0,10,82,0,10,2,2,4,3,8,2,0,0,3,0,7,3,0,0
5,0,0,0,27,0,13,18,14,6,0,71,3,55,0,6,0,0,10,83,0,10,2,2,5,3,8,1,0,0,3,0,8,4,0,0
5,0,0,0,26,0,14,18,17,7,0,79,4,59,0,7,0,0,10,84,0,10,2,2,5,3,7,1,0,0,2,1,8,4,0,0
6,0,0,0,23,0,13,18,19,7,0,88,5,62,0,7,0,0,10,83,0,11,2,2,5,3,7,2,0,0,3,1,9,4,1,0
6,0,0,0,20,0,13,17,24,7,0,96,5,65,0,7,0,0,10,81,0,11,2,2,6,2,7,2,0,0,3,1,9,5,1,0
6,0,0,0,18,0,13,17,29,8,0,105,6,67,0,6,0,0,10,79,0,11,2,2,6,2,6,3,0,0,4,1,9,5,1,0
7,0,0,0,15,0,12,16,33,8,0,113,6,68,0,6,0,0,10,75,0,11,2,2,6,2,5,3,0,0,5,2,9,4,1,0
7,0,0,0,14,0,12,16,38,9,0,120,6,69,0,5,0,0,10,72,0,11,2,2,6,3,4,4,0,0,5,2,10,4,2,0
7,0,0,0,13,0,12,15,43,9,0,127,6,69,0,4,0,0,10,67,0,11,2,2,6,3,3,4,0,0,5,2,9,4,2,0
7,0,0,0,12,0,12,15,46,10,0,135,6,68,0,3,0,0,10,64,0,11,3,2,6,4,1,4,0,0,6,2,9,5,1,0
7,0,0,0,12,0,12,14,50,10,0,141,6,67,0,3,0,0,11,59,1,11,2,2,6,4,0,3,0,0,7,2,9,5,1,0
7,0,0,0,10,0,12,15,53,10,0,147,6,66,0,4,0,0,11,56,2,11,2,2,6,4,0,1,0,0,7,3,9,5,2,0
7,0,0,0,9,0,12,14,56,10,0,153,7,65,0,4,0,0,11,53,3,10,2,2,7,5,0,1,0,0,7,3,8,5,2,0
7,0,0,0,8,0,11,15,60,10,0,159,7,64,0,5,0,1,11,50,4,11,2,2,7,5,0,1,0,0,8,3,8,5,2,0
7,0,0,0,6,0,12,15,64,11,0,163,8,62,0,6,0,1,11,48,5,11,2,2,7,5,0,1,0,0,8,4,9,5,2,0
7,0,0,0,5,0,12,15,68,11,0,168,9,59,0,7,0,1,11,45,5,11,2,3,7,6,0,2,0,0,9,5,8,5,3,0
8,0,0,0,4,0,12,15,71,12,0,172,8,55,0,6,0,1,11,43,6,11,3,3,7,7,0,3,0,0,9,5,9,6,3,0
8,0,0,0,3,0,11,16,73,12,0,175,8,52,2,5,0,2,11,41,7,11,3,3,7,7,0,3,0,0,9,5,8,6,2,0
8,0,0,0,3,0,11,16,75,13,0,177,7,48,4,5,0,1,11,38,6,10,2,2,7,6,0,2,0,0,9,4,8,5,2,0
8,0,0,0,3,0,10,15,76,12,0,178,5,44,6,3,0,0,8,33,5,8,0,0,4,4,0,0,0,0,7,3,7,5,1,0
6,0,0,0,1,0,9,13,76,11,0,180,4,40,9,3,0,0,7,29,4,6,0,0,3,2,0,0,0,0,6,3,5,4,0,0
5,0,0,0,0,0,8,12,77,10,0,180,3,37,13,2,0,0,5,25,3,3,0,0,1,0,0,0,0,0,5,2,4,3,0,0
4,0,0,0,0,0,7,11,79,9,0,181,3,34,17,2,0,0,4,23,3,3,0,0,1,0,0,0,0,0,5,2,3,3,0,0
3,0,0,0,0,0,7,11,83,10,0,181,3,33,21,3,0,0,5,23,5,4,0,0,3,0,0,0,0,0,6,3,3,3,0,0
2,0,0,0,0,0,7,11,89,10,0,181,5,32,24,3,0,1,6,22,5,5,0,0,3,1,0,0,0,0,7,3,3,4,0,0
2,0,0,0,0,0,7,11,95,11,0,180,5,31,25,4,0,1,6,20,5,5,0,0,4,2,0,0,0,0,8,3,3,4,1,0
2,0,0,0,0,0,8,11,103,11,0,178,5,29,25,3,0,1,7,20,5,5,0,0,5,2,0,1,0,0,8,3,3,4,1,0
2,0,0,0,0,0,8,12,114,11,0,174,4,28,24,2,0,2,8,20,4,6,0,0,5,3,0,1,0,0,8,3,3,4,2,0
2,0,0,0,0,0,8,12,123,11,0,168,4,29,23,2,0,3,8,20,4,6,0,1,6,2,0,2,0,0,8,3,3,4,2,0
3,0,0,0,1,0,8,13,134,11,0,162,4,29,22,1,0,3,8,22,4,7,0,1,6,1,0,1,0,0,9,4,3,4,2,0
4,0,0,0,1,0,8,13,143,11,0,155,5,31,22,1,0,3,9,24,3,7,0,2,6,0,0,0,0,0,10,4,3,4,3,0
4,0,0,0,1,0,9,14,151,12,0,147,6,33,20,2,0,4,9,26,2,7,0,2,6,0,2,0,0,0,10,3,4,5,4,0
5,0,0,0,2,0,9,14,157,11,0,140,7,36,19,3,0,4,10,30,2,7,0,2,6,0,5,0,0,0,10,4,4,6,4,0
4,0,0,0,2,0,9,15,163,11,0,133,8,39,18,4,0,4,10,32,2,8,1,3,7,0,8,0,0,0,11,4,4,6,4,0
3,0,0,0,4,0,9,16,167,11,0,125,9,42,17,4,0,4,11,37,1,8,2,4,7,0,12,2,0,0,11,4,4,7,4,0
3,0,0,0,7,0,10,16,170,11,0,118,9,44,16,5,0,5,11,41,1,8,2,4,8,0,16,3,0,1,12,4,4,7,4,0
1,0,0,0,10,0,9,14,172,10,0,110,8,46,14,5,1,5,11,46,1,8,3,5,9,0,20,4,0,2,12,4,4,7,4,0
1,0,0,0,13,0,9,13,173,8,0,102,8,48,11,3,1,5,12,50,0,7,3,5,9,1,24,5,1,3,12,5,4,7,4,0
1,0,0,0,16,0,7,12,173,7,0,94,7,49,9,2,1,6,12,55,0,8,3,6,10,1,27,5,2,3,11,5,4,7,4,0
1,0,0,0,19,0,7,10,173,6,0,87,6,51,8,2,2,6,12,59,0,8,4,6,9,1,29,4,2,3,12,5,4,7,4,0
2,0,0,0,21,0,7,11,172,6,0,81,6,54,7,2,2,6,12,64,0,8,4,6,9,0,30,3,1,3,12,5,4,8,4,0
2,0,0,0,24,0,7,10,172,6,0,76,7,57,7,3,2,6,12,68,0,8,3,6,8,0,32,3,1,3,12,4,4,8,4,0
3,0,0,0,25,0,8,10,170,6,0,71,7,61,6,3,3,6,12,72,0,9,3,6,8,0,33,2,1,3,11,4,4,8,4,0
3,0,0,0,26,0,8,10,168,6,0,66,7,64,6,3,3,6,12,75,0,9,3,5,8,0,35,2,2,3,11,5,4,8,4,0
2,0,0,0,27,0,8,10,165,6,0,62,8,66,5,4,3,6,11,78,0,9,4,5,8,0,36,4,2,3,11,5,4,8,4,0
2,0,0,0,27,0,8,10,162,7,0,58,8,68,5,5,3,7,11,81,0,9,4,5,9,0,37,5,3,3,11,5,4,8,5,1
1,0,0,0,27,0,8,10,158,7,0,55,8,69,4,5,4,7,11,83,0,9,4,5,9,0,39,6,3,3,11,5,5,8,5,1
2,0,0,0,26,0,9,10,154,8,0,54,7,69,2,5,4,8,11,86,0,10,4,5,9,0,39,6,3,3,11,5,5,8,6,0
3,0,0,0,25,0,9,10,150,9,0,53,6,69,0,5,5,8,11,88,0,10,5,6,10,0,41,7,4,4,11,5,6,9,6,0
4,0,0,0,24,0,10,10,145,10,0,52,4,68,0,4,4,7,10,89,0,9,4,5,9,0,41,7,4,4,11,5,7,9,7,1
5,0,0,0,23,0,10,9,142,11,0,54,4,67,0,3,3,6,10,90,0,8,4,5,8,0,41,7,4,5,11,5,9,9,7,1
5,0,0,1,22,0,10,9,137,11,0,56,4,67,0,2,3,5,9,92,0,8,2,4,8,0,41,5,4,5,12,5,10,10,7,1
6,0,0,1,20,0,10,9,133,12,0,60,4,66,0,2,2,3,9,93,0,7,2,3,6,0,41,5,5,5,12,5,11,10,7,1
6,0,0,1,19,0,9,9,128,13,0,64,6,67,0,3,3,4,9,95,0,8,2,3,7,0,43,5,5,5,12,5,13,10,7,2
5,0,0,2,18,0,9,9,123,10,0,64,7,68,0,4,3,4,9,97,0,9,2,3,7,0,44,6,5,4,13,5,15,11,7,2
5,0,0,2,17,1,8,8,118,4,0,59,7,68,0,6,4,4,10,98,0,9,2,3,7,0,44,6,5,4,13,5,16,11,7,2
5,0,0,3,17,2,8,7,111,0,0,48,7,67,0,6,4,4,10,99,0,9,3,3,8,0,45,7,5,4,13,5,17,12,7,2
5,0,0,5,16,3,8,7,104,0,0,33,7,66,0,7,5,5,10,100,0,10,3,3,8,0,46,7,5,4,13,6,19,12,7,2
5,0,0,5,15,3,8,6,99,0,0,25,6,64,0,8,6,5,10,100,0,10,3,3,8,0,47,8,5,4,13,7,19,11,7,2
6,0,0,5,14,5,8,6,93,0,0,22,5,63,0,8,6,5,10,101,0,11,3,3,8,0,47,8,5,4,13,7,19,11,7,2
6,0,0,5,13,5,9,6,88,0,0,24,7,64,0,9,6,5,10,101,0,11,3,1,7,0,46,8,5,4,13,7,19,11,7,2
7,0,0,5,13,5,9,5,83,0,0,32,7,64,0,9,6,5,10,101,0,11,2,1,6,0,45,8,5,4,14,7,19,11,6,2
7,0,0,5,12,6,10,5,78,0,0,40,8,64,0,9,6,5,10,101,0,12,2,0,6,0,44,8,5,4,14,6,19,11,6,1
6,0,0,5,12,6,10,5,74,0,0,47,8,63,0,9,6,5,9,100,0,11,1,0,5,0,43,8,4,3,13,6,18,10,6,0
4,0,0,5,11,6,9,3,70,0,0,53,7,61,0,9,4,2,7,97,0,8,0,0,4,0,39,6,1,1,10,3,15,7,3,0
2,0,2,3,11,6,7,2,65,0,0,57,7,59,0,8,1,0,5,95,0,6,0,0,2,0,36,4,0,0,8,2,12,6,1,0
0,0,3,2,11,7,6,1,61,0,0,60,6,57,0,7,0,0,1,92,0,3,0,0,0,0,32,0,0,0,4,0,8,2,0,0
0,0,2,0,13,8,4,0,57,0,0,60,4,54,0,5,0,0,0,90,0,0,0,0,0,0,26,0,0,0,1,0,4,0,0,0
0,0,2,0,16,8,3,0,55,0,0,59,3,53,0,4,0,0,0,90,0,0,0,0,0,0,23,0,0,0,0,0,2,0,0,0
0,0,2,0,21,9,2,0,53,0,0,59,2,53,0,3,0,0,0,91,0,0,0,0,0,0,19,0,0,0,0,0,0,0,0,0
0,0,2,0,25,9,2,0,51,0,0,57,2,53,0,1,0,0,0,94,0,0,0,0,0,0,17,0,0,0,0,0,0,0,0,0
0,0,1,0,31,9,3,0,51,0,0,55,2,54,0,1,0,0,0,99,0,0,0,0,0,0,16,0,0,0,0,0,0,0,0,0
0,0,0,0,36,9,3,0,49,0,0,53,3,55,0,2,0,0,0,103,0,0,0,0,0,0,14,0,0,0,0,0,0,0,0,0
0,0,0,0,41,9,3,0,48,0,0,51,4,56,0,1,0,0,0,108,0,0,0,0,0,0,13,0,0,0,1,0,0,1,0,0
0,0,0,0,47,9,3,0,47,0,0,49,4,56,0,1,0,0,0,112,0,0,0,0,0,0,12,0,0,0,0,0,0,0,0,0
0,0,1,0,51,8,4,0,46,0,0,48,3,55,0,0,0,0,0,115,0,0,0,0,0,0,9,0,0,0,0,0,0,0,0,0
0,0,0,0,53,6,3,0,44,0,0,45,2,54,0,0,0,0,0,117,0,0,0,0,0,0,5,0,0,0,0,0,0,0,0,0
0,0,0,0,53,5,2,0,43,0,0,41,0,53,0,0,0,0,0,119,0,0,0,0,0,0,1,0,0,0,0,0,0,0,0,0
0,0,0,0,52,4,2,0,42,0,0,38,0,54,0,0,0,0,0,123,0,0,0,0,0,0,0,0,0,0,0,0,0,0,0,0
0,0,0,0,49,2,0,0,40,0,0,34,0,54,0,0,0,0,0,125,0,0,0,0,0,0,0,0,0,0,0,0,0,0,0,0
0,0,0,0,48,0,0,0,39,0,0,31,0,55,0,0,0,0,0,129,0,0,0,0,0,0,0,0,0,0,0,0,0,0,0,0
0,0,0,0,46,0,0,0,39,0,0,30,0,56,0,0,0,0,0,132,0,0,0,0,0,0,0,0,0,0,0,0,0,0,0,0
0,0,0,0,44,0,0,0,38,0,0,29,0,57,0,0,0,0,0,136,0,0,0,0,0,0,0,0,0,0,0,0,0,0,0,0
0,0,0,0,41,0,0,0,38,0,0,31,0,57,0,0,0,0,0,140,0,0,0,0,0,0,0,0,0,0,0,0,0,0,0,0
0,0,0,0,40,0,0,0,38,0,0,33,0,57,0,0,0,0,0,144,0,0,0,0,0,0,0,0,0,0,0,0,0,0,0,0
0,0,0,0,39,0,0,0,37,0,0,35,0,55,0,0,0,0,0,146,0,0,0,0,0,0,0,0,0,0,0,0,0,0,0,0
0,0,0,0,37,1,1,0,35,0,0,38,0,53,0,0,0,0,0,148,0,0,0,0,0,0,0,0,0,0,0,0,0,0,0,0
0,0,0,0,36,2,2,0,34,0,0,42,0,52,0,0,0,0,0,150,0,1,0,0,0,0,0,0,0,0,0,0,0,0,0,0
1,0,0,0,36,4,2,0,33,1,0,46,0,52,0,0,0,0,0,152,0,2,0,0,0,0,0,0,0,0,0,0,0,0,0,0
1,0,0,0,35,6,3,0,32,2,0,50,0,51,0,0,0,0,0,152,0,3,0,0,0,0,0,0,0,0,1,0,0,1,0,0
1,0,0,0,34,8,4,0,31,3,0,53,1,51,0,0,0,0,0,151,0,4,0,0,0,0,0,0,0,0,2,0,0,2,0,0
0,0,0,0,34,12,4,0,30,4,0,57,2,51,0,1,0,0,0,149,0,4,0,0,0,0,0,0,0,0,2,0,0,2,0,0
0,0,0,0,32,16,4,0,28,4,0,59,1,48,0,1,0,0,0,144,0,2,0,0,0,0,0,0,0,0,1,0,0,0,0,0
0,0,0,0,30,23,3,0,27,4,0,62,0,47,0,0,0,0,0,138,0,1,0,0,0,0,0,0,0,0,0,0,0,0,0,0
0,0,0,0,28,29,2,0,24,2,0,64,0,43,0,0,0,0,0,130,0,0,0,0,0,0,0,0,0,0,0,0,0,0,0,0
0,0,0,0,26,36,0,0,22,1,0,66,0,39,0,0,0,0,0,122,0,0,0,0,0,0,0,0,0,0,0,0,0,0,0,0
0,0,0,0,25,44,0,0,20,1,0,69,0,37,0,0,0,0,0,115,0,0,0,0,0,0,0,0,0,0,0,0,0,0,0,0
0,0,2,0,24,51,0,0,20,1,0,72,0,34,0,0,0,0,0,109,0,0,0,0,0,0,0,0,0,0,0,0,0,0,0,0
0,0,4,0,23,56,0,0,20,2,0,75,0,32,0,0,0,0,0,103,0,0,0,0,0,0,0,0,0,0,0,0,0,0,0,0
0,0,4,0,20,60,0,0,21,3,0,79,0,30,0,0,0,0,0,98,0,0,0,0,0,0,0,0,0,0,0,0,0,0,0,0
0,0,6,0,19,63,0,0,21,4,0,82,0,28,0,1,0,0,0,94,0,1,0,0,0,0,0,0,0,0,0,0,0,0,0,0
1,0,7,0,17,64,0,0,20,3,0,82,1,26,0,3,0,0,0,91,0,2,0,0,0,0,0,0,0,0,0,0,0,1,0,0
1,0,10,0,17,64,0,0,19,3,0,83,1,25,0,4,0,0,0,88,0,3,0,0,1,0,0,0,0,0,0,0,0,2,0,0
2,0,11,0,16,61,1,0,20,3,0,81,2,24,0,5,0,0,0,88,0,4,0,0,2,0,0,0,0,0,1,0,0,3,0,0
3,0,14,0,16,59,1,3,20,3,0,79,4,23,0,6,1,0,0,88,0,4,0,0,2,0,0,0,0,0,2,0,0,4,0,0
4,0,16,0,15,56,1,7,22,3,0,77,5,22,0,7,2,0,0,89,0,4,0,0,1,0,0,1,0,0,2,0,0,5,0,0
4,0,18,0,15,54,2,11,24,5,0,75,5,22,0,8,3,0,1,91,0,4,0,0,1,0,0,2,0,0,2,0,0,4,0,0
4,0,20,0,14,50,1,13,25,4,0,71,4,20,0,7,3,0,0,92,0,2,0,0,1,0,0,2,0,0,1,0,0,2,0,0
4,0,20,0,13,45,1,15,26,4,0,68,4,19,0,6,2,0,0,93,0,2,0,0,0,0,0,2,0,0,0,0,0,1,0,0
3,0,22,0,12,41,1,16,28,3,0,66,2,19,0,6,1,0,0,94,0,1,0,0,0,0,0,2,0,0,0,0,0,0,0,0
1,0,21,0,10,38,0,18,29,2,0,65,2,18,0,5,0,0,0,95,0,0,0,0,0,0,0,1,0,0,0,0,0,0,0,0
1,0,22,0,10,35,1,21,31,3,0,67,3,18,0,6,0,0,0,96,0,1,0,0,1,0,0,3,0,0,0,0,0,1,0,0
0,0,23,0,10,33,1,24,33,3,0,69,3,18,0,6,0,0,0,97,0,2,0,0,2,0,0,3,0,0,1,0,0,2,0,0
0,0,23,0,9,31,2,27,33,4,0,73,4,18,0,6,1,0,0,97,0,3,0,0,2,0,0,4,0,0,2,0,0,2,0,0
0,0,25,0,10,29,2,29,34,5,0,77,4,16,0,6,1,0,1,96,0,4,0,0,3,0,0,4,0,0,3,0,0,3,0,0
0,0,28,0,10,27,3,32,35,5,0,81,4,15,0,4,1,0,2,95,0,4,0,0,4,0,0,5,0,0,3,0,0,3,0,0
0,0,31,0,10,25,3,35,35,7,0,84,4,14,0,3,1,0,2,92,0,5,0,0,5,0,0,5,0,0,4,0,0,3,1,0
1,0,35,0,10,24,3,37,36,7,0,86,4,12,0,2,0,0,3,89,0,6,0,0,5,0,0,4,0,0,5,0,1,4,1,0
2,0,39,0,9,23,3,39,36,7,0,88,4,12,0,2,0,0,4,85,0,7,0,0,6,0,0,3,0,0,6,0,2,4,2,0
3,0,44,0,9,21,4,41,36,8,0,89,5,11,0,3,1,0,5,80,0,7,0,0,5,0,0,3,0,0,6,0,2,4,2,0
3,0,48,0,9,20,4,42,36,8,0,90,5,11,0,3,0,0,6,76,0,7,0,0,5,0,0,2,0,0,6,0,2,4,2,0
2,0,51,0,8,19,5,42,37,8,0,91,4,10,0,3,0,0,7,72,0,7,0,0,5,0,0,3,0,0,6,0,3,4,2,0
1,0,53,0,8,18,5,41,36,9,0,92,4,10,0,4,1,0,9,68,0,7,0,0,5,0,0,3,0,0,6,0,3,5,2,0
1,0,56,0,8,16,5,41,36,10,1,92,4,10,0,4,1,0,11,64,0,7,0,0,5,2,0,3,0,0,6,0,3,5,3,0
0,0,58,0,7,16,5,40,36,10,2,91,3,9,0,3,1,0,13,59,0,8,0,0,4,5,0,3,0,0,7,0,4,5,3,0
0,0,60,0,7,14,5,38,36,10,2,89,1,7,0,2,1,0,16,56,1,8,0,0,4,7,0,3,0,0,7,0,4,5,3,0
1,0,62,0,7,13,5,37,36,10,1,86,0,5,0,1,1,0,18,53,1,9,0,1,4,9,0,4,1,0,7,0,5,5,3,0
1,0,63,0,6,12,4,35,36,10,1,81,0,3,0,0,0,0,20,49,0,8,0,0,2,9,0,3,0,0,8,0,5,5,3,0
1,0,63,0,5,11,2,33,36,8,0,77,0,1,0,0,0,0,22,46,0,7,0,0,1,9,0,2,0,0,8,1,6,5,3,0
2,0,62,0,5,8,2,32,38,8,0,73,0,1,0,0,0,0,23,42,0,6,0,0,0,10,0,2,0,0,9,2,6,6,4,0
2,0,60,0,4,7,0,30,40,7,0,69,0,0,0,0,0,0,24,39,0,5,0,0,0,10,0,2,0,0,9,4,6,6,4,0
2,0,57,0,5,7,0,29,44,8,0,67,0,1,0,0,0,0,25,39,0,6,0,0,0,10,0,2,0,0,9,5,6,6,4,0
0,0,54,0,5,6,1,28,47,8,0,65,0,2,0,0,0,0,25,39,0,6,0,0,0,10,0,4,0,0,9,7,7,6,4,0
0,0,50,0,5,6,1,28,51,8,0,65,0,5,0,0,0,0,26,40,0,7,0,0,0,10,0,4,0,0,9,9,7,6,4,0
0,0,47,0,4,6,2,27,54,8,0,65,0,5,0,0,0,0,25,41,0,7,0,0,1,9,0,5,0,1,9,10,7,6,4,0
0,0,45,0,4,5,2,26,58,8,0,67,0,7,0,0,0,0,24,43,0,8,0,0,2,9,0,5,0,1,10,11,7,6,4,0
1,0,44,0,5,5,2,25,60,8,0,69,0,8,0,0,0,0,24,45,0,9,0,1,2,9,0,5,0,1,10,12,7,6,4,0
2,0,42,0,5,5,2,24,62,9,0,72,0,9,0,0,0,0,22,46,0,10,1,1,2,7,0,4,0,1,10,12,7,6,4,0
2,0,40,0,5,4,3,23,65,9,0,76,0,11,0,0,1,0,22,46,0,10,1,1,1,5,0,4,0,0,10,12,7,6,4,0
3,0,38,0,5,4,3,23,66,11,1,79,0,13,0,0,1,1,21,46,0,10,1,1,1,4,0,3,0,0,10,12,7,6,4,0
4,0,36,0,5,3,3,22,67,12,2,83,1,14,0,1,3,2,20,46,0,11,1,2,1,3,0,3,0,0,11,12,7,6,5,0
3,0,34,0,5,3,4,22,67,14,2,87,1,14,0,2,4,3,19,45,0,11,1,2,2,3,0,3,1,0,11,12,7,7,5,0
3,0,31,0,5,3,4,20,67,15,2,90,2,14,0,3,5,5,19,43,1,11,3,2,3,3,0,4,1,0,11,12,7,6,4,0
2,0,29,0,6,3,5,20,66,16,3,94,3,15,0,4,5,6,19,41,1,11,3,3,4,4,0,4,2,0,11,12,7,6,4,1
2,0,27,0,6,3,5,19,64,16,2,97,3,13,0,4,6,6,18,39,1,11,3,3,5,4,0,5,2,0,11,12,6,6,4,0
3,0,27,0,5,3,6,18,62,16,3,100,3,12,0,4,6,7,17,38,1,11,3,3,6,3,0,5,2,0,11,12,6,7,3,0
3,0,25,0,6,4,6,17,61,17,3,103,2,11,0,5,6,8,17,36,1,11,3,3,6,4,1,5,3,0,11,12,6,7,4,1
4,0,23,0,5,3,5,16,58,16,1,105,0,8,0,4,5,7,16,34,0,10,3,2,5,3,0,5,3,0,11,12,6,7,4,0
4,0,21,0,3,1,4,14,55,15,1,108,0,7,0,3,4,6,15,33,0,10,2,1,5,2,0,4,3,0,10,12,5,7,4,0
5,0,19,0,2,0,3,12,53,14,0,112,0,6,0,2,3,5,13,31,0,8,1,1,4,1,0,4,4,0,11,12,5,7,4,0
5,0,18,0,1,0,2,11,51,13,0,115,0,5,0,2,3,4,12,29,0,7,0,0,4,1,0,5,4,0,11,11,4,7,4,0
4,0,17,0,1,0,3,10,51,13,0,118,0,5,0,3,3,3,13,29,1,8,0,0,5,1,0,5,4,0,11,11,4,7,4,0
3,0,17,0,1,0,3,10,50,14,0,120,1,5,0,3,3,4,13,30,3,7,0,1,5,1,0,5,4,0,11,11,4,7,4,0
3,0,16,0,2,0,4,11,51,14,0,122,3,5,2,3,3,4,12,30,6,7,1,1,6,2,1,5,4,0,12,11,3,7,4,0
2,0,15,0,2,0,4,10,52,14,0,122,2,4,5,3,3,4,12,31,8,8,2,1,6,2,3,5,4,0,12,10,3,7,4,0
3,0,15,0,2,0,4,10,52,14,0,120,2,3,7,4,4,4,12,32,10,8,2,2,6,2,4,6,4,0,12,10,3,7,4,0
4,0,14,0,2,0,5,10,54,13,0,119,2,2,9,4,4,4,12,33,12,9,3,2,7,2,5,6,4,0,12,10,3,7,5,0
4,0,14,0,2,0,5,11,55,13,0,117,2,1,10,4,4,4,12,35,13,10,3,2,7,1,5,6,4,0,13,10,4,7,5,0
5,0,15,0,2,0,5,11,55,14,0,117,3,0,12,4,4,4,12,37,12,10,2,0,6,1,4,6,4,0,13,10,4,7,5,0
5,0,16,0,3,0,6,11,55,13,0,116,4,1,13,5,4,4,12,39,12,10,2,0,6,1,3,7,4,0,13,10,5,7,5,0
6,1,18,0,3,0,7,11,54,13,0,115,5,1,14,4,4,4,12,41,11,10,0,0,4,0,2,6,3,0,12,8,4,6,4,0
5,0,20,0,4,0,7,11,52,12,0,114,6,1,14,5,4,3,12,44,11,9,0,0,3,0,1,6,2,0,11,7,3,5,3,0
4,0,23,0,4,0,7,11,50,11,0,112,6,0,13,4,3,3,10,46,9,8,0,0,2,0,0,3,0,0,8,4,1,3,1,0
2,0,25,0,2,0,6,9,47,10,0,110,6,0,11,2,0,0,7,45,6,5,0,0,0,0,0,0,0,0,5,0,0,0,0,0
1,0,28,0,1,0,5,9,43,9,0,107,5,0,8,0,0,0,5,44,5,4,0,0,1,0,0,0,0,0,3,0,0,0,0,0
0,0,32,0,1,0,4,8,40,8,0,103,3,0,5,0,0,0,1,40,1,1,0,0,2,0,0,0,0,0,0,0,0,0,0,0
0,0,35,0,0,0,2,6,35,6,0,99,0,0,2,0,0,0,0,36,0,0,0,0,4,0,0,0,0,0,0,0,0,0,0,0
0,0,38,0,0,0,1,6,33,5,0,95,0,0,0,0,0,0,0,33,0,0,0,0,10,0,0,0,0,0,0,0,0,0,0,0
0,0,42,0,0,0,1,6,30,3,0,90,0,0,0,0,0,0,0,29,0,0,0,0,15,0,0,0,0,0,0,0,0,0,0,0
0,0,45,0,0,0,0,6,28,2,0,85,0,0,0,0,0,0,0,28,0,0,0,0,21,0,0,0,0,0,0,0,0,0,0,0
0,0,47,0,0,0,1,6,28,3,0,82,0,0,0,0,0,0,0,28,0,0,0,0,26,0,0,0,0,0,0,0,0,0,0,0
0,0,49,0,0,0,1,8,27,3,0,78,0,0,0,0,0,0,0,30,0,0,0,0,30,0,0,0,0,0,0,0,0,0,0,0
0,0,51,0,0,0,2,10,26,4,0,76,1,0,0,0,0,0,0,32,0,0,0,0,32,0,0,0,0,0,0,0,0,0,0,0
0,0,53,0,0,0,2,11,25,4,0,74,1,0,0,0,0,0,0,36,0,1,0,0,33,0,0,0,0,0,0,0,0,0,0,0
0,0,53,0,0,0,1,11,23,4,0,70,0,0,0,0,0,0,0,40,0,0,0,0,32,0,0,0,0,0,0,0,0,0,0,0
0,0,53,0,0,0,0,11,21,3,0,67,0,0,0,0,0,0,0,45,0,0,0,0,30,0,0,0,0,0,0,0,0,0,0,0
0,0,52,0,0,0,0,11,19,3,0,64,0,0,0,0,0,0,0,49,0,0,0,0,29,0,0,0,0,0,0,0,0,0,0,0
0,0,50,0,0,0,0,11,18,1,0,61,0,0,0,0,0,0,0,52,0,0,0,0,27,0,0,0,0,0,0,0,0,0,0,0
