0,0,0,0,0,0,0,0,75,10,9,29,0,1,40,26,16,26,12,0,35,0,0,4,0,0,65,66,57,58,0,0,0,0,0,0
0,0,0,0,0,0,0,0,76,10,9,30,0,1,41,26,16,27,12,0,35,0,0,4,0,0,59,60,52,53,0,0,0,0,0,0
0,0,0,0,0,0,0,0,77,11,9,30,0,1,41,27,16,28,13,0,36,0,0,4,0,0,53,55,47,49,0,0,0,0,0,0
0,0,0,0,0,0,0,0,79,12,10,31,0,1,43,28,18,28,13,0,36,0,0,5,0,0,48,50,43,44,0,0,0,0,0,0
0,0,0,0,0,0,0,0,81,12,10,32,0,1,44,28,18,30,14,0,36,0,0,5,0,0,43,45,39,40,0,0,0,0,0,0
0,0,0,0,0,0,0,0,83,14,12,34,0,1,46,29,18,30,15,0,37,0,0,5,0,0,39,41,36,37,0,0,0,0,0,0
0,0,0,0,0,0,0,0,86,15,13,35,0,1,48,30,19,31,15,1,37,0,0,6,0,0,35,37,33,34,0,0,0,0,0,0
0,0,0,0,0,0,0,0,89,17,14,36,0,1,49,30,20,32,15,1,37,0,0,6,0,0,31,33,30,31,0,0,0,0,0,0
0,0,0,0,0,0,0,0,91,18,16,37,0,2,50,32,22,33,15,1,37,0,0,6,0,0,27,30,27,29,0,0,0,0,0,0
0,0,0,0,0,0,0,0,92,19,17,39,0,3,51,33,23,35,16,1,37,0,0,6,0,0,24,27,24,26,0,0,0,0,0,0
0,0,0,0,0,0,0,0,94,19,17,39,0,3,52,33,23,35,16,1,37,0,0,6,0,0,21,25,22,24,0,0,0,0,0,0
0,0,0,0,0,0,0,0,95,19,17,39,0,3,53,35,25,36,17,2,37,0,0,6,0,0,18,22,19,21,0,0,0,0,0,0
0,0,0,0,0,0,0,0,96,19,17,39,0,3,53,35,25,36,17,2,37,0,0,6,0,0,15,19,18,19,0,0,0,0,0,0
0,0,0,0,0,0,0,0,96,19,17,39,0,3,53,35,25,35,18,2,38,0,0,6,0,0,13,17,16,17,0,0,0,0,0,0
0,0,0,0,0,0,0,0,97,19,17,38,0,3,53,35,25,35,18,2,38,0,0,6,0,0,11,15,14,15,0,0,0,0,0,0
0,0,0,0,0,0,0,0,97,19,17,38,0,3,53,35,25,35,18,2,38,0,0,6,0,0,9,13,13,13,0,0,0,0,0,0
0,0,0,0,0,0,0,0,97,19,17,38,0,3,53,34,25,34,18,2,38,0,0,6,0,0,8,12,11,12,0,0,0,0,0,0
0,0,0,0,0,0,0,0,98,21,19,39,1,3,54,36,26,35,18,2,38,0,0,6,0,0,6,10,9,10,0,0,0,0,0,0
0,0,0,0,0,0,0,0,99,21,19,39,1,3,54,36,26,35,18,2,38,0,0,6,0,0,5,9,8,9,0,0,0,0,0,0
0,0,0,0,0,0,0,0,99,21,19,39,1,3,54,36,26,35,18,2,38,0,0,6,0,0,3,7,7,8,0,0,0,0,0,0
0,0,0,0,0,0,0,0,99,21,19,39,1,3,54,36,26,35,18,2,38,0,0,6,0,0,2,6,5,6,0,0,0,0,0,0
0,0,0,0,0,0,0,0,99,21,19,38,1,3,54,35,26,34,18,2,38,0,0,6,0,0,0,4,4,5,0,0,0,0,0,0
0,0,0,0,0,0,0,0,99,21,18,38,1,3,53,35,26,34,19,2,38,0,0,6,0,0,0,3,3,3,0,0,0,0,0,0
0,0,0,0,0,0,0,0,98,21,18,38,1,3,53,35,26,34,19,2,38,0,0,5,0,0,0,2,2,2,0,0,0,0,0,0
0,0,0,0,0,0,0,0,97,21,18,37,1,3,53,35,26,33,19,2,38,0,0,5,0,0,0,1,1,1,0,0,0,0,0,0
0,0,0,0,0,0,0,0,97,21,18,37,1,3,53,35,26,33,20,2,38,0,0,5,0,0,0,0,1,0,0,0,0,0,0,0
0,0,0,0,0,0,0,0,97,20,18,37,1,4,53,35,26,32,20,2,39,0,0,5,0,0,0,0,1,0,0,0,0,0,0,0
0,0,0,0,0,0,0,0,96,20,18,37,1,4,53,35,26,32,20,2,39,0,0,5,0,0,0,0,0,0,0,0,0,0,0,0
0,0,0,0,0,0,0,0,96,20,18,37,1,4,53,35,26,32,20,2,39,0,0,5,0,0,0,0,0,0,0,0,0,0,0,0
0,0,0,0,0,0,0,0,96,20,18,37,1,4,53,35,26,32,20,2,39,0,0,6,0,0,0,0,0,0,0,0,0,0,0,0
0,0,0,0,0,0,0,0,95,20,18,37,1,4,53,35,26,33,20,2,39,0,0,6,0,0,0,0,0,0,0,0,0,0,0,0
0,0,0,0,0,0,0,0,95,20,18,37,1,4,53,35,26,33,21,3,39,0,0,6,0,0,0,0,0,0,0,0,0,0,0,0
0,0,0,0,0,0,0,0,95,20,18,37,1,4,52,35,26,33,21,3,39,0,0,7,0,0,0,0,0,0,0,0,0,0,0,0
0,0,0,0,0,0,0,0,94,20,18,37,1,4,52,35,26,33,21,3,39,0,0,7,0,0,0,0,0,0,0,0,0,0,0,0
0,0,0,0,0,0,0,0,94,20,18,37,1,4,52,36,27,35,22,3,39,0,0,7,0,0,0,0,0,0,0,0,0,0,0,0
0,0,0,0,0,0,0,0,95,22,20,38,1,4,53,36,27,35,22,2,39,0,0,7,0,0,0,0,0,0,0,0,0,0,0,0
0,0,0,0,0,0,0,0,96,22,20,38,1,4,54,38,28,36,22,2,39,0,0,7,0,0,0,0,0,0,0,0,0,0,0,0
0,0,0,0,0,0,0,0,96,22,20,38,1,4,54,38,28,36,22,2,40,0,0,7,0,0,0,0,0,0,0,0,0,0,0,0
0,0,0,0,0,0,0,0,96,22,20,38,1,4,54,38,28,36,22,2,40,0,0,7,0,0,0,0,0,0,0,0,0,0,0,0
0,0,0,0,0,0,0,0,96,22,20,38,1,4,54,38,28,36,23,2,40,0,0,8,0,0,0,0,0,0,0,0,0,0,0,0
0,0,0,0,0,0,0,0,97,23,20,38,1,4,54,38,29,37,23,2,40,0,0,8,0,0,0,0,0,0,0,0,0,0,0,0
0,0,0,0,0,0,0,0,98,24,21,39,1,4,54,38,30,37,23,2,40,0,0,8,0,0,0,0,0,0,0,0,0,0,0,0
0,0,0,0,0,0,0,0,98,24,22,39,1,4,55,39,30,38,23,2,40,0,0,8,0,0,0,0,0,0,0,0,0,0,0,0
0,0,0,0,0,0,0,0,99,24,22,39,1,5,56,39,30,38,23,2,40,0,0,8,0,0,0,0,0,0,0,0,0,0,0,0
0,0,0,0,0,0,0,0,99,24,22,39,1,5,56,39,30,38,23,2,40,0,0,8,0,0,0,0,0,0,0,0,0,0,0,0
0,0,0,0,0,0,0,0,99,23,22,39,2,5,55,38,29,38,23,2,40,0,0,8,0,0,0,0,0,0,0,0,0,0,0,0
0,0,0,0,0,0,0,0,99,23,21,39,2,5,55,38,29,38,23,2,40,0,0,8,0,0,0,0,0,0,0,0,0,0,0,0
0,0,0,0,0,0,0,0,99,22,21,39,2,5,55,38,29,38,23,2,40,0,0,8,0,0,0,0,0,0,0,0,0,0,0,0
0,0,0,0,0,0,0,0,99,22,21,39,2,5,54,38,29,38,23,2,40,0,0,8,0,0,0,0,0,0,0,0,0,0,0,0
0,0,0,0,0,0,0,0,99,21,20,39,2,5,54,38,28,38,23,2,40,0,0,9,0,0,0,0,0,0,0,0,0,0,0,0
0,0,0,0,0,0,0,0,99,20,19,39,2,5,53,37,28,38,23,2,40,0,0,9,0,0,0,0,0,0,0,0,0,0,0,0
0,0,0,0,0,0,0,0,99,20,19,39,2,5,53,37,28,38,23,2,40,0,1,9,0,0,0,0,0,0,0,0,0,0,0,0
0,0,0,0,0,0,0,0,99,20,19,39,2,5,53,37,28,38,24,3,40,0,1,10,0,0,0,0,0,0,0,0,0,0,0,0
0,0,0,0,0,0,0,0,99,20,19,39,2,5,53,37,28,38,24,3,40,0,1,10,0,0,0,0,0,0,0,0,0,0,0,0
0,0,0,0,0,0,0,0,99,20,19,39,2,5,53,36,28,38,24,3,40,0,1,10,0,0,0,0,0,0,0,0,0,0,0,0
0,0,0,0,0,0,0,0,99,20,19,39,2,5,53,36,28,38,24,3,40,0,1,10,0,0,0,0,0,0,0,0,0,0,0,0
0,0,0,0,0,0,0,0,99,19,19,39,2,5,53,36,27,38,24,3,40,0,1,10,0,0,0,0,0,0,0,0,0,0,0,0
0,0,0,0,0,0,0,0,99,19,19,39,2,5,53,36,27,38,24,3,41,0,1,10,0,0,0,0,0,0,0,0,0,0,0,0
0,0,0,0,0,0,0,0,99,19,19,38,2,5,53,36,27,38,24,3,41,0,2,10,0,0,0,0,0,0,0,0,0,0,0,0
0,0,0,0,0,0,0,0,99,19,19,38,2,5,53,36,27,38,24,3,41,0,2,10,0,0,0,0,0,0,0,0,0,0,0,0
0,0,0,0,0,0,0,0,99,19,19,38,2,5,53,36,27,37,24,3,41,1,2,10,0,0,0,0,0,0,0,0,0,0,0,0
0,0,0,0,0,0,0,0,98,19,19,37,2,5,53,36,27,37,24,3,41,1,2,10,0,0,0,0,0,0,0,0,0,0,0,0
0,0,0,0,0,0,0,0,98,19,19,37,2,5,53,36,27,37,24,3,41,1,2,10,0,0,0,0,0,0,0,0,0,0,0,0
0,0,0,0,0,0,0,0,97,19,19,37,2,5,53,36,27,36,24,3,41,1,2,10,0,0,0,0,0,0,0,0,0,0,0,0
0,0,0,0,0,0,0,0,96,19,19,37,2,5,53,36,27,36,24,3,41,1,2,11,0,0,0,0,0,0,0,0,0,0,0,0
0,0,0,0,0,0,0,0,95,19,19,37,2,5,52,36,27,36,24,3,41,1,2,11,0,0,0,0,0,0,0,0,0,0,0,0
0,0,0,0,0,0,0,0,94,18,19,37,2,5,52,36,27,36,24,3,41,2,2,11,0,0,0,0,0,0,0,0,0,0,0,0
0,0,0,0,0,0,0,0,94,18,18,36,2,5,52,36,27,36,24,3,41,2,3,12,0,0,0,0,0,0,0,0,0,0,0,0
0,0,0,0,0,0,0,0,94,18,18,36,3,5,52,36,27,36,24,3,41,2,3,12,0,0,0,0,0,0,0,0,0,0,0,0
0,0,0,0,0,0,0,0,94,18,18,36,3,5,52,36,27,36,24,3,41,2,3,12,0,0,0,0,0,0,0,0,0,0,0,0
0,0,0,0,0,0,0,0,94,18,18,36,3,5,52,36,27,36,24,3,41,2,3,12,0,0,0,0,0,0,0,0,0,0,0,0
0,0,0,0,0,0,0,0,94,18,18,35,2,5,51,36,27,36,24,3,41,2,3,12,0,0,0,0,0,0,0,0,0,0,0,0
0,0,0,0,0,0,0,0,93,18,18,35,2,4,51,36,27,36,24,3,41,3,3,12,0,0,0,0,0,0,0,0,0,0,0,0
0,0,0,0,0,0,0,0,93,18,18,34,2,4,51,36,27,36,24,3,41,3,3,12,0,0,0,0,0,0,0,0,0,0,0,0
0,0,0,0,0,0,0,0,92,18,17,34,2,5,51,36,27,36,24,3,41,3,3,12,0,0,0,0,0,0,0,0,0,0,0,0
0,0,0,0,0,0,0,0,91,17,17,34,2,5,50,36,27,36,24,3,41,3,3,12,0,0,0,0,0,0,0,0,0,0,0,0
0,0,0,0,0,0,0,0,90,17,17,34,2,5,50,35,27,36,24,3,41,3,3,12,0,0,0,0,0,0,0,0,0,0,0,0
0,0,0,0,0,0,0,0,90,17,17,34,2,5,50,35,27,36,24,3,41,3,3,12,0,0,0,0,0,0,0,0,0,0,0,0
0,0,0,0,0,0,0,0,89,17,17,34,2,4,49,35,27,35,24,3,41,3,3,12,0,0,0,0,0,0,0,0,0,0,0,0
0,0,0,0,0,0,0,0,89,17,17,34,1,5,49,35,27,35,24,3,41,3,3,12,0,0,0,0,0,0,0,0,0,0,0,0
0,0,0,0,0,0,0,0,89,17,17,35,1,5,49,35,27,35,24,3,41,3,3,13,0,0,0,0,0,0,0,0,0,0,0,0
0,0,0,0,0,0,0,0,89,17,17,35,1,5,49,35,27,35,24,3,41,3,3,13,0,0,0,0,0,0,0,0,0,0,0,0
0,0,0,0,0,0,0,0,88,17,17,35,1,5,49,35,27,36,24,3,41,3,3,13,0,0,0,0,0,0,0,0,0,0,0,0
0,0,0,0,0,0,0,0,88,17,17,35,1,5,48,35,27,36,24,3,41,3,3,14,0,0,0,0,0,0,0,0,0,0,0,0
0,0,0,0,0,0,0,0,87,17,17,35,1,6,48,35,26,36,24,3,42,4,4,14,0,0,0,0,0,0,0,0,0,0,0,0
0,0,0,0,0,0,0,0,86,17,17,35,2,6,48,35,26,36,24,3,42,4,4,15,0,0,0,0,0,0,0,0,0,0,0,0
0,0,0,0,0,0,0,0,86,17,17,35,2,6,47,34,26,36,24,3,42,4,4,15,0,0,0,0,0,0,0,0,0,0,0,0
0,0,0,0,0,0,0,0,84,17,17,35,1,6,47,34,26,37,24,3,42,5,4,15,0,0,0,0,0,0,0,0,0,0,0,0
0,0,0,0,0,0,0,0,84,17,17,35,1,6,47,34,26,37,24,3,41,5,4,16,0,0,0,0,0,0,0,0,0,0,0,0
0,0,0,0,0,0,0,0,83,17,17,35,1,6,47,34,26,37,24,3,41,5,4,16,0,0,0,0,0,0,0,0,0,0,0,0
0,0,0,0,0,0,0,0,83,17,17,35,1,6,47,34,26,37,24,3,41,5,5,16,0,0,0,0,0,0,0,0,0,0,0,0
0,0,0,0,0,0,0,0,83,17,17,35,2,6,47,34,26,37,24,3,41,5,5,16,0,0,0,0,0,0,0,0,0,0,0,0
0,0,0,0,0,0,0,0,82,17,17,35,2,5,47,34,26,37,24,3,41,5,5,16,0,0,0,0,0,0,0,0,0,0,0,0
0,0,0,0,0,0,0,0,82,17,17,35,2,5,47,34,26,37,25,3,41,5,5,16,0,0,0,0,0,0,0,0,0,0,0,0
0,0,0,0,0,0,0,0,82,17,17,35,2,5,47,34,26,38,25,3,41,5,5,17,0,0,0,0,0,0,0,0,0,0,0,0
0,0,0,0,0,0,0,0,82,17,17,35,1,5,47,34,26,38,25,3,41,5,5,17,0,0,0,0,0,0,0,0,0,0,0,0
0,0,0,0,0,0,0,0,82,17,17,36,1,6,47,34,26,38,25,3,41,5,5,17,0,0,0,0,0,0,0,0,0,0,0,0
0,0,0,0,0,0,0,0,82,17,17,36,1,5,47,34,26,38,25,3,41,5,5,17,0,0,0,0,0,0,0,0,0,0,0,0
0,0,0,0,0,0,0,0,82,17,17,36,1,5,47,34,26,38,25,3,41,5,5,17,0,0,0,0,0,0,0,0,0,0,0,0
0,0,0,0,0,0,0,0,82,17,17,36,1,6,47,34,26,38,25,3,41,5,5,17,0,0,0,0,0,0,0,0,0,0,0,0
0,0,0,0,0,0,0,0,82,17,17,36,1,6,47,34,26,38,25,3,41,5,5,17,0,0,0,0,0,0,0,0,0,0,0,0
0,0,0,0,0,0,0,0,82,17,16,36,1,6,47,34,26,38,26,3,41,5,5,17,0,0,0,0,0,0,0,0,0,0,0,0
0,0,0,0,0,0,0,0,83,17,16,36,1,7,47,34,26,38,26,4,41,5,5,18,0,0,0,0,0,0,0,0,0,0,0,0
0,0,0,0,0,0,0,0,83,17,16,36,1,7,47,34,26,38,26,4,41,5,5,18,0,0,0,0,0,0,0,0,0,0,0,0
0,0,0,0,0,0,0,0,83,17,16,36,2,7,47,34,26,38,26,4,41,5,5,18,0,0,0,0,0,0,0,0,0,0,0,0
0,0,0,0,0,0,0,0,83,17,16,36,2,7,47,34,26,38,26,4,42,5,5,18,0,0,0,0,0,0,0,0,0,0,0,0
0,0,0,0,0,0,0,0,83,17,16,35,2,7,47,34,26,38,26,4,42,5,5,18,0,0,0,0,0,0,0,0,0,0,0,0
0,0,0,0,0,0,0,0,83,17,16,35,2,7,47,34,26,38,26,4,42,5,5,18,0,0,0,0,0,0,0,0,0,0,0,0
0,0,0,0,0,0,0,0,83,17,16,35,2,7,47,34,26,37,26,4,42,5,6,18,0,0,0,0,0,0,0,0,0,0,0,0
0,0,0,0,0,0,0,0,83,17,16,35,2,7,47,34,26,37,26,4,42,5,6,18,0,0,0,0,0,0,0,0,0,0,0,0
0,0,0,0,0,0,0,0,83,17,16,35,2,6,47,34,26,37,26,4,42,5,6,18,0,0,0,0,0,0,0,0,0,0,0,0
0,0,0,0,0,0,0,0,83,17,16,35,2,6,47,34,26,37,26,4,42,5,6,18,0,0,0,0,0,0,0,0,0,0,0,0
0,0,0,0,0,0,0,0,84,17,16,35,2,6,47,34,26,37,26,4,42,5,6,18,0,0,0,0,0,0,0,0,0,0,0,0
0,0,0,0,0,0,0,0,84,17,16,35,2,6,47,34,26,37,26,4,42,6,6,18,0,0,0,0,0,0,0,0,0,0,0,0
0,0,0,0,0,0,0,0,84,17,16,35,2,6,47,34,26,37,26,4,42,6,6,18,0,0,0,0,0,0,0,0,0,0,0,0
0,0,0,0,0,0,0,0,84,17,16,35,2,7,47,34,26,37,26,5,43,6,6,18,0,0,0,0,0,0,0,0,0,0,0,0
0,0,0,0,0,0,0,0,84,17,16,35,2,7,47,34,26,37,26,5,43,6,6,18,0,0,0,0,0,0,0,0,0,0,0,0
0,0,0,0,0,0,0,0,84,17,16,35,2,7,47,34,26,37,26,5,43,6,6,18,0,0,0,0,0,0,0,0,0,0,0,0
0,0,0,0,0,0,0,0,84,17,16,35,2,7,47,34,26,37,26,5,43,6,6,18,0,0,0,0,0,0,0,0,0,0,0,0
0,0,0,0,0,0,0,0,85,17,16,35,2,7,47,34,26,37,26,5,43,6,6,18,0,0,0,0,0,0,0,0,0,0,0,0
0,0,0,0,0,0,0,0,86,17,16,35,2,7,48,34,26,37,26,5,43,6,6,18,0,0,0,0,0,0,0,0,0,0,0,0
0,0,0,0,0,0,0,0,86,17,16,35,2,7,48,34,26,37,26,5,43,6,6,18,0,0,0,0,0,0,0,0,0,0,0,0
0,0,0,0,0,0,0,0,87,17,16,35,2,7,48,34,26,37,26,6,44,6,6,18,0,0,0,0,0,0,0,0,0,0,0,0
0,0,0,0,0,0,0,0,87,17,16,35,2,7,48,34,26,37,26,6,44,6,6,18,0,0,0,0,0,0,0,0,0,0,0,0
0,0,0,0,0,0,0,0,87,16,16,35,2,7,49,34,26,37,26,6,44,6,6,18,0,0,0,0,0,0,0,0,0,0,0,0
0,0,0,0,0,0,0,0,88,16,16,35,2,7,49,34,26,37,26,6,44,6,6,18,0,0,0,0,0,0,0,0,0,0,0,0
0,0,0,0,0,0,0,0,89,16,16,35,2,7,49,34,26,38,26,6,44,7,6,18,0,0,0,0,0,0,0,0,0,0,0,0
0,0,0,0,0,0,0,0,89,16,16,35,2,7,50,34,26,38,25,6,44,7,6,18,0,0,0,0,0,0,0,0,0,0,0,0
0,0,0,0,0,0,0,0,89,16,16,35,2,7,50,34,26,38,25,6,44,7,6,18,0,0,0,0,0,0,0,0,0,0,0,0
0,0,0,0,0,0,0,0,89,16,15,35,2,7,50,34,26,38,25,6,44,7,6,18,0,0,0,0,0,0,0,0,0,0,0,0
0,0,0,0,0,0,0,0,89,16,15,35,2,7,50,34,26,38,25,6,44,7,7,18,0,0,0,0,0,0,0,0,0,0,0,0
0,0,0,0,0,0,0,0,89,15,15,35,2,7,50,34,26,38,25,6,45,7,6,18,0,0,0,0,0,0,0,0,0,0,0,0
0,0,0,0,0,0,0,0,89,15,15,35,3,7,50,34,26,38,25,6,45,7,6,18,0,0,0,0,0,0,0,0,0,0,0,0
0,0,0,0,0,0,0,0,89,15,15,35,3,7,50,34,26,38,26,6,45,7,6,18,0,0,0,0,0,0,0,0,0,0,0,0
0,0,0,0,0,0,0,0,89,15,15,35,3,7,50,34,25,38,26,6,45,7,6,19,0,0,0,0,0,0,0,0,0,0,0,0
0,0,0,0,0,0,0,0,89,15,15,35,3,7,50,34,25,38,26,6,46,7,6,19,0,0,0,0,0,0,0,0,0,0,0,0
0,0,0,0,0,0,0,0,89,15,15,35,3,7,50,34,25,38,26,6,46,7,6,19,0,0,0,0,0,0,0,0,0,0,0,0
0,0,0,0,0,0,0,0,90,15,15,35,3,7,50,34,25,38,26,6,46,7,6,19,0,0,0,0,0,0,0,0,0,0,0,0
0,0,0,0,0,0,0,0,90,15,15,35,2,7,50,34,25,38,26,6,46,7,6,19,0,0,0,0,0,0,0,0,0,0,0,0
0,0,0,0,0,0,0,0,89,14,15,35,2,7,50,34,25,38,26,6,46,7,6,19,0,0,0,0,0,0,0,0,0,0,0,0
0,0,0,0,0,0,0,0,89,14,15,35,2,7,50,34,25,38,26,6,46,7,6,19,0,0,0,0,0,0,0,0,0,0,0,0
0,0,0,0,0,0,0,0,89,14,15,35,2,7,50,34,25,38,26,6,46,7,6,19,0,0,0,0,0,0,0,0,0,0,0,0
0,0,0,0,0,0,0,0,88,14,15,35,2,7,50,34,25,38,26,6,46,7,6,19,0,0,0,0,0,0,0,0,0,0,0,0
0,0,0,0,0,0,0,0,88,14,15,35,2,7,50,34,25,38,25,6,46,7,6,19,0,0,0,0,0,0,0,0,0,0,0,0
0,0,0,0,0,0,0,0,88,14,15,35,2,7,50,34,25,37,25,6,46,7,6,18,0,0,0,0,0,0,0,0,0,0,0,0
0,0,0,0,0,0,0,0,88,14,15,34,2,7,50,34,25,37,25,6,46,7,6,18,0,0,0,0,0,0,0,0,0,0,0,0
0,0,0,0,0,0,0,0,88,14,15,34,2,7,50,34,25,36,25,6,46,8,6,18,0,0,0,0,0,0,0,0,0,0,0,0
0,0,0,0,0,0,0,0,88,14,15,33,2,6,50,34,25,36,25,6,46,8,6,18,0,0,0,0,0,0,0,0,0,0,0,0
0,0,0,0,0,0,0,0,88,14,15,33,2,6,50,33,25,36,24,6,46,8,6,18,0,0,0,0,0,0,0,0,0,0,0,0
0,0,0,0,0,0,0,0,88,14,15,33,2,6,50,33,25,36,24,6,46,7,6,18,0,0,0,0,0,0,0,0,0,0,0,0
0,0,0,0,0,0,0,0,87,14,15,33,2,6,50,33,25,35,24,6,46,7,6,18,0,0,0,0,0,0,0,0,0,0,0,0
0,0,0,0,0,0,0,0,87,14,15,33,2,6,50,33,25,35,24,6,46,7,6,18,0,0,0,0,0,0,0,0,0,0,0,0
0,0,0,0,0,0,0,0,87,14,15,33,2,6,50,33,25,35,24,6,46,7,6,17,0,0,0,0,0,0,0,0,0,0,0,0
0,0,0,0,0,0,0,0,87,14,15,33,2,6,49,33,25,35,24,6,46,7,6,17,0,0,0,0,0,0,0,0,0,0,0,0
0,0,0,0,0,0,0,0,87,14,15,33,2,6,49,33,25,35,24,6,46,7,6,17,0,0,0,0,0,0,0,0,0,0,0,0
0,0,0,0,0,0,0,0,87,14,15,33,2,6,49,33,25,35,24,6,46,7,6,17,0,0,0,0,0,0,0,0,0,0,0,0
0,0,0,0,0,0,0,0,87,14,15,33,2,7,49,33,25,34,24,6,46,7,6,17,0,0,0,0,0,0,0,0,0,0,0,0
0,0,0,0,0,0,0,1,88,14,15,34,2,7,49,33,25,35,24,7,46,7,6,17,0,0,0,0,0,0,0,0,0,0,0,0
0,0,0,0,0,0,0,1,88,14,15,34,2,7,49,33,25,35,24,7,46,7,6,17,0,0,0,0,0,0,0,0,0,0,0,0
0,0,0,0,0,0,0,0,88,14,15,35,2,7,50,33,25,36,24,7,47,7,6,17,0,0,0,0,0,0,0,0,0,0,0,0
0,0,0,0,0,0,0,1,89,14,15,35,2,7,50,32,25,36,24,7,47,7,6,17,0,0,0,0,0,0,0,0,0,0,0,0
0,0,0,0,0,0,0,1,89,14,15,35,2,7,50,32,25,37,24,7,47,7,6,17,0,0,0,0,0,0,0,0,0,0,0,0
0,0,0,0,0,0,0,1,90,14,15,35,2,7,50,32,25,37,24,7,47,7,6,17,0,0,0,0,0,0,0,0,0,0,0,0
0,0,0,0,0,0,0,1,90,14,15,35,3,7,50,32,25,37,24,7,47,7,6,18,0,0,0,0,0,0,0,0,0,0,0,0
0,0,0,0,0,0,0,1,91,14,15,35,3,7,50,32,25,37,24,7,47,7,6,18,0,0,0,0,0,0,0,0,0,0,0,0
0,0,0,0,0,0,0,1,92,14,15,35,3,7,50,32,25,37,24,7,47,7,6,18,0,0,0,0,0,0,0,0,0,0,0,0
0,0,0,0,0,0,0,1,92,14,15,35,3,7,50,32,25,37,24,7,47,8,6,18,0,0,0,0,0,0,0,0,0,0,0,0
0,0,0,0,0,0,0,1,93,14,15,35,3,7,50,32,25,37,24,7,47,8,6,18,0,0,0,0,0,0,0,0,0,0,0,0
0,0,0,0,0,0,0,1,93,14,15,35,3,7,50,32,25,37,24,7,47,8,6,18,0,0,0,0,0,0,0,0,0,0,0,0
0,0,0,0,0,0,0,1,94,14,15,35,3,8,50,33,25,38,25,7,47,8,6,18,0,0,0,0,0,0,0,0,0,0,0,0
0,0,0,0,0,0,0,1,94,14,15,36,3,8,50,33,25,38,25,7,47,8,6,18,0,0,0,0,0,0,0,0,0,0,0,0
0,0,0,0,0,0,0,1,95,14,15,36,3,8,50,33,25,38,25,7,47,8,6,18,0,0,0,0,0,0,0,0,0,0,0,0
0,0,0,0,0,0,0,1,95,14,15,36,2,8,50,33,25,38,25,7,47,8,6,18,0,0,0,0,0,0,0,0,0,0,0,0
0,0,0,0,0,0,0,1,95,14,15,36,3,8,50,33,24,38,26,7,47,8,6,18,0,0,0,0,0,0,0,0,0,0,0,0
0,0,0,0,0,0,0,1,96,14,15,36,3,8,50,33,24,38,26,7,47,8,6,18,0,0,0,0,0,0,0,0,0,0,0,0
0,0,0,0,0,0,0,1,96,14,15,36,3,8,50,33,25,38,26,8,47,8,6,18,0,0,0,0,0,0,0,0,0,0,0,0
0,0,0,0,0,0,0,1,96,14,15,36,3,8,50,33,25,38,26,8,47,8,6,18,0,0,0,0,0,0,0,0,0,0,0,0
0,0,0,0,0,0,0,1,96,14,15,36,3,8,50,33,25,39,26,8,47,8,6,18,0,0,0,0,0,0,0,0,0,0,0,0
0,0,0,0,0,0,0,1,96,14,15,36,3,8,50,33,25,39,26,8,47,8,6,18,0,0,0,0,0,0,0,0,0,0,0,0
0,0,0,0,0,0,0,1,96,14,15,36,3,8,50,33,25,39,26,8,47,8,6,18,0,0,0,0,0,0,0,0,0,0,0,0
0,0,0,0,0,0,0,1,96,14,15,36,3,8,50,33,25,39,26,8,47,8,6,18,0,0,0,0,0,0,0,0,0,0,0,0
0,0,0,0,0,0,0,1,96,14,15,37,3,8,50,33,25,39,26,8,47,8,6,18,0,0,0,0,0,0,0,0,0,0,0,0
0,0,0,0,0,0,0,1,96,14,15,37,3,9,50,33,26,39,26,8,47,8,7,19,0,0,0,0,0,0,0,0,0,0,0,0
0,0,0,0,0,0,0,1,96,14,15,37,3,9,50,33,26,39,26,8,47,8,7,19,0,0,0,0,0,0,0,0,0,0,0,0
0,0,0,0,0,0,0,2,96,14,15,37,3,9,50,33,26,39,26,8,47,8,7,19,0,0,0,0,0,0,0,0,0,0,0,0
0,0,0,0,0,0,0,2,95,14,15,37,4,9,50,33,26,39,26,8,47,9,7,19,0,0,0,0,0,0,0,0,0,0,0,0
0,0,0,0,0,0,0,2,95,14,15,38,4,8,50,33,26,39,26,8,47,9,7,19,0,0,0,0,0,0,0,0,0,0,0,0
0,0,0,0,0,0,0,2,95,14,15,38,4,8,50,33,26,39,26,8,47,9,7,19,0,0,0,0,0,0,0,0,0,0,0,0
0,0,0,0,0,0,0,2,95,14,15,38,4,8,50,33,26,39,26,8,47,9,7,19,0,0,0,0,0,0,0,0,0,0,0,0
0,0,0,0,0,0,0,2,94,14,15,38,4,8,50,33,26,39,26,8,47,9,7,19,0,0,0,0,0,0,0,0,0,0,0,0
0,0,0,0,0,0,0,2,93,14,15,38,4,8,50,33,26,39,26,8,47,9,7,19,0,0,0,0,0,0,0,0,0,0,0,0
0,0,0,0,0,0,0,2,93,14,15,38,4,8,50,33,26,39,26,8,47,9,7,19,0,0,0,0,0,0,0,0,0,0,0,0
0,0,0,0,0,0,0,2,92,14,15,38,4,8,50,33,25,39,26,8,47,9,7,19,0,0,0,0,0,0,0,0,0,0,0,0
0,0,0,0,0,0,0,2,91,14,15,38,4,8,50,33,25,39,26,8,47,9,7,19,0,0,0,1,1,2,0,0,0,0,0,0
0,0,0,0,0,0,0,2,91,14,15,37,4,8,50,32,24,38,26,8,46,7,6,17,0,0,3,9,8,9,0,0,0,0,0,0
0,0,0,0,0,0,0,2,89,12,14,36,4,8,49,30,22,37,25,8,45,6,5,16,0,0,13,18,17,19,0,0,0,0,0,0
0,0,0,0,0,0,0,2,88,12,12,35,4,8,47,29,20,36,25,7,43,5,3,15,0,0,22,28,27,29,0,0,0,0,0,0
0,0,0,0,0,0,0,1,86,11,11,34,3,8,46,28,19,35,25,7,43,3,3,14,0,0,31,36,35,37,0,0,0,0,0,0
0,0,0,0,0,0,0,1,84,9,10,33,3,7,44,27,18,34,25,7,41,3,2,13,0,0,39,44,42,45,0,0,0,0,0,0
0,0,0,0,0,0,0,1,83,8,9,33,3,7,43,26,17,33,25,7,40,2,2,13,0,0,46,51,49,51,0,0,0,0,0,0
0,0,0,0,0,0,0,0,82,8,9,33,2,7,41,25,17,33,25,7,39,1,1,12,0,0,53,58,55,57,0,0,0,0,0,0
0,0,0,0,0,0,0,0,81,7,8,32,2,6,40,25,16,32,25,6,39,0,0,12,0,0,59,64,61,63,0,0,0,0,0,0
0,0,0,0,0,0,0,0,79,7,8,32,2,6,38,24,15,31,25,6,37,0,0,12,0,0,65,69,66,69,0,0,0,0,0,0
0,0,0,0,0,0,0,0,78,6,7,32,2,6,37,23,15,31,24,6,37,0,0,11,1,0,71,74,71,74,0,0,0,0,0,0
0,0,0,0,0,0,0,0,77,5,7,31,1,6,37,23,14,30,24,5,36,0,0,11,1,0,76,79,75,79,0,0,0,0,0,0
0,0,0,0,0,0,0,0,76,5,6,31,1,5,36,22,14,30,24,5,35,0,0,11,1,0,81,83,79,83,0,0,0,0,0,0
0,0,0,0,0,0,0,0,75,5,5,31,1,5,35,22,14,30,24,5,35,0,0,11,1,0,85,88,83,88,0,0,0,0,0,0
0,0,0,0,0,0,0,0,74,5,5,31,1,5,35,22,14,30,24,5,35,0,0,10,1,0,89,91,87,91,0,0,0,0,0,0
0,0,0,0,0,0,0,0,74,4,5,31,1,4,34,21,14,29,24,5,34,0,0,10,1,0,92,94,90,94,0,0,0,0,0,0
0,0,0,0,0,0,0,0,73,4,4,30,1,4,34,20,14,29,23,5,33,0,0,10,1,0,95,97,93,97,0,0,0,0,0,0
0,0,0,0,0,0,0,0,72,4,4,30,1,4,34,20,13,29,23,5,33,0,0,10,1,0,98,100,96,100,0,0,0,0,0,0
0,0,0,0,0,0,0,0,71,3,4,29,1,4,33,20,13,29,22,5,33,0,0,10,1,0,101,103,99,103,0,0,0,0,0,0
0,0,0,0,0,0,0,0,71,3,3,29,0,4,32,20,13,29,22,5,33,0,0,10,1,1,104,106,102,106,0,0,0,0,0,0
0,0,0,0,0,0,0,0,71,3,3,29,0,4,32,19,13,28,22,5,32,0,0,10,1,1,107,108,104,108,0,0,0,0,0,0
0,0,0,0,0,0,0,0,69,3,3,28,0,4,32,19,13,27,22,5,32,0,0,9,1,1,110,110,106,110,0,0,0,0,0,0
0,0,0,0,0,0,0,0,69,3,3,27,0,4,32,19,13,27,22,5,31,0,0,9,1,1,112,112,109,112,0,0,0,0,0,0
0,0,0,0,0,0,0,0,69,3,3,27,0,4,31,19,13,26,22,5,31,0,0,9,1,1,114,114,111,113,0,0,0,0,0,0
0,0,0,0,0,0,0,0,69,3,3,27,0,4,31,19,13,26,22,5,31,0,0,9,1,1,116,116,112,115,0,0,0,0,0,0
0,0,0,0,0,0,0,0,68,2,2,26,0,4,31,18,13,26,22,5,31,0,0,8,1,1,117,117,114,116,0,0,0,0,0,0
0,0,0,0,0,0,0,0,67,2,2,26,0,4,31,18,13,25,22,5,31,0,0,7,1,1,119,119,116,118,0,0,0,0,0,0
0,0,0,0,0,0,0,0,66,2,2,26,0,4,30,18,13,25,22,5,31,0,0,7,1,1,120,120,117,119,0,0,0,0,0,0
0,0,0,0,0,0,0,0,65,2,2,25,0,4,30,18,13,25,22,5,31,0,0,7,2,2,121,121,118,120,0,0,0,0,0,0
0,0,0,0,0,0,0,0,64,2,2,25,0,4,29,18,13,25,22,5,31,0,0,7,2,2,122,122,120,121,0,0,0,0,0,0
0,0,0,0,0,0,0,0,64,2,2,25,0,4,29,18,13,25,22,5,31,0,0,7,2,2,123,123,121,123,0,0,0,0,0,0
0,0,0,0,0,0,0,0,63,2,2,24,0,4,28,18,13,25,22,5,30,0,0,7,2,2,124,124,121,123,0,0,0,0,0,0
0,0,0,0,0,0,0,0,62,2,2,24,0,4,28,18,13,25,21,5,30,0,0,7,2,2,124,125,122,123,0,0,0,0,0,0
0,0,0,0,0,0,0,0,62,2,2,24,0,4,28,18,13,25,21,5,30,0,0,7,2,2,125,125,122,123,0,0,0,0,0,0
0,0,0,0,0,0,0,0,62,2,2,24,0,4,28,18,13,24,21,5,30,0,0,6,2,2,125,126,123,123,0,0,0,0,0,0
0,0,0,0,0,0,0,0,62,2,2,23,0,4,28,18,13,23,21,5,29,0,0,6,2,2,126,127,123,123,0,0,0,0,0,0
0,0,0,0,0,0,0,0,61,2,2,23,0,5,28,18,13,23,22,5,29,0,0,5,2,2,126,127,124,123,0,0,0,0,0,0
0,0,0,0,0,0,0,0,61,2,2,23,0,5,28,18,13,23,22,5,28,0,0,5,2,3,126,128,124,123,0,0,0,0,0,0
0,0,0,0,0,0,0,0,61,2,2,23,0,5,27,18,12,22,22,5,28,0,0,5,2,3,127,128,125,124,0,0,0,0,0,0
0,0,0,0,0,0,0,0,61,2,2,22,1,5,27,18,12,22,22,4,28,0,0,5,2,3,127,128,125,124,0,0,0,0,0,0
0,0,0,0,0,0,0,0,61,2,2,22,1,5,27,18,12,22,22,4,28,0,0,5,2,3,128,128,125,124,0,0,0,0,0,0
0,0,0,0,0,0,0,0,61,2,2,22,1,5,27,18,12,22,22,4,28,0,0,5,3,3,128,128,125,125,0,0,0,0,0,0
0,0,0,0,0,0,0,0,61,2,2,22,0,5,27,18,12,20,22,4,28,0,0,4,3,3,128,128,126,125,0,0,0,0,0,0
0,0,0,0,0,0,0,0,61,2,2,22,0,4,27,18,12,20,22,4,28,0,0,4,3,4,128,128,126,125,0,0,0,0,0,0
0,0,0,0,0,0,0,0,61,2,2,21,0,4,27,18,12,20,22,4,28,0,0,4,3,4,128,129,126,126,0,0,0,0,0,0
0,0,0,0,0,0,0,0,61,2,2,22,0,4,27,18,12,20,23,4,28,0,0,4,3,4,128,129,127,127,0,0,0,0,0,0
0,0,0,0,0,0,0,0,61,2,2,22,0,4,26,17,12,21,23,4,27,0,0,4,3,4,128,129,127,127,0,0,0,0,0,0
0,0,0,0,0,0,0,0,61,2,2,22,0,4,26,17,12,21,22,4,27,0,0,4,3,4,128,129,127,128,0,0,0,0,0,0
0,0,0,0,0,0,0,0,61,2,2,22,0,4,26,17,12,21,22,4,27,0,0,5,3,4,128,130,127,128,0,0,0,0,0,0
0,0,0,0,0,0,0,0,61,2,2,22,0,4,26,17,12,21,22,4,27,0,0,4,3,4,128,130,127,128,0,0,0,0,0,0
0,0,0,0,0,0,0,0,61,2,2,22,0,4,26,17,12,21,22,4,27,0,0,4,3,4,128,130,127,129,0,0,0,0,0,0
0,0,0,0,0,0,0,0,61,2,2,23,0,5,26,17,12,22,22,4,27,0,0,4,3,4,128,131,127,129,0,0,0,0,0,0
0,0,0,0,0,0,0,0,61,2,2,23,0,5,26,17,12,22,22,4,27,0,0,4,3,4,128,131,127,130,0,0,0,0,0,0
0,0,0,0,0,0,0,0,61,2,2,23,0,5,26,17,12,22,22,4,27,0,0,4,3,4,128,131,127,130,0,0,0,0,0,0
0,0,0,0,0,0,0,0,61,2,2,23,0,5,26,17,12,22,23,4,27,0,0,4,3,4,128,131,127,130,0,0,0,0,0,0
0,0,0,0,0,0,0,0,61,1,2,23,0,5,26,17,12,23,23,4,26,0,0,4,4,4,129,131,128,130,0,0,0,0,0,0
0,0,0,0,0,0,0,0,61,1,2,23,0,5,26,17,12,23,23,4,26,0,0,4,4,4,129,131,128,130,0,0,0,0,0,0
0,0,0,0,0,0,0,0,61,1,1,23,0,5,26,17,11,23,23,4,26,0,0,4,4,4,129,131,128,130,0,0,0,0,0,0
0,0,0,0,0,0,0,0,61,1,1,23,0,5,26,17,11,23,23,4,26,0,0,4,4,4,129,131,128,130,0,0,0,0,0,0
0,0,0,0,0,0,0,0,61,1,1,23,0,5,26,17,11,23,24,4,27,0,0,4,4,4,129,131,128,130,0,0,0,0,0,0
0,0,0,0,0,0,0,0,61,1,1,23,0,5,26,17,11,23,24,4,27,0,0,4,4,4,129,130,128,130,0,0,0,0,0,0
0,0,0,0,0,0,0,0,61,1,1,23,0,5,26,17,11,22,24,4,27,0,0,4,4,4,129,130,128,130,0,0,0,0,0,0
0,0,0,0,0,0,0,0,61,1,1,22,0,5,26,16,11,21,24,4,27,0,0,4,4,4,129,130,128,130,0,0,0,0,0,0
0,0,0,0,0,0,0,0,61,1,1,22,0,5,26,16,10,21,24,4,26,0,0,3,4,4,129,130,128,130,0,0,0,0,0,0
0,0,0,0,0,0,0,0,61,1,2,22,0,4,26,16,10,21,24,4,26,0,0,3,4,4,129,130,128,130,0,0,0,0,0,0
0,0,0,0,0,0,0,0,61,1,2,22,0,4,26,15,10,19,24,4,26,0,0,3,4,4,129,130,128,129,0,0,0,0,0,0
0,0,0,0,0,0,0,0,61,1,2,22,0,4,26,15,10,19,24,4,26,0,0,3,4,4,129,131,128,129,0,0,0,0,0,0
0,0,0,0,0,0,0,0,62,1,2,22,0,4,26,15,10,19,24,4,26,0,0,3,5,4,129,131,128,129,0,0,0,0,0,0
0,0,0,0,0,0,0,0,62,1,2,22,0,4,26,16,10,19,24,4,26,0,0,3,5,4,129,131,128,129,0,0,0,0,0,0
0,0,0,0,0,0,0,0,63,1,2,23,0,4,26,16,10,19,24,4,26,0,0,3,5,4,129,131,128,129,0,0,0,0,0,0
0,0,0,0,0,0,0,0,64,1,2,23,1,4,26,16,10,19,24,4,26,0,0,3,5,4,129,131,128,129,0,0,0,0,0,0
0,0,0,0,0,0,0,0,65,2,3,24,1,5,28,17,11,20,24,4,27,0,0,4,5,4,126,129,126,127,0,0,0,0,0,0
0,0,0,0,0,0,0,0,66,3,3,25,1,5,28,17,11,22,25,4,27,0,0,4,5,4,121,124,121,122,0,0,0,0,0,0
0,0,0,0,0,0,0,0,67,4,4,26,1,5,29,19,13,23,25,4,28,0,0,5,4,3,114,116,114,115,0,0,0,0,0,0
0,0,0,0,0,0,0,0,69,5,5,27,2,5,31,20,14,25,25,4,28,0,0,7,4,3,106,110,108,108,0,0,0,0,0,0
0,0,0,0,0,0,0,0,71,6,6,28,2,5,32,22,16,26,25,4,29,0,0,7,4,3,103,105,104,104,0,0,0,0,0,0
0,0,0,0,0,0,0,0,73,7,6,28,2,5,33,22,16,26,25,4,29,1,0,7,4,3,99,102,101,101,0,0,0,0,0,0
0,0,0,0,0,0,0,0,74,8,7,28,2,6,34,24,17,27,25,4,30,1,0,8,4,3,99,102,102,100,0,0,0,0,0,0
0,0,0,0,0,0,0,0,75,8,7,28,2,6,35,25,18,27,25,4,31,1,0,8,4,3,96,99,99,97,0,0,0,0,0,0
0,0,0,0,0,0,0,0,77,9,8,30,2,6,37,26,20,28,25,4,32,2,0,8,4,3,91,95,94,92,0,0,0,0,0,0
0,0,0,0,0,0,0,1,79,11,9,31,2,6,39,29,22,29,25,4,32,3,1,9,3,3,86,90,90,87,0,0,0,0,0,0
0,0,0,0,0,0,0,2,80,12,11,32,2,6,41,30,23,31,25,5,33,3,1,9,3,2,79,82,83,80,0,0,0,0,0,0
0,0,0,0,0,0,0,2,83,14,11,33,2,6,43,32,24,32,25,5,34,4,1,10,3,2,72,76,76,73,0,0,0,0,0,0
0,0,0,0,0,0,0,2,86,15,13,34,3,6,45,33,25,33,26,5,35,4,2,10,3,2,67,70,71,68,0,0,0,0,0,0
0,0,0,0,0,0,0,2,88,17,14,35,3,7,46,34,25,33,26,5,36,4,2,10,2,2,61,64,65,62,0,0,0,0,0,0
0,0,0,0,0,0,0,2,90,18,15,36,3,7,47,35,26,34,26,5,36,4,2,10,2,2,55,59,60,57,0,0,0,0,0,0
0,0,0,0,0,0,0,2,92,19,16,36,3,7,48,36,26,34,26,6,37,5,2,10,2,1,50,54,56,53,0,0,0,0,0,0
0,0,0,0,0,0,0,2,93,19,16,36,3,7,48,36,26,34,26,6,37,5,2,10,2,1,46,50,51,48,0,0,0,0,0,0
0,0,0,0,0,0,0,2,93,19,16,36,3,7,48,36,26,34,26,6,37,5,2,10,1,0,41,45,47,44,0,0,0,0,0,0
0,0,0,0,0,0,0,2,94,19,16,36,4,7,48,36,26,34,26,6,37,5,2,10,1,0,37,41,43,40,0,0,0,0,0,0
0,0,0,0,0,0,0,2,94,19,16,36,4,8,48,36,27,34,26,6,37,5,3,10,1,0,33,38,39,36,0,0,0,0,0,0
0,0,0,0,0,0,0,2,94,19,16,36,4,8,48,36,27,34,26,6,38,6,3,10,1,0,30,34,36,33,0,0,0,0,0,0
0,0,0,0,0,0,0,2,94,19,16,36,4,9,48,36,27,34,26,6,38,6,3,10,1,0,27,31,33,30,0,0,0,0,0,0
0,0,0,0,0,0,0,2,94,19,16,36,4,9,48,36,27,34,26,6,38,6,3,10,0,0,24,28,30,27,0,0,0,0,0,0
0,0,0,0,0,0,0,2,94,19,16,36,5,9,48,36,27,34,26,6,38,6,3,10,0,0,20,25,28,25,0,0,0,0,0,0
0,0,0,0,0,0,0,2,94,19,16,36,4,9,48,36,27,34,26,5,38,6,3,10,0,0,18,23,25,22,0,0,0,0,0,0
0,0,0,0,0,0,0,2,94,19,16,36,5,9,48,37,27,34,26,6,38,6,3,10,0,0,15,20,23,20,0,0,0,0,0,0
0,0,0,0,0,0,0,2,94,19,16,36,5,9,48,37,27,34,26,6,38,6,3,10,0,0,13,18,20,18,0,0,0,0,0,0
0,0,0,0,0,0,0,2,94,19,16,36,5,9,48,37,27,34,27,6,38,7,4,10,0,0,11,16,19,16,0,0,0,0,0,0
0,0,0,0,0,0,0,2,94,19,16,36,5,9,48,37,27,34,27,6,39,7,4,11,0,0,10,15,17,15,0,0,0,0,0,0
0,0,0,0,0,0,0,2,94,19,16,36,4,9,48,37,27,34,27,6,39,7,4,11,0,0,8,13,15,13,0,0,0,0,0,0
0,0,0,0,0,0,0,2,94,19,16,36,4,9,48,37,27,34,27,6,39,7,5,11,0,0,7,12,14,12,0,0,0,0,0,0
0,0,0,0,0,0,0,2,94,19,16,36,4,9,48,37,28,34,27,6,39,7,5,11,0,0,5,11,12,10,0,0,0,0,0,0
0,0,0,0,0,0,0,2,94,19,16,36,4,9,48,37,28,34,27,6,39,7,5,12,0,0,4,9,11,9,0,0,0,0,0,0
0,0,0,0,0,0,0,2,94,19,16,36,4,9,48,37,28,34,27,6,39,7,5,12,0,0,3,8,9,8,0,0,0,0,0,0
0,0,0,0,0,0,0,2,94,20,16,36,4,9,48,37,28,34,27,6,39,7,5,12,0,0,1,7,8,7,0,0,0,0,0,0
0,0,0,0,0,0,0,2,94,20,16,36,4,9,48,37,28,34,27,6,39,7,5,12,0,0,0,5,7,6,0,0,0,0,0,0
0,0,0,0,0,0,0,2,94,20,16,36,4,9,48,37,28,34,27,6,39,7,5,12,0,0,0,4,6,5,0,0,0,0,0,0
0,0,0,0,0,0,0,2,95,20,16,36,4,9,48,37,28,34,27,6,39,7,5,12,0,0,0,3,4,4,0,0,0,0,0,0
0,0,0,0,0,0,0,2,95,20,16,36,4,9,48,37,27,34,27,6,38,7,5,12,0,0,0,2,4,2,0,0,0,0,0,0
0,0,0,0,0,0,0,2,95,20,16,36,4,9,48,37,27,34,27,6,39,7,5,12,0,0,0,2,2,2,0,0,0,0,0,0
0,0,0,0,0,0,0,2,95,20,16,36,4,9,48,37,27,34,27,6,39,7,4,12,0,0,0,1,2,0,0,0,0,0,0,0
0,0,0,0,0,0,0,2,95,20,16,36,4,9,48,37,27,34,27,6,39,7,4,12,0,0,0,0,2,0,0,0,0,0,0,0
0,0,0,0,0,0,0,2,95,20,16,36,4,9,48,37,27,34,27,6,39,7,4,12,0,0,0,0,1,0,0,0,0,0,0,0
0,0,0,0,0,0,0,2,95,20,16,36,4,9,48,37,27,34,27,6,39,7,4,12,0,0,0,0,1,0,0,0,0,0,0,0
0,0,0,0,0,0,0,2,95,20,16,36,4,9,48,37,27,34,27,6,39,7,4,12,0,0,0,0,1,0,0,0,0,0,0,0
0,0,0,0,0,0,0,2,95,20,16,36,4,9,48,37,27,34,27,6,39,7,4,12,0,0,0,0,1,0,0,0,0,0,0,0
0,0,0,0,0,0,0,2,96,20,16,36,4,9,48,37,27,34,27,6,39,7,4,12,0,0,0,0,0,0,0,0,0,0,0,0
0,0,0,0,0,0,0,2,96,20,16,36,4,9,48,37,27,34,27,6,39,8,4,12,0,0,0,0,0,0,0,0,0,0,0,0
0,0,0,0,0,0,0,2,96,20,16,36,4,9,48,37,27,34,27,6,39,8,4,12,0,0,0,0,0,0,0,0,0,0,0,0
0,0,0,0,0,0,0,2,97,20,16,36,4,9,48,37,27,34,27,6,39,8,4,12,0,0,0,0,0,0,0,0,0,0,0,0
0,0,0,0,0,0,0,2,97,20,16,36,4,9,48,37,27,34,26,7,39,8,4,11,0,0,0,0,0,0,0,0,0,0,0,0
0,0,0,0,0,0,0,2,98,20,16,36,3,9,48,37,27,34,26,6,39,8,4,11,0,0,0,0,0,0,0,0,0,0,0,0
0,0,0,1,0,0,0,2,98,20,16,36,3,9,48,37,27,34,26,6,39,8,4,11,0,0,0,0,0,0,0,0,0,0,0,0
0,0,0,1,0,0,0,2,98,20,16,36,3,8,48,37,27,34,26,6,40,8,4,11,0,0,0,0,0,0,0,0,0,0,0,0
0,0,0,1,0,0,0,2,98,20,16,36,3,8,48,37,27,34,26,6,40,8,4,11,0,0,0,0,0,0,0,0,0,0,0,0
0,0,0,1,0,0,0,2,98,20,16,35,3,8,48,37,27,34,26,6,40,8,4,11,0,0,0,0,0,0,0,0,0,0,0,0
0,0,0,1,0,0,0,2,99,20,16,35,4,8,48,37,27,33,26,6,40,8,5,11,0,0,0,0,0,0,0,0,0,0,0,0
0,0,0,0,0,0,0,2,99,20,17,35,4,8,48,37,27,33,26,6,40,8,5,11,0,0,0,0,0,0,0,0,0,0,0,0
0,0,0,0,0,0,0,2,99,20,17,35,4,8,49,37,28,33,26,7,41,8,4,11,0,0,0,0,0,0,0,0,0,0,0,0
0,0,0,0,0,0,0,2,99,20,17,35,4,8,49,37,28,33,26,7,41,8,4,11,0,0,0,0,0,0,0,0,0,0,0,0
0,0,0,0,0,0,0,2,99,20,17,35,4,8,49,37,28,33,26,7,41,8,4,11,0,0,0,0,0,0,0,0,0,0,0,0
0,0,0,0,0,0,0,2,100,20,17,35,4,8,49,37,28,33,26,7,41,8,4,11,0,0,0,0,0,0,0,0,0,0,0,0
0,0,0,0,0,0,0,2,100,20,17,35,4,8,49,37,28,33,26,7,41,8,4,11,0,0,0,0,0,0,0,0,0,0,0,0
0,0,0,0,0,0,0,2,100,20,17,35,4,8,49,37,28,33,26,7,41,8,4,11,0,0,0,0,0,0,0,0,0,0,0,0
0,0,0,0,0,0,0,2,100,20,17,35,4,8,49,37,28,33,26,6,40,8,4,11,0,0,0,0,0,0,0,0,0,0,0,0
0,0,0,0,0,0,0,2,100,20,17,35,4,8,49,37,28,33,26,6,40,8,4,11,0,0,0,0,0,0,0,0,0,0,0,0
0,0,0,0,0,0,0,2,100,20,17,35,4,8,49,37,28,33,26,6,40,8,4,11,0,0,0,0,0,0,0,0,0,0,0,0
0,0,0,0,0,0,0,2,100,20,16,34,4,8,49,37,28,33,26,6,40,8,4,11,0,0,0,0,0,0,0,0,0,0,0,0
0,0,0,0,0,0,0,2,100,20,16,34,4,8,49,37,27,33,26,6,40,8,4,11,0,0,0,0,0,0,0,0,0,0,0,0
0,0,0,0,0,0,0,2,100,20,16,34,4,8,49,37,27,33,26,6,40,8,4,11,0,0,0,0,0,0,0,0,0,0,0,0
0,0,0,0,0,0,0,2,100,20,16,34,4,8,49,37,27,33,26,6,40,8,4,11,0,0,0,0,0,0,0,0,0,0,0,0
0,0,0,0,0,0,0,2,100,20,16,34,4,8,49,37,27,33,26,6,40,8,4,11,0,0,0,0,0,0,0,0,0,0,0,0
0,0,0,0,0,0,0,2,100,20,16,34,4,8,49,37,27,33,26,6,40,8,4,11,0,0,0,0,0,0,0,0,0,0,0,0
0,0,0,0,0,0,0,2,100,20,16,34,4,8,49,37,27,33,26,6,40,8,4,11,0,0,0,0,0,0,0,0,0,0,0,0
0,0,0,0,0,0,0,2,100,20,16,34,4,8,49,36,27,32,26,6,40,8,4,11,0,0,0,0,0,0,0,0,0,0,0,0
0,0,0,0,0,0,0,2,100,20,16,34,4,8,48,36,27,32,26,6,40,8,4,10,0,0,0,0,0,0,0,0,0,0,0,0
0,0,0,0,0,0,0,2,100,20,16,34,4,8,48,36,27,32,26,6,40,8,4,10,0,0,0,0,0,0,0,0,0,0,0,0
0,0,0,0,0,0,0,2,100,20,16,34,3,8,48,36,27,32,26,6,40,8,4,10,0,0,0,0,0,0,0,0,0,0,0,0
0,0,0,0,0,0,0,2,100,20,16,34,3,8,48,36,27,32,25,6,41,8,4,10,0,0,0,0,0,0,0,0,0,0,0,0
0,0,0,0,0,0,0,2,100,20,16,34,3,8,48,36,27,32,25,5,41,8,4,10,0,0,0,0,0,0,0,0,0,0,0,0
0,0,0,0,0,0,0,2,101,20,16,34,3,7,48,36,27,33,25,5,41,8,4,11,0,0,0,0,0,0,0,0,0,0,0,0
0,0,0,0,0,0,0,1,101,20,16,34,2,7,48,36,27,33,25,5,41,8,4,11,0,0,0,0,0,0,0,0,0,0,0,0
0,0,0,0,0,0,0,1,101,20,16,34,2,7,48,36,27,33,25,5,41,8,4,11,0,0,0,0,0,0,0,0,0,0,0,0
0,0,0,0,0,0,0,1,102,20,16,34,2,7,48,36,27,33,25,5,41,8,4,11,0,0,0,0,0,0,0,0,0,0,0,0
0,0,0,0,0,0,0,1,102,20,16,34,2,7,48,36,27,33,25,5,41,8,4,11,0,0,0,0,0,0,0,0,0,0,0,0
0,0,0,0,0,0,0,1,102,20,16,35,2,6,48,36,27,34,25,5,41,8,4,11,0,0,0,0,0,0,0,0,0,0,0,0
0,0,0,0,0,0,0,1,103,20,16,35,2,7,49,36,27,34,25,5,41,8,4,11,0,0,0,0,0,0,0,0,0,0,0,0
0,0,0,0,0,0,0,1,104,19,16,35,2,7,49,36,27,34,25,5,41,8,4,11,0,0,0,0,0,0,0,0,0,0,0,0
0,0,0,0,0,0,0,1,104,19,16,35,2,7,49,36,27,35,25,5,41,8,4,12,0,0,0,0,0,0,0,0,0,0,0,0
0,0,0,0,0,0,0,1,105,19,16,36,2,7,49,36,27,36,25,5,41,8,4,12,0,0,0,0,0,0,0,0,0,0,0,0
0,0,0,0,0,0,0,1,105,19,16,36,2,7,49,36,27,36,25,5,41,8,4,13,0,0,0,0,0,0,0,0,0,0,0,0
0,0,0,0,0,0,0,1,106,19,16,36,2,7,49,36,27,36,25,5,41,8,4,13,0,0,0,0,0,0,0,0,0,0,0,0
0,0,0,0,0,0,0,1,107,19,16,36,2,7,50,36,27,36,25,5,42,8,4,13,0,0,0,0,0,0,0,0,0,0,0,0
0,0,0,0,0,0,0,1,108,19,16,36,2,7,50,36,27,36,25,5,42,8,4,13,0,0,0,0,0,0,0,0,0,0,0,0
0,0,0,0,0,0,0,1,108,19,16,36,2,7,51,36,27,36,25,5,42,8,4,14,0,0,0,0,0,0,0,0,0,0,0,0
0,0,0,0,0,0,0,1,108,19,16,36,2,7,51,36,26,36,24,5,42,8,4,14,0,0,0,0,0,0,0,0,0,0,0,0
0,0,0,0,0,0,0,0,109,19,16,36,2,7,51,36,26,36,24,5,42,8,4,14,0,0,0,0,0,0,0,0,0,0,0,0
0,0,0,0,0,0,0,0,109,19,16,36,2,7,51,36,26,36,24,5,42,8,4,14,0,0,0,0,0,0,0,0,0,0,0,0
0,0,0,0,0,0,0,0,109,19,16,36,2,6,51,36,26,36,24,5,43,8,4,14,0,0,0,0,0,0,0,0,0,0,0,0
0,0,0,0,0,0,0,0,109,19,16,36,2,6,51,36,26,36,24,5,43,8,4,15,0,0,0,0,0,0,0,0,0,0,0,0
0,0,0,0,0,0,0,1,110,19,16,36,2,6,51,36,26,36,24,5,43,8,4,15,0,0,0,0,0,0,0,0,0,0,0,0
0,0,0,0,0,0,0,1,110,19,16,36,2,6,51,36,26,36,24,5,43,8,3,15,0,0,0,0,0,0,0,0,0,0,0,0
0,0,0,0,0,0,0,1,110,19,16,36,2,6,51,36,26,35,24,4,43,8,3,15,0,0,0,0,0,0,0,0,0,0,0,0
0,0,0,0,0,0,0,1,110,19,16,36,2,6,51,36,26,35,24,4,43,8,3,14,0,0,0,0,0,0,0,0,0,0,0,0
0,0,0,0,0,0,0,1,109,19,16,36,2,6,51,36,26,35,24,4,43,8,3,14,0,0,0,0,0,0,0,0,0,0,0,0
0,0,0,0,0,0,0,0,109,19,16,36,2,6,51,36,26,35,24,4,43,8,3,13,0,0,0,0,2,1,0,0,0,0,0,0
0,0,0,0,0,0,0,0,108,18,16,36,2,6,50,35,26,34,24,4,43,8,3,13,0,0,0,1,9,8,0,0,0,0,0,0
0,0,0,0,0,0,0,0,107,17,15,36,2,6,49,34,24,33,24,4,41,6,2,12,0,0,0,7,15,14,0,0,0,0,0,0
0,0,0,0,0,0,0,0,105,17,15,36,2,6,49,34,24,33,24,4,41,6,2,12,0,0,5,11,18,18,0,0,0,0,0,0
0,0,0,0,0,0,0,0,104,16,14,36,2,6,48,33,23,32,24,5,41,5,1,10,0,0,6,12,19,19,0,0,0,0,0,0
0,0,0,0,0,0,0,0,104,16,14,36,2,6,48,33,23,32,24,5,41,5,1,11,0,0,5,11,17,17,0,0,0,0,0,0
0,0,0,0,0,0,0,0,104,16,14,36,2,6,48,33,23,33,24,5,43,5,1,12,0,0,3,9,15,16,0,0,0,0,0,0
0,0,0,0,0,0,0,0,105,16,14,36,2,6,49,33,23,33,24,5,43,5,1,12,0,0,2,8,14,14,0,0,0,0,0,0
0,0,0,0,0,0,0,0,105,16,14,36,2,6,49,33,23,33,24,5,44,5,1,12,0,0,0,7,12,13,0,0,0,0,0,0
0,0,0,0,0,0,0,0,105,16,14,36,2,6,49,33,23,34,24,6,45,5,1,12,0,0,0,5,11,11,0,0,0,0,0,0
0,0,0,0,0,0,0,0,105,16,14,36,2,6,49,33,23,34,24,6,46,5,1,12,0,0,0,4,9,10,0,0,0,0,0,0
0,0,0,0,0,0,0,0,105,16,14,36,2,6,49,33,23,34,24,6,46,5,1,12,0,0,0,3,8,8,0,0,0,0,0,0
0,0,0,0,0,0,0,0,105,16,14,35,2,6,49,33,23,34,24,6,47,6,1,12,0,0,0,2,6,6,0,0,0,0,0,0
0,0,0,0,0,0,0,0,105,16,14,35,2,6,50,33,23,34,24,6,47,6,1,12,0,0,0,1,5,5,0,0,0,0,0,0
0,0,0,0,0,0,0,0,105,16,14,35,2,6,50,33,23,33,24,6,47,6,1,12,0,0,0,0,4,4,0,0,0,0,0,0
0,0,0,0,0,0,0,0,105,16,14,35,3,6,50,33,23,33,24,6,47,6,1,12,0,0,0,0,3,2,0,0,0,0,0,0
0,0,0,0,0,0,0,0,105,16,14,34,3,7,50,33,23,33,24,6,47,6,1,12,0,0,0,0,2,1,0,0,0,0,0,0
0,0,0,0,0,0,0,0,105,16,14,34,3,7,50,33,23,33,25,6,47,6,1,12,0,0,0,0,2,1,0,0,0,0,0,0
0,0,0,0,0,0,0,0,104,15,14,34,3,6,50,33,23,33,25,6,47,6,1,12,0,0,0,0,2,0,0,0,0,0,0,0
0,0,0,0,0,0,0,0,104,15,14,34,3,6,50,33,23,32,25,6,47,6,1,12,0,0,0,1,4,2,0,0,0,0,0,0
0,0,0,0,0,0,0,0,103,15,14,34,3,6,50,33,23,32,25,6,47,6,1,11,0,0,0,6,8,7,0,0,0,0,0,0
0,0,0,0,0,0,0,0,101,15,13,32,3,6,49,31,22,31,25,6,46,4,0,10,0,0,8,13,15,13,0,0,0,0,0,0
0,0,0,0,0,0,0,0,99,13,11,31,3,6,47,30,20,29,24,6,44,3,0,9,0,0,18,23,24,21,0,0,0,0,0,0
0,0,0,0,0,0,0,0,97,12,10,30,3,6,46,29,18,28,24,6,43,1,0,8,0,0,27,31,31,29,0,0,0,0,0,0
0,0,0,0,0,0,0,0,96,11,10,29,3,5,44,27,17,27,24,6,41,0,0,7,0,0,36,39,38,36,0,0,0,0,0,0
0,0,0,0,0,0,0,0,94,10,9,29,3,5,43,26,17,27,24,6,40,0,0,7,0,0,43,47,45,43,0,0,0,0,0,0
0,0,0,0,0,0,0,0,93,10,9,28,3,5,43,26,16,26,23,6,39,0,0,6,0,0,50,54,50,49,0,0,0,0,0,0
0,0,0,0,0,0,0,0,92,9,8,28,3,5,43,25,16,26,23,5,37,0,0,5,0,0,56,60,56,55,0,0,0,0,0,0
0,0,0,0,0,0,0,0,91,9,8,28,3,5,43,25,16,26,23,5,36,0,0,4,0,0,62,66,62,61,0,0,0,0,0,0
0,0,0,0,0,0,0,0,90,9,8,27,3,5,41,24,16,25,23,5,35,0,0,3,0,0,68,72,67,66,0,0,0,0,0,0
0,0,0,0,0,0,0,0,89,8,8,26,3,4,40,24,16,24,23,5,34,0,0,3,0,0,74,76,71,70,0,0,0,0,0,0
0,0,0,0,0,0,0,0,88,7,8,26,2,4,39,23,15,23,23,5,34,0,0,2,0,0,79,80,75,73,0,0,0,0,0,0
0,0,0,0,0,0,0,0,86,6,7,25,2,4,38,22,14,22,23,5,33,0,0,1,1,0,83,84,79,77,0,0,0,0,0,0
0,0,0,0,0,0,0,0,85,6,6,25,2,4,37,23,14,22,23,5,33,0,0,0,1,0,88,88,82,80,0,0,0,0,0,0
0,0,0,0,0,0,0,0,83,6,6,25,2,4,37,23,14,22,23,5,32,0,0,0,1,0,92,92,86,84,0,0,0,0,0,0
0,0,0,0,0,0,0,0,83,6,6,25,2,4,37,23,14,22,23,5,32,0,0,0,2,0,95,95,89,87,0,0,0,0,0,0
0,0,0,0,0,0,0,0,82,6,6,25,2,4,36,23,14,22,23,5,32,0,0,0,2,0,98,98,92,90,0,0,0,0,0,0
0,0,0,0,0,0,0,0,81,6,5,24,2,4,35,23,15,22,23,5,31,0,0,0,2,0,101,101,95,93,0,0,0,0,0,0
0,0,0,0,0,0,0,0,80,6,5,24,2,4,35,22,15,22,23,5,31,0,0,0,3,1,104,103,97,95,0,0,0,0,0,0
0,0,0,0,0,0,0,0,80,5,5,24,2,4,35,22,15,21,23,5,30,0,0,0,3,1,107,107,100,97,0,0,0,0,0,0
0,0,0,0,0,0,0,0,78,5,5,23,2,4,35,22,15,21,23,4,29,0,0,0,3,1,109,108,102,99,0,0,0,0,0,0
0,0,0,0,0,0,0,0,77,5,5,23,2,4,34,21,14,20,23,4,28,0,0,0,3,1,112,111,104,101,0,0,0,0,0,0
0,0,0,0,0,0,0,0,75,5,5,23,1,4,33,20,14,20,23,4,28,0,0,0,3,1,114,112,106,103,0,0,0,0,0,0
0,0,0,0,0,0,0,0,74,5,4,22,1,5,33,20,14,20,22,4,27,0,0,0,3,1,115,114,108,104,0,0,0,0,0,0
0,0,0,0,0,0,0,0,73,5,4,22,1,5,33,20,13,19,22,3,27,0,0,0,3,1,117,115,109,107,0,0,0,0,0,0
0,0,0,0,0,0,0,0,71,5,4,21,1,5,33,20,13,19,22,3,26,0,0,0,3,1,118,117,110,108,0,0,0,0,0,0
0,0,0,0,0,0,0,0,70,4,3,21,1,5,33,19,13,19,22,3,25,0,0,0,3,1,119,118,111,110,0,0,0,0,0,0
0,0,0,0,0,0,0,0,69,4,3,21,1,4,32,19,13,19,21,3,24,0,0,0,3,1,120,119,112,111,0,0,0,0,0,0
0,0,0,0,0,0,0,0,68,4,3,21,0,4,31,18,12,18,21,3,23,0,0,0,3,1,121,121,113,113,0,0,0,0,0,0
0,0,0,0,0,0,0,0,67,3,3,21,0,4,30,18,12,18,20,3,23,0,0,0,3,2,121,122,114,114,0,0,0,0,0,0
0,0,0,0,0,0,0,0,66,3,3,20,0,4,29,18,12,18,20,3,22,0,0,0,3,2,122,123,115,114,0,0,0,0,0,0
0,0,0,0,0,0,0,0,65,3,3,20,0,4,29,17,11,18,20,3,21,0,0,0,3,2,122,124,116,115,0,0,0,0,0,0
0,0,0,0,0,0,0,0,64,3,3,19,0,4,28,17,11,19,20,2,22,0,0,0,3,2,120,121,113,113,0,0,0,0,0,0
0,0,0,0,0,0,0,0,64,4,3,20,0,4,28,18,11,19,20,2,23,0,0,0,3,2,115,117,109,109,0,0,0,0,0,0
0,0,0,0,0,0,0,0,64,4,4,21,0,5,29,18,12,19,20,2,23,0,0,0,2,1,108,109,102,102,0,0,0,0,0,0
0,0,0,0,0,0,0,0,64,4,4,21,0,4,30,19,12,20,20,2,23,0,0,0,2,1,101,103,96,96,0,0,0,0,0,0
0,0,0,0,0,0,0,0,65,5,5,21,0,4,30,20,13,20,20,2,24,0,0,0,2,1,97,99,93,93,0,0,0,0,0,0
0,0,0,0,0,0,0,0,65,5,5,23,0,4,31,20,13,22,20,2,24,0,0,0,1,0,97,99,93,93,0,0,0,0,0,0
0,0,0,0,0,0,0,0,65,5,5,23,0,4,31,22,14,22,20,2,25,0,0,0,1,0,98,99,93,93,0,0,0,0,0,0
0,0,0,0,0,0,0,0,65,6,5,23,0,5,31,22,14,22,20,2,25,0,0,0,1,0,95,96,90,91,0,0,0,0,0,0
0,0,0,0,0,0,0,0,65,6,5,24,0,5,32,22,14,23,20,2,26,0,0,1,1,0,90,92,86,86,0,0,0,0,0,0
0,0,0,0,0,0,0,0,66,6,6,25,0,4,33,22,15,24,20,2,26,0,0,2,0,0,81,84,78,79,0,0,0,0,0,0
0,0,0,0,0,0,0,0,67,6,6,25,0,4,34,23,16,25,20,2,27,0,0,3,0,0,74,76,72,72,0,0,0,0,0,0
0,0,0,0,0,0,0,0,68,6,6,27,0,4,35,23,16,26,20,2,28,0,0,4,0,0,67,70,66,66,0,0,0,0,0,0
0,0,0,0,0,0,0,0,70,6,7,27,0,4,36,24,17,27,20,2,29,0,0,5,0,0,60,64,60,60,0,0,0,0,0,0
0,0,0,0,0,0,0,0,71,7,7,28,0,4,37,24,17,28,20,2,29,0,0,6,0,0,54,58,55,55,0,0,0,0,0,0
0,0,0,0,0,0,0,0,73,7,7,28,0,4,38,25,17,30,20,2,30,0,0,7,0,0,49,53,50,51,0,0,0,0,0,0
0,0,0,0,0,0,0,0,75,7,7,29,0,4,39,26,18,30,20,3,30,0,0,8,0,0,44,49,46,46,0,0,0,0,0,0
0,0,0,0,0,0,0,0,77,8,7,29,0,4,40,27,18,32,20,3,32,0,0,9,0,0,39,44,41,42,0,0,0,0,0,0
0,0,0,0,0,0,0,0,79,8,8,30,1,4,41,27,18,33,21,3,33,0,1,10,0,0,35,40,37,38,0,0,0,0,0,0
0,0,0,0,0,0,0,0,81,8,8,30,1,4,42,27,19,34,22,4,34,1,2,10,0,0,31,36,34,35,0,0,0,0,0,0
0,0,0,0,0,0,0,0,83,9,8,30,1,4,44,28,19,35,22,4,35,1,2,11,0,0,28,33,30,32,0,0,0,0,0,0
0,0,0,0,0,0,0,0,86,9,8,30,1,4,44,28,19,35,22,4,36,2,2,12,0,0,25,30,27,28,0,0,0,0,0,0
0,0,0,0,0,0,0,0,88,9,8,30,1,4,45,28,20,36,22,4,37,2,2,12,0,0,22,26,25,26,0,0,0,0,0,0
0,0,0,0,0,0,0,0,90,9,9,30,2,5,46,28,20,36,23,5,37,2,2,12,0,0,19,24,22,23,0,0,0,0,0,0
0,0,0,0,0,0,0,0,92,9,9,31,2,5,47,28,20,36,23,5,39,3,2,13,0,0,17,22,19,20,0,0,0,0,0,0
0,0,0,0,0,0,0,0,92,9,9,31,2,5,47,29,20,36,23,5,39,3,2,13,0,0,15,19,17,19,0,0,0,0,0,0
0,0,0,0,0,0,0,0,93,9,9,31,2,5,48,29,20,36,24,5,39,3,2,13,0,0,13,17,15,16,0,0,0,0,0,0
0,0,0,0,0,0,0,0,93,9,10,31,3,5,48,29,21,36,24,5,39,3,2,13,0,0,11,15,13,15,0,0,0,0,0,0
0,0,0,0,0,0,0,0,94,10,10,32,3,5,48,29,21,37,24,5,39,3,2,14,0,0,9,13,12,13,0,0,0,0,0,0
0,0,0,0,0,0,0,0,95,10,10,32,3,5,49,29,22,37,24,5,39,3,3,14,0,0,7,12,10,12,0,0,0,0,0,0
0,0,0,0,0,0,0,0,95,10,10,32,4,5,49,29,22,36,24,5,39,3,3,14,0,0,6,10,9,11,0,0,0,0,0,0
0,0,0,0,0,0,0,0,95,10,10,32,4,5,49,29,22,36,24,5,39,3,3,14,0,0,4,9,7,9,0,0,0,0,0,0
0,0,0,0,0,0,0,0,95,10,10,32,4,5,49,29,22,36,24,5,40,3,3,14,0,0,3,7,6,8,0,0,0,0,0,0
0,0,0,0,0,0,0,0,95,10,10,32,4,5,50,29,22,36,24,5,40,3,3,14,0,0,1,6,4,7,0,0,0,0,0,0
0,0,0,0,0,0,0,0,95,10,11,32,4,5,50,29,22,36,24,5,40,3,3,14,0,0,0,5,3,5,0,0,0,0,0,0
0,0,0,0,0,0,0,0,95,10,11,32,4,5,50,29,22,37,24,5,40,3,3,14,0,0,0,4,2,5,0,0,0,0,0,0
0,0,0,0,0,0,0,0,95,10,11,33,4,5,50,29,22,37,24,5,41,4,3,15,0,0,0,3,2,5,0,0,0,0,0,0
0,0,0,0,0,0,0,0,95,10,11,33,4,6,50,30,22,37,24,6,41,4,3,15,0,0,0,2,1,4,0,0,0,0,0,0
0,0,0,0,0,0,0,1,95,10,11,33,4,6,50,30,23,38,24,6,41,4,3,15,0,0,0,2,0,4,0,0,0,0,0,0
0,0,0,0,0,0,0,1,95,10,11,33,4,6,50,30,23,38,24,6,41,4,3,15,0,0,0,1,0,4,0,0,0,0,0,0
0,0,0,0,0,0,0,1,94,10,11,33,4,6,50,30,23,38,25,6,41,4,3,15,0,0,0,1,0,3,0,0,0,0,0,0
0,0,0,0,0,0,0,1,93,10,11,33,4,6,50,30,24,38,25,6,41,4,4,15,0,0,0,0,0,3,0,0,0,0,0,0
0,0,0,0,0,0,0,1,93,10,11,33,4,6,51,30,24,38,25,6,41,4,4,15,0,0,0,0,0,2,0,0,0,0,0,0
0,0,0,0,0,0,0,1,92,10,11,33,4,6,51,30,24,38,25,6,42,4,4,15,0,0,0,0,0,2,0,0,0,0,0,0
0,0,0,0,0,0,0,1,91,10,11,33,4,6,51,30,24,38,25,6,41,4,4,15,0,0,0,0,0,2,0,0,0,0,0,0
0,0,0,0,0,0,0,1,90,10,11,33,4,6,51,30,24,38,25,6,41,4,4,15,0,0,0,0,0,1,0,0,0,0,0,0
0,0,0,0,0,0,0,1,89,11,11,33,4,6,51,30,23,38,25,6,41,4,4,15,0,0,0,0,0,0,0,0,0,0,0,0
0,0,0,0,0,0,0,2,88,11,11,33,4,6,51,30,23,38,25,6,41,4,4,15,0,0,0,0,0,0,0,0,0,0,0,0
0,0,0,0,0,0,0,2,87,11,11,33,5,6,51,30,23,38,25,6,41,4,4,15,0,0,0,0,0,0,0,0,0,0,0,0
0,0,0,0,0,0,0,2,86,11,11,33,5,6,51,30,23,38,25,6,41,4,4,15,0,0,0,0,0,0,0,0,0,0,0,0
0,0,0,0,0,0,0,1,86,11,11,33,5,6,51,30,23,38,25,5,41,4,4,15,0,0,0,0,0,0,0,0,0,0,0,0
0,0,0,0,0,0,0,1,86,10,11,33,5,6,51,30,23,38,25,5,41,4,4,15,0,0,0,0,0,0,0,0,0,0,0,0
0,0,0,0,0,0,0,1,85,10,11,33,5,6,51,30,23,38,25,5,41,4,4,15,0,0,0,0,0,0,0,0,0,0,0,0
0,0,0,0,0,0,0,1,85,10,11,33,5,6,51,30,23,38,26,5,41,4,4,15,0,0,0,0,0,0,0,0,0,0,0,0
0,0,0,0,0,0,0,1,84,10,11,33,5,6,51,30,23,38,26,5,40,4,4,15,0,0,0,0,0,0,0,0,0,0,0,0
0,0,0,0,0,0,0,1,84,10,12,33,5,6,51,30,23,39,26,6,40,4,4,15,0,0,0,0,0,0,0,0,0,0,0,0
0,0,0,0,0,0,0,1,84,10,12,33,5,6,51,30,23,39,26,6,40,4,4,15,0,0,0,0,0,0,0,0,0,0,0,0
0,0,0,0,0,0,0,1,84,10,12,33,4,6,51,31,23,39,26,6,40,4,4,15,0,0,0,0,0,0,0,0,0,0,0,0
0,0,0,0,0,0,0,1,84,10,12,33,4,7,51,31,23,39,26,5,40,4,4,15,0,0,0,0,0,0,0,0,0,0,0,0
0,0,0,0,0,0,0,1,84,10,12,33,4,7,51,31,23,39,26,5,40,4,4,15,0,0,0,0,0,0,0,0,0,0,0,0
