0,0,0,0,0,0,0,0,0,0,0,0,0,16,0,7,2,0,0,0,0,0,0,0,0,0,0,0,0,0,0,0,0,0,0,0
0,0,0,0,0,0,0,0,0,0,0,0,0,22,0,8,2,0,0,0,0,0,0,0,0,0,0,0,0,0,0,0,0,0,0,0
0,0,0,0,0,0,0,0,0,0,1,0,0,26,0,9,3,0,0,0,0,0,0,0,0,0,0,0,0,0,0,0,0,0,0,0
0,0,0,0,0,0,0,0,0,0,2,0,0,32,0,8,4,0,2,0,0,0,0,0,0,0,0,0,0,0,0,0,0,0,0,0
0,0,0,0,0,0,0,0,0,0,4,0,0,38,0,9,6,0,4,0,0,0,0,0,0,0,0,0,0,0,0,0,0,0,0,0
0,0,0,0,0,0,0,0,0,0,6,0,0,44,0,9,8,0,7,0,0,0,0,0,0,0,0,0,0,0,0,0,0,0,0,0
0,0,0,0,0,0,0,0,0,0,9,0,0,51,0,9,11,0,10,0,0,0,0,0,0,0,0,0,0,0,0,0,0,0,0,0
0,0,0,0,0,0,0,0,0,0,12,1,0,58,0,9,13,0,12,0,0,0,0,0,0,1,0,0,0,0,0,0,0,0,0,0
0,0,0,0,0,0,0,0,0,0,16,1,0,66,0,8,15,0,13,0,0,0,0,0,0,1,0,0,0,0,0,0,0,0,0,0
0,0,0,0,0,0,0,0,0,0,18,1,0,73,0,7,17,0,14,0,0,0,0,0,0,1,0,0,0,0,0,0,0,0,0,0
0,0,0,0,0,0,0,0,0,0,22,2,0,81,0,6,21,0,15,0,0,0,0,0,0,0,0,0,0,0,0,0,0,0,0,0
0,0,0,0,0,0,0,0,0,0,24,2,0,89,0,4,26,0,17,0,0,0,0,0,0,0,0,0,0,0,0,0,0,0,0,0
0,0,0,0,0,0,0,0,0,0,26,2,0,96,0,5,32,0,19,0,0,0,0,0,0,0,0,0,0,0,0,0,0,0,0,0
0,0,0,0,0,0,0,0,0,0,27,2,0,104,0,5,40,0,20,0,0,0,0,0,0,0,0,0,0,0,0,0,0,0,0,0
0,0,0,0,0,0,0,0,0,0,28,2,0,110,0,5,49,0,20,0,0,0,0,0,0,0,0,0,0,0,0,0,0,0,0,0
0,0,0,0,0,0,0,0,0,0,29,2,0,116,0,5,59,0,21,0,0,0,0,0,0,0,0,0,0,0,0,0,0,0,0,0
0,0,0,0,0,0,0,0,0,0,28,3,0,119,0,5,67,0,21,0,0,0,0,0,0,0,0,0,0,0,0,0,0,0,0,0
0,0,0,0,0,0,0,0,0,0,29,3,1,123,0,5,75,0,20,3,0,0,0,0,0,0,0,0,0,0,0,0,0,0,0,0
0,0,0,0,0,0,0,0,0,0,28,4,0,124,0,4,82,0,20,7,0,0,0,0,0,0,0,0,0,0,0,0,0,0,0,0
0,0,0,0,0,0,0,0,0,0,27,4,0,125,0,3,88,0,19,11,0,0,0,0,0,0,0,0,0,0,0,0,0,0,0,0
0,0,0,0,0,0,0,0,0,0,25,4,0,126,0,1,93,0,19,15,0,0,0,0,0,0,0,0,0,0,0,0,0,0,0,0
0,0,0,0,0,0,0,0,0,0,23,4,0,126,0,1,96,0,18,18,0,0,0,0,0,0,0,0,0,0,0,0,0,0,0,0
0,0,0,0,0,0,0,0,1,0,22,4,0,128,0,1,98,0,18,22,0,0,0,0,0,0,0,0,0,0,0,0,0,0,0,0
0,0,0,0,0,0,0,0,2,0,20,4,0,128,0,2,100,0,18,26,0,0,0,0,0,0,0,0,0,0,0,0,0,0,0,0
0,0,0,0,0,0,0,0,1,0,18,4,1,128,0,2,101,0,17,31,0,0,0,0,0,0,0,0,0,0,0,0,0,0,0,0
0,0,0,0,0,0,0,0,3,1,16,4,1,125,0,4,102,0,17,36,0,0,0,0,0,0,0,0,0,0,0,0,0,0,0,0
0,0,0,0,0,0,0,0,3,2,15,4,2,123,2,4,103,0,16,42,0,0,0,0,0,0,0,0,0,0,0,0,0,0,0,0
0,0,0,0,0,0,0,0,4,4,13,4,3,120,4,4,104,0,16,48,0,0,0,0,0,0,0,0,0,0,0,0,0,0,0,0
0,0,0,0,0,0,0,0,5,6,10,4,2,116,6,6,104,0,15,53,0,0,0,0,0,0,0,0,0,0,0,0,0,0,0,0
0,0,0,0,0,0,0,0,7,8,8,2,1,112,9,7,103,0,15,59,0,0,0,0,0,0,0,0,0,0,0,0,0,0,0,0
0,0,1,0,0,0,0,0,10,12,6,1,1,108,11,8,102,0,15,64,0,0,0,0,0,0,0,0,0,0,0,0,0,0,0,0
0,0,2,0,0,0,0,0,12,17,4,0,0,103,13,9,100,0,14,67,1,0,0,0,0,0,0,0,0,0,0,0,0,0,0,0
0,0,3,0,0,0,0,0,14,23,3,0,1,100,15,11,98,0,14,70,1,0,0,0,0,0,0,0,0,0,0,0,0,0,0,0
0,0,4,0,0,0,0,0,17,29,3,1,2,97,17,12,96,0,13,72,2,0,0,0,0,0,0,0,0,0,0,0,0,0,0,0
0,0,5,0,0,0,0,0,19,34,1,1,2,94,19,13,94,0,13,74,2,0,0,0,0,0,0,0,0,0,0,0,0,0,0,0
0,0,5,0,0,0,0,0,23,39,1,1,3,91,22,14,92,0,13,74,3,0,0,0,0,0,0,0,0,0,0,0,0,0,0,0
0,0,5,0,0,0,0,0,26,44,1,2,3,88,24,15,89,0,12,74,3,0,0,0,0,0,0,0,0,0,0,0,0,0,0,0
0,0,6,0,0,0,0,0,28,49,0,2,4,84,26,16,87,0,12,73,4,0,0,0,0,0,0,0,0,0,0,0,0,0,0,0
0,0,6,0,0,0,0,0,30,51,0,1,5,81,28,16,85,0,12,72,4,0,0,0,0,0,0,0,0,0,0,0,0,0,0,0
0,0,6,0,0,0,0,0,30,52,0,0,5,77,29,16,83,0,11,70,4,0,0,0,0,0,0,0,0,0,0,0,0,0,0,0
0,0,6,0,0,0,0,0,30,51,0,0,6,75,29,15,81,0,11,69,3,0,0,0,0,0,0,0,0,0,0,0,0,0,0,0
0,0,6,0,0,0,0,0,28,49,0,0,6,72,28,14,80,0,10,66,2,0,0,0,0,0,0,0,0,0,0,0,0,0,0,0
0,0,5,0,0,0,0,0,27,46,0,0,6,70,27,12,79,0,9,63,1,0,0,0,0,0,0,0,0,0,0,0,0,0,0,0
0,0,5,0,0,0,0,0,26,43,0,0,6,67,26,11,78,0,8,59,0,0,0,0,0,0,0,0,0,0,0,0,0,0,0,0
0,0,5,0,0,0,0,0,24,39,0,0,6,65,24,9,75,0,8,56,0,0,0,0,0,0,0,0,0,0,0,0,0,0,0,0
0,0,5,0,0,0,0,0,22,36,0,0,6,62,23,8,73,0,8,52,0,0,0,0,0,0,0,0,0,0,0,0,0,0,0,0
0,0,4,0,0,0,0,0,20,33,0,0,6,60,20,7,70,0,7,48,0,0,0,0,0,0,0,0,0,0,0,0,0,0,0,0
0,0,4,0,0,0,0,0,18,30,0,0,5,58,19,6,68,0,6,44,0,0,0,0,0,0,0,0,0,0,0,0,0,0,0,0
0,0,4,0,0,0,0,0,15,26,0,0,5,56,17,6,65,0,5,39,0,0,0,0,0,0,0,0,0,0,0,0,0,0,0,0
0,0,3,0,0,0,0,0,12,22,0,0,4,55,15,5,61,0,5,35,0,0,0,0,0,0,0,0,0,0,0,0,0,0,0,0
0,0,2,0,0,0,0,0,10,18,0,0,4,53,15,6,58,0,4,31,0,0,0,0,0,0,0,0,0,0,0,0,0,0,0,0
0,0,3,0,0,0,0,0,8,14,0,0,4,51,13,5,56,0,2,27,0,0,0,0,0,0,1,0,0,0,0,0,0,0,0,0
0,0,2,0,0,1,0,0,8,13,0,0,4,49,12,5,54,0,1,22,0,0,0,0,0,0,1,0,0,0,0,0,0,0,0,0
0,0,2,0,0,1,0,0,7,12,0,0,3,47,11,5,52,0,0,17,0,0,0,0,0,0,1,0,0,0,0,0,0,0,0,0
0,0,2,0,0,2,0,0,6,10,0,0,3,46,11,5,52,0,0,14,0,0,0,0,0,0,0,0,0,0,0,0,0,0,0,0
0,0,2,0,0,2,0,0,5,9,0,0,3,44,10,5,52,0,0,12,0,0,0,0,0,0,0,0,0,0,0,0,0,0,0,0
0,0,1,0,0,1,0,0,4,8,0,0,2,43,9,5,54,0,0,10,0,0,0,0,0,0,0,0,0,0,0,0,0,0,0,0
0,0,1,1,0,1,0,0,4,7,0,0,2,43,8,4,57,0,0,9,0,0,0,0,0,0,0,0,0,0,0,0,0,0,0,0
0,0,1,1,0,1,0,0,3,6,0,0,2,45,8,4,62,0,0,7,0,0,0,0,0,0,0,0,0,0,0,0,0,0,0,0
0,0,0,0,0,0,0,0,3,5,0,0,1,49,6,4,67,0,0,6,0,0,0,0,0,0,0,0,0,0,0,0,0,0,0,0
0,0,0,0,0,0,0,0,4,4,0,0,1,55,6,3,74,0,0,5,0,0,0,0,0,0,0,0,0,0,0,0,0,0,0,0
0,0,0,0,0,0,0,0,6,3,0,0,2,62,5,3,80,0,0,3,0,0,0,0,0,0,0,0,0,0,0,0,0,0,0,0
0,0,0,0,0,0,0,0,8,2,0,0,1,70,5,2,84,0,0,0,0,0,0,0,0,0,0,0,0,0,0,0,0,0,0,0
0,0,0,0,0,0,0,0,10,2,0,0,1,78,4,2,89,0,0,0,0,0,0,0,0,0,0,0,0,0,0,0,0,0,0,0
0,0,0,0,0,0,0,0,14,2,0,0,2,85,4,2,93,0,0,0,0,0,0,0,0,0,0,0,0,0,0,0,0,0,0,0
0,0,1,0,0,0,0,0,18,3,0,0,2,90,4,2,96,0,0,0,0,0,0,0,0,0,0,0,0,0,0,0,0,0,0,0
0,0,1,0,0,0,0,0,23,4,0,0,2,95,4,3,99,0,0,0,0,0,0,0,0,0,0,0,0,0,0,0,0,0,0,0
0,0,1,0,0,0,0,0,28,5,0,0,2,98,5,3,101,0,0,0,0,0,0,0,0,0,0,0,0,0,0,0,0,0,0,0
0,0,1,0,0,0,0,0,34,7,0,0,3,99,5,3,103,0,0,0,0,0,0,0,0,0,1,0,0,0,0,0,0,0,0,0
0,0,1,0,0,0,0,0,40,9,0,0,3,100,6,5,102,0,0,0,0,0,0,0,0,0,1,0,0,0,0,0,0,0,0,0
0,0,1,0,0,0,0,0,48,11,0,0,3,100,7,7,101,0,0,0,0,0,0,0,0,0,0,0,0,0,0,0,0,0,0,0
0,0,0,0,0,0,0,0,55,14,0,0,3,99,8,9,98,0,0,0,0,0,0,0,0,0,0,0,0,0,0,0,0,0,0,0
0,0,0,0,0,0,0,0,63,17,0,1,4,99,9,11,94,0,0,1,0,0,0,0,0,0,0,0,0,0,0,0,0,0,0,0
0,0,0,0,0,0,0,0,70,20,0,1,5,97,9,14,90,0,0,1,0,0,0,0,0,0,0,0,0,0,0,0,0,0,0,0
0,0,1,0,0,0,0,0,78,23,0,1,5,97,10,18,86,0,0,2,0,0,0,0,0,0,0,0,0,0,0,0,1,0,0,0
0,0,1,0,0,0,0,0,84,25,0,1,6,95,12,24,81,0,0,3,1,0,0,0,0,0,0,0,0,0,0,0,1,0,0,0
0,0,1,0,0,0,0,1,91,26,0,1,7,94,14,31,78,0,0,4,2,0,3,0,0,0,0,0,0,0,0,0,1,0,0,0
0,0,1,0,0,0,0,1,98,27,0,1,7,93,16,40,74,0,0,5,4,0,5,0,0,0,0,0,0,0,0,0,1,0,0,0
0,0,0,0,0,0,0,2,104,27,0,1,8,91,18,48,71,0,0,5,5,0,7,0,0,0,0,0,0,0,0,0,2,0,0,0
0,0,0,0,0,0,0,2,111,28,0,1,8,89,21,57,67,0,0,6,7,0,9,0,0,0,0,0,0,0,0,0,2,0,0,0
0,0,0,0,0,0,0,3,116,28,0,1,8,87,24,66,63,0,0,7,10,0,10,0,0,0,0,0,0,0,0,0,2,0,0,0
0,0,0,0,0,0,0,4,121,28,0,1,8,83,25,73,59,0,0,8,12,0,11,0,0,0,0,0,0,0,0,0,2,0,0,0
0,0,0,0,0,0,0,4,125,27,0,1,7,80,26,79,55,0,0,8,13,0,10,0,0,0,0,0,0,0,0,0,2,0,0,0
0,0,0,0,0,0,0,4,128,27,0,1,7,77,26,84,51,0,0,9,14,0,9,0,0,0,0,0,0,0,0,0,2,0,0,0
0,0,0,0,0,0,0,3,129,26,0,0,5,74,26,88,48,0,0,9,14,0,8,0,0,0,0,0,0,0,0,0,2,0,0,0
0,0,0,0,0,0,0,3,130,25,0,0,6,73,26,90,44,0,0,9,13,0,7,0,0,0,0,0,0,0,0,0,2,0,0,0
0,0,0,0,0,0,0,3,128,23,0,0,5,72,26,90,41,0,0,8,11,0,6,0,0,0,0,0,0,0,0,0,2,0,0,0
0,0,0,0,0,0,0,2,125,21,0,0,5,71,25,88,38,0,0,7,10,0,4,0,0,0,0,0,0,0,0,0,2,0,0,0
0,0,0,0,0,0,0,2,121,18,0,0,5,70,24,83,35,0,0,5,8,0,3,0,0,0,0,0,0,0,0,0,2,0,0,0
0,0,0,0,0,0,0,2,116,17,0,0,5,70,23,78,32,0,0,4,7,0,2,0,0,0,0,0,0,0,0,0,2,0,0,0
0,0,0,0,0,0,0,1,111,14,0,0,4,69,21,73,30,0,0,3,6,0,2,0,0,0,0,0,0,0,0,0,2,0,0,0
0,0,0,0,0,0,0,0,105,12,0,0,3,67,18,67,30,0,0,2,5,0,1,0,0,0,0,0,0,0,0,0,2,0,0,0
0,0,0,0,0,0,0,0,99,10,0,0,1,64,17,61,30,0,0,1,4,0,1,0,0,0,0,0,0,0,0,0,2,0,0,0
0,0,0,0,0,0,0,0,93,9,0,0,0,61,16,57,31,0,0,0,3,0,1,0,0,0,0,0,0,0,0,0,2,0,0,0
0,0,0,0,0,0,0,0,88,7,0,0,0,57,15,52,34,0,0,0,3,0,0,0,0,0,0,0,0,0,0,0,1,0,0,0
0,0,0,0,0,0,0,0,82,6,0,0,0,55,13,48,37,0,0,0,2,0,0,0,0,0,0,0,0,0,0,0,1,0,0,0
0,0,0,0,0,0,0,0,77,5,0,0,0,52,12,44,41,0,0,0,2,0,0,0,0,0,0,0,0,0,0,0,1,0,0,0
0,0,0,0,0,0,0,0,72,4,0,0,0,49,11,39,46,0,0,0,1,0,0,0,0,0,0,0,0,0,0,0,1,0,0,0
0,0,0,0,0,0,0,0,67,4,0,0,0,46,10,36,51,0,0,0,0,0,0,0,0,0,0,0,0,0,0,0,0,0,0,0
0,0,0,0,0,0,0,0,61,3,0,0,0,42,9,32,57,0,0,0,0,0,0,0,0,0,0,0,0,0,0,0,0,0,0,0
0,0,0,0,0,0,0,0,57,2,0,0,0,39,8,29,62,0,0,0,0,0,0,0,0,0,0,0,0,0,0,0,0,0,0,0
0,0,0,0,0,0,0,0,51,0,0,0,0,37,8,25,68,0,0,0,0,0,0,0,0,0,0,0,0,0,0,0,0,0,0,0
0,0,0,0,0,0,0,0,46,0,0,0,0,34,7,22,73,0,0,0,0,0,0,0,0,0,0,0,0,0,0,0,0,0,0,0
0,0,0,0,0,0,0,0,41,0,0,0,0,32,7,18,76,0,0,0,0,0,0,0,0,0,0,0,0,0,0,0,0,0,0,0
0,0,0,0,0,0,0,0,38,0,0,0,0,30,7,16,78,0,0,0,0,0,0,0,0,0,0,0,0,0,0,0,0,0,0,0
0,0,0,0,0,0,0,0,37,0,0,0,0,28,7,13,78,0,0,0,0,0,0,0,0,0,0,0,0,0,0,0,0,0,0,0
0,0,0,0,0,0,0,0,36,0,0,0,0,26,7,11,77,0,0,0,2,0,0,0,0,0,0,0,0,0,0,0,0,0,0,0
0,0,0,0,0,0,0,0,36,0,0,0,0,25,6,9,76,0,0,0,5,0,0,0,0,0,0,0,0,0,0,0,0,0,0,0
0,0,0,0,0,0,0,0,37,0,0,0,0,23,8,8,75,0,0,0,8,0,0,0,0,0,0,0,0,0,0,0,0,0,0,0
0,0,0,0,0,0,0,0,38,0,0,0,0,22,8,7,72,0,0,0,13,0,0,0,0,0,0,0,0,0,0,0,0,0,0,0
0,0,0,0,0,0,0,0,42,0,0,0,0,20,10,8,70,0,0,0,19,0,0,0,0,0,0,0,0,0,0,0,0,0,0,0
0,0,0,0,0,0,0,0,45,0,0,0,0,20,12,9,66,0,0,0,26,0,0,0,0,0,0,0,0,0,0,0,0,0,0,0
0,0,1,0,0,0,0,0,49,0,0,0,1,18,15,14,63,0,0,0,33,0,0,0,0,0,0,0,0,0,0,0,0,0,0,0
0,0,2,0,0,0,0,0,54,0,0,1,1,18,18,19,59,0,0,0,41,1,0,0,0,0,0,0,0,0,0,0,0,0,0,0
0,0,2,0,0,0,0,0,60,2,0,2,1,17,22,27,55,0,0,0,48,3,0,0,0,0,0,0,0,0,0,0,0,0,0,0
0,0,3,0,0,0,0,0,68,4,0,3,1,16,26,35,52,0,0,0,56,4,0,0,0,0,0,0,0,0,0,0,0,0,0,0
0,0,4,0,0,0,0,0,76,7,0,3,1,15,30,43,48,0,0,0,62,6,0,0,0,0,0,0,0,0,0,0,0,0,0,0
0,0,4,0,0,0,0,0,83,10,0,3,1,14,36,52,44,0,0,0,70,7,0,0,0,0,0,0,0,0,0,0,0,0,0,0
0,0,5,0,0,0,0,0,90,13,0,3,1,13,41,62,41,0,0,0,77,6,0,0,0,0,1,0,0,0,0,0,0,0,0,0
0,0,5,0,0,0,0,0,96,15,0,3,1,12,47,71,37,0,0,0,84,6,0,0,0,0,0,0,0,0,0,0,0,0,0,0
0,0,6,0,0,0,0,0,101,17,0,3,2,11,53,79,34,0,0,0,91,6,0,0,0,0,0,0,0,0,0,0,0,0,0,0
0,0,7,0,0,0,0,0,107,19,0,3,2,10,58,89,31,0,0,0,97,5,0,0,0,0,0,0,0,0,0,0,0,0,0,0
0,0,7,0,0,0,0,0,111,21,0,2,2,10,65,97,28,0,0,0,103,4,0,0,0,0,0,0,0,0,0,0,0,0,0,0
0,0,7,0,0,0,0,0,115,23,0,2,1,9,71,103,25,0,0,0,107,3,0,0,0,0,0,0,0,0,0,0,0,0,0,0
0,0,7,0,0,0,0,0,118,24,0,2,2,8,77,109,20,0,0,0,110,1,0,0,0,0,0,0,0,0,0,0,0,0,0,0
0,0,8,0,0,0,0,0,120,25,0,3,2,8,84,114,16,0,0,0,112,1,0,0,0,0,0,0,0,0,0,0,0,0,0,0
0,0,8,0,0,0,0,2,122,26,0,3,2,7,91,118,13,0,0,0,113,0,0,0,0,0,0,0,0,0,0,0,0,0,0,0
0,0,8,0,0,0,0,3,123,26,0,3,1,7,97,121,10,0,0,0,114,0,0,0,0,0,0,0,0,0,0,0,0,0,0,0
0,0,8,0,0,0,0,3,123,26,0,3,2,7,101,124,8,0,0,0,112,0,0,0,0,0,0,0,0,0,0,0,0,0,0,0
0,0,8,0,0,0,0,4,123,26,0,2,2,6,105,125,5,0,0,0,109,0,0,0,0,0,0,0,0,0,0,0,0,0,0,0
0,0,8,0,0,0,0,5,124,26,0,2,2,5,108,126,3,0,0,0,103,0,0,0,0,0,0,0,0,0,0,0,0,0,0,0
0,0,7,0,0,0,0,5,124,26,0,2,1,5,108,126,2,0,0,0,97,0,0,0,0,0,0,0,0,0,0,0,0,0,0,0
0,0,5,0,0,0,0,6,124,25,0,2,1,4,108,124,0,0,0,0,91,0,0,0,0,0,0,0,0,0,0,0,0,0,0,0
0,0,4,0,0,0,0,5,124,25,0,2,1,4,106,121,0,0,0,0,83,0,0,0,0,0,0,0,0,0,0,0,0,0,0,0
0,0,2,0,0,0,0,6,124,25,0,2,1,2,101,116,0,0,0,0,77,0,0,0,0,0,0,0,0,0,0,0,0,0,0,0
0,0,2,0,0,0,0,6,122,23,0,1,1,1,96,110,0,0,0,0,71,0,0,0,0,0,0,0,0,0,0,0,0,0,0,0
0,0,2,0,0,0,0,6,119,22,0,1,1,0,90,102,0,0,0,0,65,0,0,0,0,0,0,0,0,0,0,0,0,0,0,0
0,0,1,0,0,0,0,6,115,20,0,1,1,0,84,95,0,0,0,0,60,0,0,0,0,0,0,0,0,0,0,0,0,0,0,0
0,0,1,0,0,0,0,5,111,19,0,1,1,0,79,89,0,0,0,0,56,0,0,0,0,0,0,0,0,0,0,0,0,0,0,0
0,0,0,0,0,0,0,4,105,18,0,1,1,0,74,82,0,0,0,0,54,0,0,0,0,0,0,0,0,0,0,0,0,0,0,0
0,0,0,0,0,0,0,4,99,16,0,1,1,0,69,77,0,0,0,0,51,0,0,0,0,0,0,0,0,0,0,0,0,0,0,0
0,0,0,0,0,0,0,3,94,14,0,2,0,0,65,71,0,0,0,0,49,0,0,0,0,0,0,0,0,0,0,0,0,0,0,0
0,0,0,0,0,0,0,3,88,12,0,2,0,0,61,66,0,0,0,0,48,0,0,0,0,0,0,0,0,0,0,0,0,0,0,0
0,0,0,0,0,0,0,3,83,11,0,1,0,0,57,60,0,0,0,0,46,0,0,0,0,0,0,0,0,0,0,0,0,0,0,0
0,0,0,0,0,0,0,2,78,9,0,1,0,0,53,55,0,0,0,0,44,0,0,0,0,0,0,0,0,0,0,0,0,0,0,0
0,0,0,0,0,0,0,2,73,8,0,0,0,0,48,50,0,0,0,0,41,0,0,0,0,0,0,0,0,0,0,0,0,0,0,0
0,0,0,0,0,0,0,2,69,6,0,0,0,0,45,45,0,0,0,0,38,0,0,0,0,0,0,0,0,0,0,0,0,0,0,0
0,0,0,0,0,0,0,1,67,6,0,0,0,0,41,41,0,0,0,0,35,0,0,0,0,0,0,0,0,0,0,0,0,0,0,0
0,0,0,0,0,0,0,1,65,4,0,0,0,0,40,37,0,0,0,0,32,0,0,0,0,0,0,0,0,0,0,0,0,0,0,0
0,0,0,0,0,0,0,0,64,3,0,0,0,0,39,33,0,0,0,0,30,0,0,0,0,0,0,0,0,0,0,0,0,0,0,0
0,0,0,0,0,0,0,0,64,3,0,0,0,0,38,30,0,0,0,0,27,0,0,0,0,0,0,0,0,0,0,0,0,0,0,0
0,0,0,0,0,0,0,0,65,3,0,0,0,0,38,27,0,0,0,0,25,0,0,0,0,0,0,0,0,0,0,0,0,0,0,0
0,0,0,0,0,0,0,0,69,4,0,0,0,0,38,24,0,0,0,0,23,0,0,0,0,0,0,0,0,0,0,0,0,0,0,0
0,0,0,0,0,0,0,0,73,7,0,0,0,0,39,21,0,0,0,0,20,0,0,0,0,0,0,0,0,0,0,0,0,0,0,0
0,0,0,0,0,0,0,0,79,12,0,0,0,0,41,19,0,0,0,0,18,0,0,0,0,0,0,0,0,0,0,0,0,0,0,0
0,0,0,0,0,0,0,1,86,18,0,0,0,0,43,16,0,0,0,0,16,0,0,0,0,0,0,0,0,0,0,0,0,0,0,0
0,0,0,0,0,0,0,1,95,27,0,0,0,0,45,14,0,0,0,0,15,0,0,0,0,0,0,0,0,0,0,0,0,0,0,0
0,0,0,0,0,0,0,1,103,37,0,0,0,0,47,13,0,0,0,0,13,0,0,0,0,0,0,0,0,0,0,0,0,0,0,0
0,0,0,0,0,0,0,2,112,48,0,0,0,0,51,12,0,0,0,0,12,0,0,0,0,0,0,0,0,0,0,0,0,0,0,0
0,0,0,0,0,0,0,2,121,59,0,0,0,0,54,12,0,0,0,0,10,0,0,0,0,0,0,0,0,0,0,0,0,0,0,0
0,0,0,0,0,0,0,3,130,70,0,0,0,0,58,12,0,0,0,0,9,0,0,0,0,0,0,0,0,0,0,0,0,0,0,0
0,0,0,0,0,0,0,3,137,80,0,0,0,0,62,13,0,0,0,0,7,0,0,0,0,0,0,0,0,0,0,0,0,0,0,0
0,0,0,0,0,0,0,3,144,91,0,0,0,0,65,14,0,0,0,0,6,0,0,0,0,0,0,0,0,0,0,0,0,0,0,0
0,0,0,0,0,0,0,4,152,101,0,0,0,0,68,16,0,0,0,0,5,0,0,0,0,0,0,0,0,0,0,0,0,0,0,0
0,0,1,0,0,0,0,4,157,110,0,0,0,0,71,18,0,0,0,0,5,0,0,0,0,0,0,0,0,0,0,0,0,0,0,0
0,0,2,0,0,0,0,4,161,117,0,0,0,0,74,20,0,0,0,0,4,0,0,0,0,0,0,0,0,0,0,0,0,0,0,0
0,0,3,0,0,0,0,4,165,124,0,0,0,0,77,22,0,0,0,0,3,0,0,0,0,0,0,0,0,0,0,0,0,0,0,0
0,0,4,0,0,0,0,4,169,130,0,0,0,0,79,24,0,0,0,0,1,0,0,0,0,0,0,0,0,0,0,0,0,0,0,0
0,0,4,0,0,0,0,4,174,137,0,0,0,0,80,25,0,0,0,0,0,0,0,0,0,0,0,0,0,0,0,0,0,0,0,0
0,0,5,0,0,0,0,5,178,143,0,0,0,0,81,26,0,0,0,0,0,0,0,0,0,0,0,0,0,0,0,0,0,0,0,0
0,0,5,0,0,0,0,5,181,148,0,0,0,0,81,27,0,0,0,0,0,0,0,0,0,0,0,0,0,0,0,0,0,0,0,0
0,0,5,0,0,0,0,5,184,154,0,0,0,0,82,27,0,0,0,0,0,0,0,0,0,0,0,0,0,0,0,0,0,0,0,0
0,0,5,0,0,0,0,6,187,158,0,0,0,0,81,27,0,0,0,0,0,0,0,0,0,0,0,0,0,0,0,0,0,0,0,0
0,0,5,0,0,0,1,6,190,164,0,0,0,0,81,27,0,0,0,0,0,0,0,0,0,0,0,0,0,0,0,0,0,0,0,0
0,0,6,0,0,0,0,5,192,167,0,0,0,0,79,26,0,0,0,0,0,0,0,0,0,0,0,0,0,0,0,0,0,0,0,0
0,0,6,0,0,0,0,4,193,170,0,0,0,0,77,24,0,0,0,0,0,0,0,0,0,0,0,0,0,0,0,0,0,0,0,0
0,0,6,0,0,0,0,3,194,173,0,0,0,0,75,23,0,0,0,0,0,0,0,0,0,0,0,0,0,0,0,0,0,0,0,0
0,0,6,0,0,0,0,2,193,172,0,0,0,0,72,20,0,0,0,0,0,0,0,0,0,0,0,0,0,0,0,0,0,0,0,0
0,0,5,0,0,0,0,3,193,169,0,0,0,0,69,18,0,0,0,0,0,0,0,0,0,0,0,0,0,0,0,0,0,0,0,0
0,0,5,0,0,0,0,3,192,163,0,0,0,0,66,16,0,0,0,0,0,0,0,0,0,0,0,0,0,0,0,0,0,0,0,0
0,0,4,0,0,0,0,3,189,155,0,1,0,0,62,14,0,0,0,0,0,0,0,0,0,0,0,0,0,0,0,0,0,0,0,0
0,0,4,0,0,0,0,3,186,144,0,1,0,0,58,13,0,0,0,0,0,0,0,0,0,0,0,0,0,0,0,0,0,0,0,0
0,0,3,0,0,0,0,3,181,134,0,1,0,0,54,12,0,0,0,0,0,0,0,0,0,0,0,0,0,0,0,0,0,0,0,0
0,0,3,0,0,0,0,2,175,124,0,1,0,0,51,10,0,0,0,0,0,0,0,0,0,0,0,0,0,0,0,0,0,0,0,0
0,0,2,0,0,0,0,1,168,114,0,1,0,0,47,9,0,0,0,0,0,0,0,0,0,0,0,0,0,0,0,0,0,0,0,0
0,0,1,0,0,0,0,0,160,105,0,1,0,0,44,8,0,0,0,0,0,0,0,0,0,0,0,0,0,0,0,0,0,0,0,0
0,0,1,0,0,0,0,0,152,96,0,0,0,0,40,7,0,0,0,0,0,0,0,0,0,0,0,0,0,0,0,0,0,0,0,0
0,0,1,0,0,0,0,0,143,88,0,0,0,0,38,6,0,0,0,0,0,0,0,0,0,0,0,0,0,0,0,0,0,0,0,0
0,0,1,0,0,0,0,0,134,80,0,0,0,0,35,5,0,0,0,0,0,0,0,0,0,0,0,0,0,0,0,0,0,0,0,0
0,0,0,0,0,0,0,0,125,73,0,0,0,0,32,3,1,0,0,0,0,0,0,0,0,0,0,0,0,0,0,0,0,0,0,0
0,0,0,0,0,0,0,0,118,66,0,0,0,3,29,2,4,0,0,0,0,0,0,0,0,0,0,0,0,0,0,0,0,0,0,0
0,0,0,0,0,0,0,0,110,60,0,0,0,8,27,1,9,0,0,0,0,0,0,0,0,0,0,0,0,0,0,0,0,0,0,0
0,0,0,0,0,0,0,0,102,54,0,0,0,14,25,0,13,0,0,0,0,0,0,0,0,0,0,0,0,0,0,0,0,0,0,0
0,0,0,0,0,0,0,0,95,49,0,0,0,21,22,0,16,0,0,0,0,0,0,0,0,0,0,0,0,0,0,0,0,0,0,0
0,0,0,0,0,0,0,0,89,44,0,1,0,29,20,0,19,0,0,0,0,0,0,0,0,0,0,0,0,0,0,0,0,0,0,0
0,0,0,0,0,0,0,0,79,39,0,1,0,36,19,0,20,0,0,0,0,0,0,0,0,0,0,0,0,0,0,0,0,0,0,0
0,0,0,0,0,0,0,0,72,34,0,0,0,46,17,2,20,0,0,0,0,0,0,0,0,0,0,0,0,0,0,0,0,0,0,0
0,0,0,0,0,0,0,0,64,30,0,0,0,55,15,7,18,0,0,0,0,0,0,0,0,0,0,0,0,0,0,0,0,0,0,0
0,0,0,0,0,0,0,0,57,26,0,0,0,65,12,15,16,0,0,0,0,0,0,0,0,0,0,0,0,0,0,0,0,0,0,0
0,0,0,0,0,0,0,0,54,22,0,0,0,73,10,26,14,0,0,0,0,0,0,0,0,0,0,0,0,0,0,0,0,0,0,0
0,0,0,0,0,0,0,0,51,19,0,0,0,81,7,36,12,0,0,0,0,0,0,0,0,0,0,0,0,0,0,0,0,0,0,0
0,0,0,0,0,0,0,0,48,16,0,0,0,88,8,49,11,0,0,0,0,0,0,0,0,0,0,0,0,0,0,0,0,0,0,0
0,0,0,0,0,0,0,0,46,14,0,1,0,92,9,62,10,0,0,0,0,0,0,0,0,0,0,0,0,0,0,0,0,0,0,0
0,0,0,0,0,0,0,0,43,11,0,1,1,93,12,76,10,0,0,0,0,0,0,0,0,0,0,0,0,0,0,0,0,0,0,0
0,0,0,0,0,0,0,0,41,9,0,1,1,94,18,92,8,0,0,0,0,0,0,0,0,0,0,0,0,0,0,0,0,0,0,0
0,0,0,0,0,0,0,0,39,7,0,1,2,92,25,108,7,0,0,0,0,0,0,0,0,0,0,0,0,0,0,0,0,0,0,0
0,0,0,0,0,0,0,0,38,5,0,2,2,91,32,124,6,0,0,0,0,0,0,0,0,0,0,0,0,0,0,0,0,0,0,0
0,0,0,0,0,0,0,0,36,3,0,2,2,87,39,138,4,0,0,0,0,0,0,0,0,0,0,0,0,0,0,0,0,0,0,0
0,0,0,0,0,0,0,0,36,2,0,3,0,83,46,145,2,0,0,0,0,0,0,0,0,0,0,0,0,0,0,0,0,0,0,0
0,0,0,0,0,0,0,0,34,1,0,3,0,80,51,141,0,0,0,0,0,0,0,0,0,0,0,0,0,0,0,0,0,0,0,0
0,0,0,0,0,0,0,0,34,1,0,4,0,76,58,138,0,0,0,0,0,0,0,0,0,0,0,0,0,0,0,0,0,0,0,0
0,0,2,0,0,0,0,0,34,0,0,4,0,73,65,135,0,0,0,0,0,0,0,0,0,0,0,0,0,0,0,0,1,0,0,0
0,0,3,0,0,0,0,0,33,0,0,4,0,70,72,139,0,0,0,0,0,0,0,0,0,0,0,0,0,0,0,0,0,0,0,0
0,0,4,0,0,0,0,0,32,0,0,4,0,68,79,151,0,0,0,0,1,0,0,0,0,0,0,0,0,0,0,0,0,0,0,0
0,0,4,0,0,0,0,0,31,0,0,4,0,65,86,162,0,0,0,0,2,0,0,0,0,0,0,0,0,0,0,0,0,0,0,0
0,0,4,0,0,0,0,0,31,0,0,4,0,62,93,174,0,0,0,0,2,0,0,0,0,0,0,0,0,0,0,0,1,0,0,0
0,0,5,0,0,0,0,0,30,0,0,4,0,59,99,184,0,0,0,0,2,0,0,0,0,0,0,0,0,0,0,0,1,0,0,0
0,0,6,0,0,0,0,0,31,0,0,4,0,57,104,195,0,0,0,0,3,0,0,0,0,0,0,0,0,0,0,0,1,0,0,0
0,0,7,0,0,0,0,0,30,0,0,3,0,54,110,204,0,0,0,0,3,0,0,0,0,0,0,0,0,0,0,0,2,0,0,0
0,0,8,0,0,0,0,0,30,0,0,2,0,51,116,213,0,0,0,0,3,0,0,0,0,0,0,0,0,0,0,0,2,0,0,0
0,0,9,0,0,0,0,0,30,0,0,1,0,49,120,221,0,0,0,0,3,0,0,0,0,0,1,0,0,0,0,0,2,0,0,0
0,0,10,0,0,0,0,0,30,0,0,1,0,47,124,228,0,0,0,0,3,0,0,0,0,0,1,0,0,0,0,0,2,0,0,0
0,0,10,0,0,0,0,0,29,0,0,1,0,47,126,233,0,0,0,0,3,0,0,0,0,0,1,0,0,0,0,0,2,0,0,0
0,0,10,0,0,0,0,0,28,0,0,2,0,46,130,237,0,0,0,0,3,0,0,0,0,0,1,0,0,0,0,0,2,0,0,0
0,0,10,0,0,0,0,0,28,0,0,2,1,46,131,237,0,0,0,0,2,0,0,0,0,0,1,0,0,0,0,0,2,0,0,0
0,0,10,0,0,0,0,0,26,0,0,2,1,47,130,233,0,0,0,0,2,0,0,0,0,0,1,0,0,0,0,0,2,0,0,0
0,0,10,0,0,0,0,0,25,0,0,2,1,48,128,226,0,0,0,0,2,0,0,0,0,0,1,0,0,0,0,0,2,0,0,0
0,0,10,0,0,0,0,0,23,0,0,1,1,48,125,217,0,0,0,0,2,0,0,0,0,0,2,0,0,0,0,0,1,0,0,0
0,0,9,0,0,0,0,0,20,0,0,1,1,48,120,206,0,0,0,0,2,0,0,0,0,0,2,0,0,0,0,0,1,0,0,0
0,0,9,0,0,0,0,0,17,0,0,0,2,49,114,195,0,0,0,0,2,0,0,0,0,0,2,0,0,0,0,0,1,0,0,0
0,0,8,0,0,0,0,0,15,0,0,0,2,49,107,183,0,0,0,0,0,0,0,0,0,0,2,0,0,0,0,0,1,0,0,0
0,0,7,0,0,0,0,0,14,0,0,0,2,49,100,171,0,0,0,0,0,0,0,0,0,0,1,0,0,0,0,0,1,0,0,0
0,0,6,0,0,0,0,0,13,0,0,0,2,49,94,159,0,0,0,0,0,0,0,0,0,0,0,0,0,0,0,0,1,0,0,0
0,0,6,0,0,0,0,0,12,0,0,0,2,49,87,148,0,0,0,0,0,0,0,0,0,0,0,0,0,0,0,0,0,0,0,0
0,0,6,0,0,0,0,0,11,0,0,0,2,50,81,137,0,0,0,0,1,0,0,0,0,0,0,0,0,0,0,0,0,0,0,0
0,0,5,0,0,0,0,0,10,0,0,0,2,49,75,128,0,0,0,0,3,0,0,0,0,0,0,0,0,0,0,0,0,0,0,0
0,0,5,0,0,0,0,0,9,0,0,0,1,48,70,118,0,0,0,0,4,0,0,0,0,0,0,0,0,0,0,0,0,0,0,0
0,0,5,0,0,0,0,0,7,0,0,0,1,47,65,110,0,0,0,0,7,0,0,0,0,0,0,0,0,0,0,0,0,0,0,0
0,0,4,0,0,0,0,0,6,0,0,0,0,45,59,101,0,0,0,0,9,0,0,0,0,0,0,0,0,0,0,0,0,0,0,0
0,0,3,0,0,0,0,0,3,0,0,0,0,43,55,93,0,0,0,0,11,0,0,0,0,0,0,0,0,0,0,0,0,0,0,0
0,0,3,0,0,0,0,0,2,0,0,0,0,40,50,87,0,0,0,0,12,0,0,0,0,0,0,0,0,0,0,0,0,0,0,0
0,0,2,0,0,0,0,0,2,0,0,0,0,39,46,79,0,0,0,0,13,0,0,0,0,0,0,0,0,0,0,0,0,0,0,0
0,0,2,0,0,0,0,0,1,0,0,0,1,40,42,72,0,0,0,0,15,0,0,0,0,0,0,0,0,0,0,0,0,0,0,0
0,0,1,0,0,0,0,0,1,0,0,0,0,42,38,66,0,0,0,0,15,0,0,0,0,0,0,0,0,0,0,0,0,0,0,0
0,0,0,0,0,0,0,0,1,0,0,0,0,48,35,59,0,0,0,0,17,0,0,0,0,0,0,0,0,0,0,0,0,0,0,0
0,0,0,0,0,0,0,0,0,0,0,0,0,56,31,54,0,0,0,0,18,0,0,0,0,0,0,0,0,0,0,0,0,0,0,0
0,0,0,0,0,0,0,0,0,0,0,0,0,67,29,50,0,0,0,0,19,0,0,0,0,0,0,0,0,0,0,0,0,0,0,0
0,0,0,0,0,0,0,0,0,0,0,0,0,79,26,46,0,0,0,0,19,0,0,0,0,0,0,0,0,0,0,0,0,0,0,0
0,0,0,0,0,0,0,0,0,0,0,0,0,91,24,45,0,0,0,0,19,0,0,0,0,0,0,0,0,0,0,0,0,0,0,0
0,0,0,0,0,0,0,0,0,0,0,0,0,102,22,46,0,0,0,0,17,0,0,0,0,0,0,0,0,0,0,0,0,0,0,0
0,0,0,0,0,0,0,0,0,0,0,0,0,111,20,50,0,0,0,0,16,0,0,0,0,0,0,0,0,0,0,0,0,0,0,0
0,0,0,0,0,0,0,0,0,0,0,0,0,117,19,56,0,0,0,0,16,0,0,0,0,0,0,0,0,0,0,0,0,0,0,0
0,0,0,0,0,0,0,0,1,0,0,0,0,121,19,65,0,0,0,0,15,0,0,0,0,0,0,0,0,0,0,0,0,0,0,0
0,0,0,0,0,0,0,0,3,0,0,0,0,122,20,73,0,0,0,0,13,0,0,0,0,0,0,0,0,0,0,0,0,0,0,0
0,0,0,0,0,0,0,0,4,0,0,0,1,123,22,83,0,0,0,0,13,0,0,0,0,0,0,0,0,0,0,0,0,0,0,0
0,0,1,0,0,0,0,0,7,0,0,0,1,123,23,94,0,0,0,0,13,0,0,0,0,0,0,0,0,0,0,0,0,0,0,0
0,0,2,0,0,0,0,0,9,0,0,0,2,124,26,105,0,0,0,0,13,0,0,0,0,0,0,0,0,0,0,0,0,0,0,0
0,0,3,0,0,0,0,0,12,0,0,0,3,124,29,118,0,0,0,0,12,0,0,0,0,0,0,0,0,0,0,0,0,0,0,0
0,0,3,0,0,0,0,0,16,0,0,1,3,124,32,129,0,0,0,0,11,0,0,0,0,0,0,0,0,0,0,0,0,0,0,0
0,0,4,0,0,0,0,0,19,0,0,1,4,123,37,141,0,0,0,0,11,0,0,0,0,0,0,0,0,0,0,0,0,0,0,0
0,0,5,0,0,0,0,0,23,0,0,1,5,123,41,150,0,0,0,0,10,0,0,0,0,0,0,0,0,0,0,0,0,0,0,0
0,0,6,0,0,0,0,0,26,0,0,2,5,121,46,158,0,0,0,0,10,0,0,0,0,0,0,0,0,0,0,0,0,0,0,0
0,0,7,0,0,0,0,0,30,0,0,2,6,120,51,165,0,0,0,0,9,0,0,0,0,0,0,0,0,0,0,0,0,0,0,0
0,0,8,0,0,0,0,0,32,0,0,3,7,117,57,172,0,0,0,0,8,0,0,0,0,0,0,0,0,0,0,0,0,0,0,0
0,0,9,0,0,0,0,0,35,0,0,3,7,114,65,179,0,0,0,0,8,0,0,0,0,0,0,0,0,0,0,0,0,0,0,0
0,0,9,0,0,0,0,0,37,0,0,3,8,111,73,186,0,0,0,0,8,0,0,0,0,0,0,0,0,0,0,0,0,0,0,0
0,0,10,0,0,0,0,1,39,0,0,3,8,108,81,194,0,0,0,0,8,0,0,0,0,0,0,0,0,0,0,0,0,0,0,0
0,0,10,0,0,0,0,1,41,0,0,3,8,104,89,200,0,0,0,0,8,0,0,0,0,0,0,0,0,0,0,0,0,0,0,0
0,0,9,0,0,0,0,2,43,0,0,3,8,100,97,206,0,0,0,0,7,0,0,0,0,0,0,0,0,0,0,0,0,0,0,0
0,0,9,0,0,0,0,3,45,0,0,3,8,97,104,211,0,0,0,0,7,0,0,0,0,0,0,0,0,0,0,0,0,0,0,0
0,0,9,0,0,0,0,3,47,0,0,3,8,93,110,216,0,0,0,0,6,0,0,0,0,0,0,0,0,0,0,0,0,0,0,0
0,0,9,0,0,0,0,3,49,0,0,3,7,88,114,218,0,0,0,0,5,0,0,0,0,0,0,0,0,0,0,0,0,0,0,0
0,0,10,0,0,0,0,3,50,0,0,3,6,83,116,220,0,0,0,0,5,0,0,0,0,0,0,0,0,0,0,0,0,0,0,0
0,0,10,0,0,0,0,3,51,0,0,3,4,80,117,221,0,0,0,0,4,0,0,0,0,0,0,0,0,0,0,0,0,0,0,0
0,0,11,0,0,0,0,3,52,0,0,2,4,78,117,223,0,0,0,0,4,0,0,0,0,0,0,0,0,0,0,0,0,0,0,0
0,0,10,0,0,0,0,2,50,0,0,2,4,76,116,225,0,0,0,0,4,0,0,0,0,0,0,0,0,0,0,0,0,0,0,0
0,0,11,0,0,0,0,2,49,0,0,2,3,74,112,227,0,0,0,0,3,0,0,0,0,0,0,0,0,0,0,0,0,0,0,0
0,0,9,0,0,0,0,2,47,0,0,2,3,73,107,227,0,0,0,0,3,0,0,0,0,0,0,0,0,0,0,0,0,0,0,0
0,0,8,0,0,0,0,2,45,0,0,2,4,72,101,226,0,0,0,0,2,0,0,0,0,0,0,0,0,0,0,0,0,0,0,0
0,0,7,0,0,0,0,2,41,0,0,2,4,71,95,222,0,0,0,0,2,0,0,0,0,0,0,0,0,0,0,0,0,0,0,0
0,0,7,0,0,0,0,2,39,0,0,2,3,70,89,216,0,0,0,0,1,0,0,0,0,0,0,0,0,0,0,0,0,0,0,0
0,0,6,0,0,0,0,2,36,0,0,0,1,68,82,207,0,0,0,0,1,0,0,0,0,0,0,0,0,0,0,0,0,0,0,0
0,0,6,0,0,0,0,2,34,0,0,0,0,67,77,196,0,0,0,0,1,0,0,0,0,0,0,0,0,0,0,0,0,0,0,0
0,0,5,0,0,0,0,1,31,0,0,0,0,65,71,186,0,0,0,0,0,0,0,0,0,0,0,0,0,0,0,0,0,0,0,0
0,0,5,0,0,0,0,1,29,0,0,0,0,63,66,174,0,0,0,0,0,0,0,0,0,0,0,0,0,0,0,0,0,0,0,0
0,0,5,0,0,0,0,0,26,0,0,0,0,61,61,162,0,0,0,0,0,0,0,0,0,0,0,0,0,0,0,0,0,0,0,0
0,0,4,0,0,0,0,0,24,0,0,0,0,58,56,151,0,0,0,0,0,0,0,0,0,0,0,0,0,0,0,0,0,0,0,0
0,0,4,0,0,0,0,0,22,0,0,0,0,55,52,140,0,0,0,0,0,0,0,0,0,0,0,0,0,0,0,0,0,0,0,0
0,0,4,0,0,0,0,0,20,0,0,0,0,52,48,131,0,0,0,0,0,0,0,0,0,0,0,0,0,0,0,0,0,0,0,0
0,0,3,0,0,0,0,0,18,0,0,0,0,49,45,121,0,0,0,0,0,0,0,0,0,0,0,0,0,0,0,0,0,0,0,0
0,0,3,0,0,0,0,0,15,0,0,0,0,46,40,114,0,0,0,0,0,0,0,0,0,0,0,0,0,0,0,0,0,0,0,0
0,0,3,0,0,0,0,0,13,0,0,0,0,44,37,108,0,0,0,0,0,0,0,0,0,0,0,0,0,0,0,0,0,0,0,0
0,0,2,0,0,0,0,0,10,0,0,0,0,44,34,102,0,0,0,0,0,0,0,0,0,0,0,0,0,0,0,0,0,0,0,0
0,0,2,0,0,0,0,0,8,0,0,0,0,47,31,97,0,0,0,0,0,0,0,0,0,0,0,0,0,0,0,0,0,0,0,0
0,0,2,0,0,0,0,0,8,0,0,0,0,51,29,93,0,0,0,0,0,0,0,0,0,0,0,0,0,0,0,0,0,0,0,0
0,0,2,0,0,0,0,0,7,0,0,0,0,57,27,90,0,0,0,0,0,0,0,0,0,0,0,0,0,0,0,0,0,0,0,0
0,0,2,0,0,0,0,0,6,0,0,0,1,65,24,88,0,0,0,0,0,0,0,0,0,0,0,0,0,0,0,0,0,0,0,0
0,0,2,0,0,0,0,0,6,0,0,0,1,74,22,89,0,0,0,0,0,0,0,0,0,0,0,0,0,0,0,0,0,0,0,0
0,0,2,0,0,0,0,0,6,0,0,0,2,84,21,90,0,0,0,0,0,0,0,0,0,0,0,0,0,0,0,0,0,0,0,0
0,0,2,0,0,0,0,0,5,0,0,0,3,95,19,95,0,0,0,0,0,0,0,0,0,0,0,0,0,0,0,0,0,0,0,0
0,0,3,0,0,0,0,0,4,0,0,0,4,107,18,101,0,0,0,0,0,0,0,0,0,0,1,0,0,0,0,0,0,0,0,0
0,0,3,0,0,0,0,0,3,0,0,0,6,119,17,110,0,0,0,0,0,0,0,0,0,0,1,0,0,0,0,0,0,0,0,0
0,0,3,0,0,0,0,0,2,0,0,0,7,131,16,119,0,0,0,0,0,0,0,0,0,0,2,0,0,0,0,0,0,0,0,0
0,0,4,0,0,0,0,0,2,0,0,0,8,144,15,130,0,0,0,0,0,0,0,0,0,0,2,0,0,0,0,0,0,0,0,0
0,0,4,0,0,0,0,0,2,0,0,0,10,156,15,140,0,0,0,0,0,0,0,0,0,0,3,0,0,0,0,0,0,0,0,0
0,0,4,0,0,0,0,0,3,0,0,0,11,168,14,152,0,0,0,0,0,0,0,0,0,0,3,0,0,0,0,0,0,0,0,0
0,0,4,0,0,0,0,0,4,0,0,0,13,179,15,162,0,0,0,0,0,0,0,0,0,0,3,0,0,0,0,0,0,0,0,0
0,0,5,0,0,0,0,0,4,0,0,0,15,190,14,172,0,0,0,0,0,0,0,0,0,0,4,0,0,0,0,0,0,0,0,0
0,0,5,0,0,0,0,0,5,0,0,0,16,200,15,180,0,0,0,0,0,0,0,0,0,0,4,0,0,0,0,0,0,0,0,0
0,0,5,0,0,0,0,0,6,0,0,0,17,210,14,188,0,0,0,0,0,0,0,0,0,0,5,0,0,0,0,0,0,0,0,0
0,0,6,0,0,0,0,0,6,0,0,0,19,219,15,194,0,0,0,0,0,0,0,0,0,0,5,0,0,0,0,0,0,0,0,0
0,0,6,0,0,0,0,0,6,0,0,1,56,256,51,233,29,43,0,0,0,0,0,0,0,0,5,0,0,0,0,0,0,0,0,0
0,0,7,0,0,0,0,0,6,0,0,1,125,256,120,256,109,126,0,0,0,0,0,0,0,0,4,0,0,0,0,0,0,0,0,0
0,0,7,0,0,0,0,0,6,0,0,1,223,256,220,256,224,246,0,0,0,0,0,0,0,0,4,0,0,0,0,0,0,0,0,0
0,0,7,0,0,0,0,0,6,0,0,0,256,256,256,256,256,256,0,0,0,0,0,0,0,0,2,0,0,0,0,0,0,0,0,0
0,0,7,0,0,0,0,0,7,0,0,0,256,256,256,256,256,256,0,0,0,0,0,0,0,0,2,0,0,0,0,0,0,0,0,0
0,0,6,0,0,0,0,0,7,0,0,0,256,256,256,256,256,256,0,0,0,0,0,0,0,0,2,0,0,0,0,0,0,0,0,0
0,0,6,0,0,0,0,0,8,0,0,0,256,256,256,256,256,256,0,0,0,0,0,0,0,0,1,0,0,0,0,0,0,0,0,0
0,0,6,0,0,0,0,0,8,0,0,0,256,256,256,256,256,256,0,0,0,0,0,0,0,0,0,0,0,0,0,0,0,0,0,0
0,0,6,0,0,0,0,0,9,0,0,0,256,256,256,256,256,256,0,0,0,0,0,0,0,0,0,0,0,0,0,0,0,0,0,0
0,0,7,0,0,0,0,0,10,0,0,0,256,256,256,256,256,256,0,0,0,0,0,0,0,0,0,0,0,0,0,0,0,0,0,0
0,0,7,0,0,0,0,0,11,0,0,0,256,256,256,256,256,256,0,0,0,0,0,0,0,0,0,0,0,0,0,0,0,0,0,0
0,0,7,0,0,0,0,0,11,0,0,0,256,256,256,256,256,256,0,0,0,0,0,0,0,0,0,0,0,0,0,0,0,0,0,0
0,0,6,0,0,0,0,0,11,0,0,0,256,256,256,256,256,256,0,0,0,0,0,0,0,0,0,0,0,0,0,0,0,0,0,0
0,0,6,0,0,0,0,0,11,0,0,0,256,256,256,256,256,256,0,0,0,0,0,0,0,0,0,0,0,0,0,0,0,0,0,0
0,0,7,0,0,0,0,0,12,0,0,0,256,256,256,256,256,256,0,0,0,0,0,0,0,0,0,0,0,0,0,0,0,0,0,0
0,0,8,0,0,0,0,0,13,0,0,0,256,256,256,256,256,256,0,0,0,0,0,0,0,0,0,0,0,0,0,0,0,0,0,0
0,0,8,0,0,0,0,0,14,0,0,0,256,256,256,256,256,256,0,0,0,0,0,0,0,0,0,0,0,0,0,0,0,0,0,0
0,0,8,0,0,0,0,0,14,0,0,0,256,256,256,256,256,256,0,0,0,0,0,0,0,0,0,0,0,0,0,0,0,0,0,0
0,0,9,0,0,0,0,0,15,0,0,0,256,256,256,256,256,256,0,0,0,0,0,0,0,0,0,0,0,0,0,0,0,0,0,0
0,0,8,0,0,0,0,0,14,0,0,0,256,256,256,256,256,256,0,0,0,0,0,0,0,0,0,0,0,0,0,0,0,0,0,0
0,0,7,0,0,0,0,0,14,0,0,0,256,256,256,256,256,256,0,0,0,0,0,0,0,0,0,0,0,0,0,0,0,0,0,0
0,0,6,0,0,0,0,0,13,0,0,0,256,256,256,256,256,256,0,0,0,0,0,0,0,0,0,0,0,0,0,0,0,0,0,0
0,0,4,0,0,0,0,0,12,0,0,0,256,256,256,256,256,256,0,0,0,0,0,0,0,0,0,0,0,0,0,0,0,0,0,0
0,0,5,0,0,0,0,0,11,0,0,0,256,256,256,256,256,256,0,0,0,0,0,0,0,0,0,0,0,0,0,0,0,0,0,0
0,0,4,0,0,0,0,0,10,0,0,0,256,256,256,256,256,256,0,0,0,0,0,0,0,0,0,0,0,0,0,0,0,0,0,0
0,0,5,0,0,0,0,0,9,0,0,0,256,256,256,256,256,256,0,0,0,0,0,0,0,0,0,0,0,0,0,0,0,0,0,0
0,0,4,0,0,0,0,0,8,0,0,0,256,256,256,256,256,256,0,0,0,0,0,0,0,0,0,0,0,0,0,0,0,0,0,0
0,0,4,0,0,0,0,0,8,0,0,0,256,256,256,256,256,256,0,0,0,0,0,0,0,0,0,0,0,0,0,0,0,0,0,0
0,0,4,0,0,0,0,0,7,0,0,0,256,256,256,256,256,256,0,0,0,0,0,0,0,0,0,0,0,0,0,0,0,0,0,0
0,0,3,0,0,0,0,0,6,0,0,0,256,256,256,256,256,256,0,0,0,0,0,0,0,0,0,0,0,0,0,0,0,0,0,0
0,0,2,0,0,0,0,0,5,0,0,0,256,256,256,256,256,256,0,0,0,0,0,0,0,0,0,0,0,0,0,0,0,0,0,0
0,0,1,0,0,0,0,0,5,0,0,0,256,256,256,256,256,256,0,0,0,0,0,0,0,0,0,0,0,0,0,0,0,0,0,0
0,0,0,0,0,0,0,0,3,0,0,0,256,256,256,256,256,256,0,0,0,0,0,0,0,0,0,0,0,0,0,0,0,0,0,0
0,0,0,0,0,0,0,0,3,0,0,0,256,256,256,256,256,256,0,0,0,0,0,0,0,0,0,0,0,0,0,0,0,0,0,0
0,0,0,0,0,0,0,0,3,0,0,0,256,256,256,256,256,256,0,0,0,0,0,0,0,0,0,0,0,0,0,0,0,0,0,0
0,0,0,0,0,0,0,0,2,0,0,0,241,256,240,256,256,256,0,0,0,0,0,0,0,0,0,0,0,0,0,0,0,0,0,0
0,0,0,0,0,0,0,0,2,0,0,0,223,256,221,256,233,256,0,0,0,0,0,0,0,0,0,0,0,0,0,0,0,0,0,0
0,0,0,0,0,0,0,0,2,0,0,0,206,256,203,256,214,242,0,0,0,0,0,0,0,0,0,0,0,0,0,0,0,0,0,0
0,0,0,0,0,0,0,0,1,0,0,0,190,256,187,256,195,224,0,0,0,0,0,0,0,0,0,0,0,0,0,0,0,0,0,0
0,0,0,0,0,0,0,0,1,0,0,0,176,256,172,256,177,207,0,0,0,0,0,0,0,0,0,0,0,0,0,0,0,0,0,0
0,0,0,0,0,0,0,0,2,0,0,0,163,252,158,247,161,191,0,0,0,0,0,0,0,0,0,0,0,0,0,0,0,0,0,0
0,0,0,0,0,0,0,0,2,0,0,0,151,236,146,238,146,176,0,0,0,0,0,0,0,0,0,0,0,0,0,0,0,0,0,0
0,0,0,0,0,0,0,0,2,0,0,0,139,222,135,231,133,162,0,0,0,0,0,0,0,0,0,0,0,0,0,0,0,0,0,0
0,0,0,0,0,0,0,0,2,0,0,0,128,209,125,227,120,150,0,0,0,1,0,0,0,0,0,0,0,0,0,0,0,0,0,0
0,0,0,0,0,0,0,0,3,0,0,0,119,196,116,225,109,139,0,0,0,1,0,0,0,0,0,0,0,0,0,0,0,0,0,0
0,0,0,0,0,0,0,0,4,0,0,0,110,184,108,225,100,128,0,0,0,1,0,0,0,0,0,0,0,0,0,0,0,0,0,0
0,0,0,0,0,0,0,0,8,0,0,0,101,174,101,225,90,118,0,0,0,0,0,0,0,0,0,0,0,0,0,0,0,0,0,0
0,0,0,0,0,0,0,0,12,0,0,0,94,165,96,227,82,109,0,0,0,0,0,0,0,0,0,0,0,0,0,0,0,0,0,0
0,0,1,0,0,0,0,0,17,0,0,0,87,156,91,228,75,100,0,0,0,0,0,0,0,0,0,0,0,0,0,0,0,0,0,0
0,0,2,0,0,0,0,0,22,0,0,0,80,147,87,229,69,92,0,0,0,1,0,0,0,0,0,0,0,0,0,0,0,0,0,0
0,0,2,0,0,0,0,0,28,0,0,0,75,139,84,230,62,86,0,0,0,2,0,0,0,0,0,0,0,0,0,0,0,0,0,0
0,0,3,0,0,0,0,0,33,0,0,0,70,132,83,230,56,79,0,0,0,3,0,0,0,0,0,0,0,0,0,0,0,0,0,0
0,0,4,0,0,0,0,0,37,0,0,0,64,126,83,231,51,73,0,0,0,4,0,0,0,0,0,0,0,0,0,0,0,0,0,0
0,0,4,0,0,0,0,0,41,0,0,0,60,119,84,230,46,68,0,0,0,5,0,0,0,0,0,0,0,0,0,0,0,0,0,0
0,0,5,0,0,0,0,0,45,0,0,0,56,113,87,229,43,62,0,0,0,5,0,0,0,0,0,0,0,0,0,0,0,0,0,0
0,0,6,0,0,0,0,0,49,0,0,0,53,108,90,227,38,58,0,0,0,5,0,0,0,0,0,0,0,0,0,0,0,0,0,0
0,0,7,0,0,0,0,0,54,0,0,0,49,101,93,225,34,54,0,0,0,4,0,0,0,0,0,0,0,0,0,0,0,0,0,0
0,0,7,0,0,0,0,0,58,0,0,0,46,96,97,222,31,50,0,0,0,3,0,0,0,0,0,0,0,0,0,0,0,0,0,0
0,0,8,0,0,0,0,0,62,0,0,1,44,91,102,220,28,46,0,0,0,1,0,0,0,0,0,0,0,0,0,0,0,0,0,0
0,0,9,0,0,0,0,0,66,0,0,1,41,86,107,217,25,43,0,0,0,1,0,0,0,0,0,0,0,0,0,0,0,0,0,0
0,0,9,0,0,0,0,0,68,0,0,1,39,81,112,215,23,39,0,0,0,0,0,0,0,0,0,0,0,0,0,0,0,0,0,0
0,0,10,0,0,0,0,0,71,0,0,1,37,76,118,212,20,37,0,0,0,0,0,0,0,0,0,0,0,0,0,0,0,0,0,0
0,0,10,0,0,0,0,0,73,0,0,1,35,72,122,209,18,33,0,0,0,0,0,0,0,0,0,0,0,0,0,0,0,0,0,0
0,0,11,0,0,0,0,0,75,0,0,1,33,68,128,207,16,31,0,0,0,0,0,0,0,0,0,0,0,0,0,0,0,0,0,0
0,0,11,0,0,0,0,0,76,0,0,1,31,64,133,205,14,29,0,0,0,0,0,0,0,0,0,0,0,0,0,0,0,0,0,0
0,0,12,0,0,0,0,0,77,0,0,1,29,60,137,202,12,26,0,0,0,0,0,0,0,0,0,0,0,0,0,0,0,0,0,0
0,0,12,0,0,0,0,0,79,0,0,1,27,57,141,200,10,23,0,0,0,0,0,0,0,0,0,0,0,0,0,0,0,0,0,0
0,0,13,0,0,0,0,0,80,0,0,1,26,54,145,197,7,19,0,0,0,0,0,0,0,0,0,0,0,0,0,0,0,0,0,0
0,0,13,0,0,0,0,1,81,0,0,1,24,50,148,194,6,17,0,0,0,0,0,0,0,0,0,0,0,0,0,0,0,0,0,0
0,0,13,0,0,0,0,1,83,0,0,1,23,48,152,192,5,15,0,0,0,0,0,0,0,0,0,0,0,0,0,0,0,0,0,0
0,0,14,0,0,0,0,2,83,0,0,1,21,45,155,188,4,14,0,0,0,0,0,0,0,0,0,0,0,0,0,0,0,0,0,0
0,0,14,0,0,0,0,3,84,0,0,1,20,43,157,185,3,13,0,0,0,0,0,0,0,0,0,0,0,0,0,0,0,0,0,0
0,0,14,0,0,0,0,3,84,1,0,1,18,40,158,181,3,12,0,0,0,0,0,0,0,0,0,0,0,0,0,0,0,0,0,0
0,0,13,0,0,0,0,3,84,1,0,1,17,38,159,178,2,11,0,0,0,0,0,0,0,0,0,0,0,0,0,0,0,0,0,0
0,0,14,0,0,0,0,3,83,2,0,1,16,36,158,174,2,10,0,0,0,0,0,0,0,0,0,0,0,0,0,0,0,0,0,0
0,0,13,0,0,0,0,3,82,2,0,0,16,35,155,169,0,8,0,0,0,0,0,0,0,0,0,0,0,0,0,0,0,0,0,0
0,0,12,0,0,0,0,3,79,2,0,0,15,33,150,164,0,5,0,0,0,0,0,0,0,0,0,0,0,0,0,0,0,0,0,0
0,0,12,0,0,0,0,3,76,1,0,0,14,31,144,161,0,4,0,0,0,0,0,0,0,0,0,0,0,0,0,0,0,0,0,0
0,0,11,0,0,0,0,3,73,1,0,0,12,29,137,158,0,2,0,0,0,0,0,0,0,0,0,0,0,0,0,0,0,0,0,0
0,0,10,0,0,0,0,3,69,0,0,0,12,28,131,156,0,2,0,0,0,0,0,0,0,0,0,0,0,0,0,0,0,0,0,0
0,0,9,0,0,0,0,2,65,0,0,0,10,27,122,153,0,1,0,0,0,0,0,0,0,0,0,0,0,0,0,0,0,0,0,0
0,0,9,0,0,0,0,1,61,0,0,1,9,25,114,149,0,1,0,0,0,1,0,0,0,0,0,0,0,0,0,0,0,0,0,0
0,0,7,0,0,0,0,1,57,0,0,1,9,25,107,144,0,1,0,0,0,1,0,0,0,0,0,0,0,0,0,0,0,0,0,0
0,0,5,0,0,0,0,1,53,0,0,1,8,23,100,138,0,1,0,0,0,2,0,0,0,0,0,0,0,0,0,0,0,0,0,0
0,0,4,0,0,0,0,0,50,0,0,1,7,22,93,132,0,0,0,0,0,1,0,0,0,0,0,0,0,0,0,0,0,0,0,0
0,0,2,0,0,0,0,0,46,0,0,1,5,20,86,124,0,0,0,0,0,1,0,0,0,0,0,0,0,0,0,0,0,0,0,0
0,0,2,0,0,0,0,0,43,0,0,1,4,18,78,117,0,0,0,0,0,1,0,0,0,0,0,0,0,0,0,0,0,0,0,0
0,0,2,0,0,0,0,0,40,0,0,1,2,16,71,111,0,0,0,0,0,1,0,0,0,0,0,0,0,0,0,0,0,0,0,0
0,0,3,0,0,0,0,0,37,0,0,1,1,14,65,103,0,0,0,0,0,1,0,0,0,0,0,0,0,0,0,0,0,0,0,0
