0,1,9,9,0,1,0,6,13,5,0,0,0,0,0,1,0,1,0,0,0,0,0,1,0,1,0,0,0,0,0,0,0,0,0,0
0,1,10,12,0,1,0,6,15,7,0,0,0,0,1,1,0,1,0,0,0,0,0,1,0,1,0,0,0,0,0,0,0,0,0,0
0,1,11,14,1,1,0,6,17,8,1,0,0,0,2,2,0,1,0,0,0,0,0,1,0,1,0,0,0,0,0,0,0,0,0,0
0,1,11,16,1,1,0,6,18,11,1,1,0,0,4,5,0,1,0,0,0,0,0,1,0,1,0,0,0,0,0,0,0,0,0,0
0,1,11,16,3,1,0,6,18,15,1,1,0,0,7,8,1,1,0,0,0,0,0,1,0,1,0,0,0,0,0,0,0,0,0,0
0,1,10,16,5,1,0,6,18,18,1,1,0,0,10,12,1,1,0,0,1,0,0,1,0,1,0,0,0,0,0,0,0,0,0,0
0,1,10,15,6,1,0,6,18,20,3,1,0,0,13,16,2,1,0,0,5,1,0,1,0,1,0,0,0,0,0,0,0,0,0,0
0,1,9,14,6,0,0,6,17,20,4,1,0,0,15,19,2,1,0,0,10,3,0,1,0,1,0,0,0,0,0,0,0,0,0,0
0,1,8,13,6,0,0,6,17,20,4,1,0,0,16,22,2,1,0,0,16,6,0,1,0,1,0,0,0,0,0,0,0,0,0,0
0,1,7,12,6,0,0,6,16,20,5,1,0,0,17,23,3,1,0,0,20,8,0,1,0,0,1,0,0,0,0,0,0,0,0,0
0,1,6,11,6,0,0,5,15,19,6,1,0,0,17,23,4,1,0,0,23,10,1,1,0,0,3,0,0,0,0,0,0,0,0,0
0,1,5,11,6,0,0,5,14,18,6,1,0,0,17,23,4,1,0,0,26,11,1,1,0,0,4,0,0,0,0,0,2,1,0,0
0,1,5,10,6,0,0,5,13,17,6,1,0,0,17,23,4,1,0,0,28,11,2,1,0,0,3,2,0,0,0,0,4,3,0,0
0,1,4,9,6,0,0,5,12,16,6,1,0,0,16,23,4,1,0,0,29,12,2,1,0,0,3,4,0,0,0,0,7,6,0,0
0,1,4,8,6,0,0,5,12,15,6,1,0,0,16,23,4,1,0,0,30,12,3,1,0,0,2,5,0,0,0,0,10,9,1,0
0,1,4,7,6,0,0,5,11,15,6,1,0,0,16,23,4,1,0,0,31,12,5,2,0,0,3,7,0,0,0,0,11,12,1,0
0,1,4,7,6,0,0,5,10,14,6,1,0,0,15,22,3,0,0,0,31,12,5,2,0,0,4,7,0,0,0,0,13,13,1,0
0,1,3,7,6,0,0,5,9,14,6,1,0,0,15,22,3,0,0,0,31,13,6,2,0,0,4,7,0,0,0,0,15,14,2,0
0,1,3,6,6,0,0,5,9,13,6,1,0,0,15,22,3,0,0,0,31,13,7,2,0,0,4,8,0,0,0,0,18,15,2,0
0,1,3,6,6,0,0,6,9,12,6,1,0,0,15,21,2,0,0,1,31,13,7,2,0,0,4,9,0,0,0,0,18,16,2,1
0,1,2,5,6,0,0,6,8,11,6,1,0,0,15,20,2,0,0,1,31,12,7,1,0,0,5,10,0,0,0,0,20,17,2,1
0,1,2,5,6,0,0,6,7,11,6,1,0,1,15,20,2,0,0,1,32,12,7,1,0,0,5,11,0,0,0,0,20,18,2,1
0,1,2,4,5,0,0,6,7,10,6,1,0,1,14,19,2,0,0,0,32,12,7,2,0,0,7,12,0,0,0,0,22,19,2,1
0,1,2,4,5,0,0,6,7,9,6,1,0,1,14,20,2,0,0,0,33,12,6,2,0,0,9,12,0,0,0,0,23,19,2,1
0,1,2,4,5,0,0,6,7,9,6,1,0,1,16,20,2,0,0,0,34,12,6,2,0,0,12,13,0,0,0,0,23,19,1,1
0,1,1,4,5,0,0,6,7,9,6,1,0,1,17,21,2,1,0,1,35,11,5,2,0,0,15,13,0,0,0,0,22,18,1,1
0,1,1,4,5,0,0,6,6,9,6,1,0,1,19,22,2,1,0,0,37,11,4,2,0,0,16,13,0,0,0,0,21,16,1,1
0,1,1,4,5,0,0,6,7,9,6,1,0,1,22,23,2,1,0,1,38,11,4,2,0,0,17,13,0,0,0,0,19,16,1,1
0,1,1,4,5,0,0,6,8,10,6,1,0,2,24,24,2,1,0,1,41,11,4,2,0,0,18,13,0,0,0,0,18,14,1,1
0,1,0,4,5,0,0,6,9,10,6,1,0,2,27,26,2,1,0,1,43,10,4,2,0,0,17,12,1,0,0,0,16,14,1,1
0,1,1,4,5,0,0,6,11,11,6,1,0,2,30,26,2,1,0,1,44,10,3,2,0,0,16,12,1,0,0,0,14,12,1,1
0,1,1,4,5,0,0,6,14,13,6,1,0,3,33,27,2,1,0,1,43,9,3,2,0,0,15,11,2,0,0,0,13,12,1,1
0,1,2,5,4,0,0,6,17,14,6,1,0,3,35,27,2,1,0,1,41,9,3,2,0,0,14,11,2,0,0,0,11,10,1,0
0,1,4,7,4,0,0,7,22,15,6,1,0,3,37,28,2,1,0,1,40,8,3,2,0,0,13,10,2,0,0,0,10,9,1,0
0,1,7,8,4,0,0,7,27,17,6,1,0,3,37,28,2,1,0,1,38,8,3,2,0,0,13,10,2,0,0,0,9,9,1,0
0,1,12,12,4,0,0,7,31,18,6,2,0,3,36,27,2,1,0,0,36,8,3,2,0,0,11,9,2,0,0,0,9,8,1,0
0,2,17,15,3,0,0,7,36,20,6,2,0,3,34,26,2,1,0,0,35,8,3,2,0,0,10,9,2,0,0,0,8,7,1,0
0,3,23,18,4,0,0,7,41,24,6,2,0,3,33,25,2,1,0,0,33,7,3,2,0,0,9,9,2,0,0,0,8,7,1,0
0,4,27,20,4,0,0,7,47,27,6,2,0,3,31,24,2,1,0,0,32,7,3,2,0,0,8,8,1,0,0,0,7,6,1,0
0,4,31,22,4,0,0,8,53,31,6,2,0,3,29,23,2,1,0,0,30,6,2,2,0,0,8,8,1,0,0,0,6,6,1,0
0,4,33,24,4,0,0,9,59,38,6,2,0,3,28,22,2,1,0,0,29,6,2,1,0,0,7,7,1,0,0,0,6,6,1,0
0,4,35,25,4,0,0,9,67,46,7,2,0,3,26,20,2,1,0,0,28,6,2,1,0,0,6,7,1,0,0,0,6,5,1,0
0,4,36,26,4,0,0,9,73,54,7,2,0,3,25,19,2,1,0,0,26,5,1,1,0,0,5,6,1,0,0,0,5,4,1,0
0,3,37,26,4,0,0,9,79,62,7,3,0,3,24,18,2,1,0,0,25,5,1,1,0,0,5,6,1,0,0,0,5,4,1,0
0,3,37,26,4,0,0,8,84,69,8,3,0,3,24,19,3,1,0,0,24,5,1,1,0,0,5,6,1,0,0,0,5,3,1,0
0,2,37,25,4,0,0,8,87,72,8,3,0,4,26,24,3,1,0,0,23,4,1,1,0,0,4,6,1,0,0,0,5,2,1,0
0,2,36,24,4,0,0,8,88,75,8,3,0,4,31,30,4,1,0,0,22,4,1,1,0,0,4,5,1,0,0,0,4,2,1,0
0,2,34,22,3,0,0,8,89,74,8,3,0,4,36,38,4,1,0,0,23,6,1,1,0,0,4,4,1,0,0,0,3,2,1,0
0,1,32,20,3,0,0,8,87,73,8,3,0,4,43,45,5,1,0,0,25,9,2,1,0,0,3,4,1,0,0,0,3,1,1,0
0,1,30,19,3,0,0,8,83,71,9,3,0,4,48,50,5,1,0,1,29,15,3,1,0,0,3,3,1,0,0,0,2,1,1,0
0,1,27,18,3,0,0,7,79,69,9,3,0,4,52,53,6,1,0,1,36,23,5,1,0,0,2,2,0,0,0,0,1,1,1,0
0,1,25,16,3,0,0,6,74,66,9,2,0,4,54,55,6,1,0,1,43,31,6,1,0,0,1,3,1,0,0,0,1,0,1,0
0,1,23,15,3,0,0,6,70,63,10,2,0,4,56,56,6,1,0,1,49,37,7,1,0,0,2,5,1,0,0,0,1,0,1,0
0,1,21,14,3,0,0,6,65,59,10,2,0,4,55,56,6,2,0,0,54,42,8,1,0,0,4,9,3,0,0,0,1,0,1,0
0,1,19,13,3,0,0,5,61,56,10,2,0,4,53,56,6,2,0,0,58,46,10,1,0,0,7,15,5,0,0,0,1,0,1,0
0,1,17,12,3,0,0,5,57,53,10,2,0,4,51,55,7,2,0,0,62,49,11,1,0,0,10,22,8,0,0,0,1,0,0,0
0,2,16,11,3,0,0,5,53,50,10,2,0,4,49,54,7,2,0,0,66,51,12,1,0,0,14,28,10,0,0,0,0,0,0,0
0,2,15,10,3,0,0,5,50,47,10,2,0,4,47,54,8,1,0,0,68,53,13,1,0,0,16,34,12,0,0,0,0,0,0,0
0,1,13,9,3,0,0,5,47,44,9,2,0,4,45,53,8,1,0,0,69,54,14,1,0,0,18,39,13,0,0,0,1,0,0,0
0,2,12,9,3,0,0,5,43,41,9,1,0,4,43,52,8,1,0,0,69,54,14,1,0,0,19,42,14,0,0,0,1,2,0,0
0,2,11,8,3,0,0,5,40,38,9,1,0,4,40,50,8,1,0,0,67,52,13,1,0,0,20,43,15,0,0,0,3,5,0,0
0,1,10,7,2,0,0,4,37,36,9,1,0,4,38,48,9,1,0,0,66,50,12,1,0,0,22,44,15,0,0,0,4,9,1,0
0,1,9,7,2,0,0,4,35,33,8,1,0,4,37,46,9,1,0,0,63,48,11,1,0,0,19,40,12,0,0,0,7,13,2,1
0,1,8,6,2,0,0,4,32,31,8,1,0,4,35,45,11,1,0,0,61,45,11,1,0,0,14,33,6,0,0,0,9,16,2,1
0,1,7,5,2,0,0,4,31,29,7,1,0,4,34,44,13,1,0,0,59,43,11,1,0,0,8,26,1,0,0,0,11,18,3,1
0,1,6,5,3,0,0,4,29,28,7,1,0,5,33,44,14,1,0,0,57,42,10,1,0,0,2,19,0,0,0,0,11,19,3,1
0,1,5,4,3,0,0,4,27,26,7,1,0,5,32,43,15,1,0,0,55,41,11,1,0,0,0,17,0,0,0,0,12,18,3,1
0,1,5,4,3,0,0,4,25,25,6,1,0,5,31,42,15,1,0,0,53,40,11,1,0,0,0,19,0,0,0,0,12,17,3,1
0,0,4,3,3,0,0,4,23,23,6,1,0,5,30,41,15,1,0,0,52,41,11,1,0,0,2,22,0,0,0,0,11,16,3,1
0,0,4,3,3,0,0,4,21,22,7,1,0,5,29,40,14,1,0,0,48,38,8,0,0,0,3,25,0,0,0,0,10,15,2,1
0,0,4,3,3,0,0,5,20,20,7,1,0,5,29,39,13,1,0,0,45,34,5,0,0,0,6,28,0,0,0,0,8,13,2,1
0,0,3,3,2,0,0,5,18,19,9,1,0,4,28,38,13,1,0,0,43,31,2,0,0,0,8,30,0,0,0,0,8,12,2,1
0,0,3,3,2,0,0,5,17,20,10,1,0,5,27,38,12,1,0,0,41,27,0,0,0,0,10,32,0,0,0,0,7,11,2,1
0,1,3,3,4,0,0,5,16,19,11,0,0,4,26,37,11,1,0,0,43,26,0,0,0,0,11,31,1,0,0,0,7,11,2,1
0,1,3,4,4,0,0,5,16,20,12,1,0,4,26,38,11,1,0,0,43,26,0,0,0,0,11,30,1,0,0,0,6,10,2,1
0,1,4,4,5,0,0,5,16,22,11,1,0,4,28,39,10,1,0,0,43,25,1,0,0,0,11,28,1,0,0,0,6,9,1,1
0,1,4,5,6,0,0,4,17,24,11,1,0,4,29,40,9,1,0,0,41,24,1,0,0,0,10,26,1,0,0,0,5,8,1,1
0,0,5,6,6,0,0,4,19,25,11,1,0,4,31,41,9,1,0,0,40,22,1,0,0,0,9,25,2,0,0,0,5,7,1,1
0,0,7,8,6,0,0,4,22,27,11,1,0,4,32,41,8,1,0,0,38,21,1,0,0,0,8,24,2,0,0,0,4,6,1,1
0,0,9,11,6,0,0,4,25,28,11,1,0,4,32,41,8,1,0,0,37,19,1,0,0,0,8,22,2,0,0,0,4,6,1,1
0,0,12,15,6,0,0,4,28,29,10,1,0,3,32,39,8,1,0,0,35,18,1,0,0,0,7,21,2,0,0,0,3,5,1,1
0,0,15,20,6,0,0,4,32,32,10,1,0,4,30,38,7,1,0,0,34,17,1,0,0,0,7,20,2,0,0,0,3,5,1,1
0,1,19,25,6,0,0,4,36,37,10,1,0,4,29,36,7,1,0,0,33,16,1,0,0,0,6,18,3,0,0,0,3,4,1,1
0,1,22,30,6,0,0,5,43,41,10,1,0,4,28,34,7,2,0,0,32,15,1,0,0,0,6,17,3,0,0,0,3,4,1,1
0,1,25,34,6,0,0,6,49,47,10,1,0,4,27,33,7,1,0,0,31,14,1,0,0,0,5,16,3,0,0,0,2,4,1,1
0,1,27,36,6,0,0,6,55,53,10,1,0,4,26,32,7,2,0,0,30,13,1,0,0,0,5,15,3,0,0,0,2,4,1,1
0,1,28,38,6,0,0,7,61,58,10,1,0,4,24,30,7,2,0,0,29,12,1,0,0,0,5,14,3,0,0,0,2,3,1,1
0,1,29,38,6,0,0,7,66,61,10,1,0,4,23,29,7,2,0,0,28,11,1,0,0,0,5,14,3,0,0,0,1,3,1,1
0,1,29,38,6,0,0,7,69,64,10,1,0,4,23,29,7,2,0,0,27,10,1,0,0,0,4,13,4,0,0,0,1,3,1,1
0,0,28,36,5,0,0,7,70,65,10,1,0,4,24,30,7,2,0,0,26,9,1,0,0,0,4,12,3,0,0,0,1,2,1,0
0,0,27,34,5,0,0,7,71,65,10,2,0,5,27,33,7,2,0,0,25,8,1,0,0,0,4,11,3,0,0,0,1,2,1,0
0,0,25,33,6,0,0,7,70,64,10,2,0,5,33,39,7,2,0,0,24,8,1,0,0,0,4,11,3,0,0,0,1,2,1,0
0,0,23,31,6,0,0,7,69,62,10,2,0,5,39,44,6,2,0,0,25,8,1,0,0,0,4,10,3,0,0,0,1,2,1,0
0,0,20,30,7,0,0,7,67,60,10,2,0,5,45,49,6,2,0,0,27,11,2,0,0,0,3,9,3,0,0,0,1,1,1,0
0,0,19,28,7,0,0,7,64,58,10,2,0,5,48,51,6,2,0,0,31,15,2,0,0,0,3,8,3,0,0,0,1,1,1,0
0,0,17,26,7,0,0,7,60,56,10,3,0,5,50,51,6,2,0,0,36,20,3,0,0,0,3,9,4,0,0,0,1,1,1,0
0,0,16,25,7,0,0,7,57,54,10,3,0,5,49,50,6,2,0,0,41,25,4,0,0,0,4,11,5,0,0,0,1,1,1,0
0,1,15,23,7,0,0,7,53,52,10,3,0,5,49,49,6,2,0,0,44,28,4,0,0,0,6,14,6,0,0,0,0,0,1,0
0,1,14,21,7,0,0,7,50,49,10,3,0,5,47,48,6,2,0,0,46,29,4,0,0,0,9,18,7,0,0,0,0,0,1,0
0,1,12,20,7,0,0,7,47,47,10,3,0,5,45,47,5,2,0,0,47,29,4,0,0,0,11,24,9,0,0,0,0,0,0,0
0,1,11,18,7,0,0,7,44,44,10,3,0,6,43,46,5,2,0,0,47,30,5,0,0,0,13,27,10,0,0,0,0,0,0,0
0,1,10,16,7,0,0,7,40,41,9,3,0,6,40,45,5,2,0,0,46,29,5,0,0,0,14,29,10,0,0,0,1,2,0,0
0,1,9,15,6,0,0,7,38,39,9,3,0,6,39,45,5,2,0,0,45,28,5,0,0,0,15,30,10,0,0,0,3,4,0,0
0,1,8,14,6,0,0,7,35,36,9,3,0,6,37,44,5,2,0,0,44,27,5,0,0,0,15,30,9,0,0,0,6,7,1,0
0,1,7,13,6,0,0,6,33,34,9,3,0,6,35,42,4,1,0,0,43,25,4,0,0,0,17,30,9,0,0,0,10,10,1,0
0,2,7,12,6,0,0,6,31,32,9,2,0,6,34,41,4,1,0,0,42,24,4,0,0,0,18,30,8,0,0,0,16,13,1,0
0,2,6,11,6,0,0,6,29,30,9,2,0,6,32,39,5,1,0,0,41,23,3,0,0,0,20,30,8,0,0,0,22,17,1,0
0,1,5,10,6,0,0,6,27,28,9,2,0,6,31,38,5,1,0,0,40,22,3,0,0,0,22,30,7,0,0,0,26,20,1,0
0,1,5,9,5,0,0,6,26,26,8,2,0,6,30,37,6,1,0,0,39,20,2,0,0,0,23,29,6,0,0,0,30,22,1,0
0,1,5,8,5,0,0,6,24,25,8,2,0,6,29,36,6,1,0,0,39,19,2,0,0,0,24,28,6,0,0,0,32,22,1,0
0,1,4,8,5,0,0,6,23,24,7,2,0,6,28,36,7,1,0,0,37,18,2,0,0,0,24,27,5,0,0,0,33,22,1,0
0,1,4,8,5,0,0,6,22,22,7,2,0,6,27,35,7,1,0,0,36,18,2,0,0,0,24,27,5,0,0,0,32,20,1,0
0,1,4,7,5,0,0,6,20,20,6,2,0,7,26,35,7,2,0,0,35,17,2,0,0,0,24,27,5,0,0,0,31,19,1,0
0,1,4,6,5,0,0,5,19,19,7,2,0,7,26,35,7,2,0,0,36,18,2,0,0,0,24,29,5,0,0,0,30,17,1,0
0,1,4,6,5,0,0,5,18,18,7,2,0,7,25,34,7,2,0,0,36,18,3,0,0,0,26,30,5,0,0,0,28,16,1,0
0,1,4,5,5,0,0,5,17,17,8,2,0,6,24,34,7,3,0,0,38,18,3,0,0,0,28,32,5,0,0,0,26,14,1,0
0,1,3,5,5,0,0,5,16,17,8,2,0,6,24,33,6,3,0,0,40,18,2,0,0,0,31,31,4,0,0,0,24,13,1,0
0,1,2,5,5,0,0,5,14,17,9,2,0,6,24,32,6,3,0,0,41,17,2,0,0,0,32,30,1,0,0,0,22,13,1,0
0,1,2,4,5,0,0,5,14,17,10,2,0,6,24,32,5,3,0,0,44,17,2,0,0,0,32,28,0,0,0,0,20,12,0,0
0,0,1,4,5,0,0,5,14,17,10,2,0,6,25,32,5,3,0,0,47,18,2,0,0,0,31,27,0,0,0,0,19,11,0,0
0,0,1,3,5,0,0,5,13,17,10,2,0,6,26,32,5,3,0,0,49,17,2,0,0,0,29,25,0,0,0,0,17,10,0,0
0,0,2,4,6,0,0,5,13,18,10,3,0,6,29,31,4,4,0,0,51,17,2,0,0,0,27,24,0,0,0,0,16,10,0,0
0,0,2,5,7,0,0,5,15,18,10,3,0,6,31,32,4,4,0,0,51,16,2,0,0,0,26,23,0,0,0,0,15,9,0,0
0,0,3,6,8,0,0,5,16,20,10,3,0,5,35,31,4,4,0,0,49,15,2,0,0,0,24,22,0,0,0,0,14,9,0,0
0,0,3,7,8,0,0,5,19,20,10,3,0,5,38,31,4,4,0,0,47,14,2,0,0,0,22,21,0,0,0,0,13,8,0,0
0,0,4,9,8,0,0,6,22,20,10,3,0,5,40,31,4,4,0,0,45,14,2,0,0,0,21,20,0,0,0,0,12,7,0,0
0,0,5,10,8,0,0,6,25,21,10,3,0,5,41,29,4,4,0,0,44,13,2,0,0,0,19,18,0,0,0,0,11,7,0,0
0,0,7,13,8,0,0,6,29,22,10,3,0,5,40,28,4,3,0,0,41,12,2,0,0,0,18,17,0,0,0,0,10,6,0,0
0,0,9,16,8,0,0,6,33,23,10,3,0,5,38,27,4,3,0,0,40,11,2,0,0,0,17,16,0,0,0,0,10,5,0,0
0,0,11,18,8,0,0,6,37,25,10,3,0,5,37,26,4,3,0,0,39,11,2,0,0,0,16,15,0,0,0,0,9,5,0,0
0,0,12,20,8,0,0,6,41,27,10,3,0,5,35,25,4,3,0,0,37,10,2,0,0,0,15,14,0,0,0,0,9,5,0,0
0,0,13,21,8,0,0,6,44,28,9,3,0,5,33,24,4,3,0,0,36,10,2,0,0,0,13,13,0,0,0,0,8,4,0,0
0,0,13,21,8,0,0,6,45,29,9,3,0,5,33,25,4,3,0,0,34,9,2,0,0,0,13,12,0,0,0,0,7,4,0,0
0,0,13,20,7,0,0,6,45,30,9,3,0,5,32,26,4,3,0,0,33,9,2,0,0,0,12,12,0,0,0,0,7,3,0,0
0,0,12,20,8,0,0,5,44,30,9,3,0,5,34,30,5,3,0,0,31,8,2,0,0,0,10,11,0,0,0,0,6,3,0,0
0,0,11,19,7,0,0,5,42,30,9,3,0,5,37,36,6,3,0,0,30,8,2,0,0,0,10,10,0,0,0,0,6,3,0,0
0,0,9,19,8,0,0,5,41,29,9,3,0,5,40,41,6,3,0,0,29,8,2,0,0,0,9,9,0,0,0,0,5,2,0,0
0,0,9,19,7,0,0,5,39,29,9,3,0,5,43,46,6,3,0,0,30,11,2,0,0,0,8,8,0,0,0,0,5,2,0,0
0,0,8,18,7,0,0,5,37,29,9,4,0,5,45,48,6,3,0,0,32,14,3,0,0,0,8,8,0,0,0,0,4,1,0,0
0,0,7,17,7,0,0,5,35,28,9,4,0,5,44,48,6,3,0,0,34,18,4,0,0,0,8,10,1,0,0,0,3,1,0,0
0,0,6,15,7,0,0,5,33,28,9,4,0,5,44,48,6,3,0,0,36,21,5,0,0,0,9,12,4,0,0,0,3,1,0,0
0,0,5,14,7,0,0,5,31,27,9,4,0,5,42,47,6,3,0,0,36,22,6,0,0,0,10,17,6,0,0,0,3,2,0,0
0,0,5,13,7,0,0,5,29,25,8,3,0,5,40,46,5,3,0,0,36,22,6,0,0,0,11,20,9,0,0,0,4,4,2,0
0,0,5,12,7,0,0,5,27,24,8,4,0,5,38,45,5,3,0,0,35,22,6,0,0,0,12,24,10,0,0,0,5,8,4,0
0,0,5,11,7,0,0,5,26,23,7,4,0,5,37,44,5,3,0,0,35,22,6,0,0,0,12,25,11,0,0,0,6,12,7,0
0,0,4,10,6,0,0,5,24,22,7,4,0,5,35,42,5,3,0,0,35,22,5,0,0,0,12,25,11,0,0,0,7,17,10,0
0,0,4,9,6,0,0,5,22,20,7,4,0,5,33,40,5,3,0,0,34,21,5,0,0,0,11,26,11,0,0,0,7,21,13,0
0,0,3,8,6,0,0,4,21,19,6,4,0,5,32,39,5,2,0,0,34,20,5,0,0,0,10,26,11,0,0,0,7,23,17,0
0,0,3,8,6,0,0,4,19,18,6,3,0,5,30,37,5,2,0,0,33,18,4,0,0,0,9,27,11,0,0,0,7,25,21,0
0,0,3,7,6,0,0,3,18,17,6,3,0,5,29,36,4,2,0,0,32,17,4,0,0,0,9,27,12,0,0,0,7,28,25,0
0,0,3,7,6,0,0,3,17,16,6,3,0,4,28,34,4,2,0,0,32,16,3,0,0,0,8,28,13,1,0,0,6,29,28,0
0,0,3,6,6,0,0,3,16,15,5,3,0,4,27,33,4,2,0,0,31,15,3,0,0,0,7,30,13,1,0,0,6,29,29,0
0,0,2,6,5,0,0,3,16,14,5,3,0,4,26,31,4,2,0,0,30,14,3,0,0,0,7,31,14,1,0,0,5,30,29,0
0,0,2,6,5,0,0,3,15,14,5,2,0,4,25,30,4,1,0,0,30,13,3,0,0,0,7,31,14,1,0,0,5,29,28,0
0,0,2,6,5,0,0,3,14,13,5,2,0,4,25,28,4,1,0,0,29,12,4,0,0,0,7,32,13,1,0,0,5,28,27,0
0,0,2,6,5,0,0,3,13,12,5,1,0,4,24,27,3,0,0,0,28,14,4,0,0,0,7,32,13,1,0,0,4,28,25,0
0,0,2,5,5,0,0,3,12,11,5,1,0,4,23,26,3,0,0,0,28,14,4,0,0,0,7,31,13,1,0,0,4,27,24,0
0,0,2,5,4,0,0,3,11,10,5,1,0,4,23,26,3,0,0,0,28,15,4,0,0,0,8,30,11,1,0,0,4,27,23,0
0,0,1,3,4,0,0,3,11,10,4,0,0,4,22,27,3,0,0,0,28,16,4,0,0,0,9,30,10,1,0,0,4,26,21,0
0,0,1,3,4,0,0,3,10,9,4,0,0,4,22,28,3,0,0,0,29,17,4,0,0,0,11,26,7,0,0,0,3,24,20,0
0,0,1,3,4,0,0,3,9,9,5,0,0,4,22,30,2,0,0,0,31,16,4,0,0,0,12,23,4,0,0,0,3,22,18,0
0,0,1,3,3,0,0,3,8,10,5,0,0,4,22,31,2,0,0,0,32,16,3,0,0,0,12,20,2,0,0,0,3,21,17,0
0,0,1,2,3,0,0,3,8,10,4,0,0,4,23,31,2,0,0,0,35,16,3,0,0,0,13,16,0,0,0,0,2,19,16,0
0,0,1,2,3,0,0,3,9,12,4,0,0,4,24,32,2,0,0,0,39,15,3,0,0,0,12,15,0,0,0,0,2,18,16,0
0,0,0,2,3,0,0,3,9,13,4,1,0,4,26,31,2,0,0,0,43,15,2,0,0,0,12,15,0,0,0,0,1,17,15,0
0,0,0,2,3,0,0,3,10,14,4,1,0,3,29,30,2,0,0,0,46,14,2,0,0,0,11,14,0,0,0,0,1,16,14,0
0,0,0,3,3,0,0,3,12,15,4,1,0,3,32,31,2,0,0,0,46,13,2,0,0,0,10,13,0,0,0,0,1,15,13,0
0,0,1,4,3,0,0,3,14,16,4,1,0,3,37,31,2,0,0,0,44,13,2,0,0,0,9,12,1,0,0,0,0,13,12,0
0,0,2,5,3,0,0,4,17,16,4,1,0,3,42,31,2,0,0,0,43,12,2,0,0,0,8,12,1,0,0,0,0,12,11,0
0,0,4,6,3,0,0,4,20,16,4,1,0,3,46,31,2,0,0,0,41,12,2,0,0,0,7,11,1,0,0,0,0,11,10,0
0,0,5,7,2,0,0,4,23,16,4,1,0,3,47,30,2,0,0,0,39,11,2,0,0,0,7,10,1,0,0,0,0,10,10,0
0,0,6,8,2,0,0,4,25,16,4,1,0,3,47,29,2,1,0,0,37,11,2,0,0,0,6,10,1,0,0,0,0,9,9,0
0,0,8,9,2,0,0,4,26,16,4,1,0,3,47,29,2,1,0,0,36,10,2,0,0,0,5,9,1,0,0,0,0,8,9,0
0,0,8,9,2,0,0,4,27,16,4,1,0,3,48,31,2,1,0,0,35,8,2,0,0,0,5,8,1,0,0,0,0,7,8,0
0,0,8,11,3,0,0,4,28,17,4,1,0,3,50,34,2,1,0,0,33,8,2,0,0,0,4,8,1,0,0,0,0,6,8,0
0,0,9,11,3,0,0,4,28,18,5,1,0,3,53,39,3,1,0,0,32,8,2,0,0,0,3,7,1,0,0,0,0,5,8,0
0,0,9,12,3,0,0,3,29,19,6,2,0,3,57,45,4,1,0,0,32,10,3,0,0,0,4,7,0,0,0,0,0,5,7,0
0,0,9,12,3,0,0,4,29,22,7,2,0,3,59,49,5,1,0,0,32,11,3,1,0,0,3,7,0,0,0,0,0,5,7,0
0,0,8,12,3,0,0,4,28,23,7,2,0,3,59,51,5,1,0,0,33,14,5,1,0,0,4,9,0,0,0,0,0,4,7,0
0,0,8,11,3,0,0,4,27,23,7,2,0,3,57,52,6,1,0,0,35,17,6,1,0,0,4,12,0,0,0,0,0,4,6,0
0,0,7,10,3,0,0,4,26,23,7,2,0,3,54,52,6,1,0,0,35,18,8,1,0,0,4,15,2,0,0,0,0,4,6,0
0,0,7,9,3,0,0,4,25,22,7,2,0,3,52,51,6,1,0,0,34,20,9,1,0,0,5,19,5,0,0,0,0,6,7,0
0,0,7,9,3,0,0,4,24,21,7,2,0,3,50,51,6,1,0,0,34,22,10,1,0,0,5,23,7,0,0,0,0,9,9,0
0,0,6,8,3,0,0,4,23,20,7,2,0,3,47,49,6,1,0,0,33,22,10,1,0,0,5,25,10,0,0,0,1,14,12,0
0,0,6,7,3,0,0,4,21,18,7,2,0,3,45,47,5,0,0,0,33,23,11,1,0,0,5,26,11,0,0,0,2,19,16,0
0,0,6,7,3,0,0,4,20,17,7,2,0,3,43,45,5,0,0,0,33,24,11,1,0,0,5,27,12,0,0,0,2,25,19,0
0,0,5,6,3,0,0,4,19,16,7,1,0,4,41,43,5,0,0,0,33,24,11,1,0,0,5,28,13,0,0,0,3,28,22,0
0,0,5,6,3,0,0,4,18,15,7,1,0,4,38,41,5,0,0,0,32,23,11,1,0,0,5,29,13,0,0,0,3,31,23,0
0,0,5,6,3,0,0,3,17,14,7,1,0,4,37,40,5,0,0,0,32,22,11,1,0,0,5,30,13,0,0,0,3,33,25,0
0,0,4,6,3,0,0,4,16,14,7,1,0,4,35,38,5,0,0,0,31,21,10,1,0,0,5,32,13,0,0,0,3,35,25,0
0,0,4,6,3,0,0,4,15,13,6,1,0,4,33,37,5,0,0,0,31,19,9,2,0,0,5,33,13,0,0,0,2,36,26,0
0,0,4,6,3,0,0,4,15,13,6,1,0,4,32,35,5,0,1,0,31,18,8,2,0,0,5,34,13,0,0,0,2,37,26,0
0,0,4,5,3,0,0,4,14,13,6,1,0,4,31,34,5,0,1,0,30,17,8,2,0,0,6,34,12,0,0,0,3,37,25,0
0,0,4,5,3,0,0,4,13,13,6,1,0,4,30,32,4,0,0,0,29,16,8,2,0,0,6,34,12,0,0,0,3,37,24,0
0,0,4,5,3,0,0,4,12,12,6,1,0,4,28,31,3,0,0,0,28,16,8,2,0,0,6,32,11,0,0,0,4,36,23,0
0,0,3,5,3,0,0,4,11,12,6,1,0,4,27,30,2,0,0,0,27,17,8,2,0,0,5,31,11,0,0,0,4,35,23,0
0,0,3,5,3,0,0,4,11,11,6,0,0,4,26,28,2,0,0,0,27,18,8,2,0,0,6,30,11,0,0,0,5,35,22,0
0,0,2,5,3,0,0,3,10,11,5,0,0,4,24,28,2,0,0,0,27,19,8,2,0,0,6,29,10,0,0,0,6,35,21,0
0,0,2,5,3,0,0,3,10,10,5,0,0,4,23,29,2,0,0,0,27,20,7,2,0,0,7,25,6,0,0,0,6,35,20,0
0,0,2,4,2,0,0,3,9,9,6,0,0,4,23,29,2,1,0,0,28,20,7,3,0,0,8,18,1,0,0,0,6,33,19,0
0,0,2,4,2,0,0,3,9,10,6,1,0,4,23,30,2,1,0,0,28,19,7,3,0,0,9,13,0,0,0,0,6,31,18,0
0,0,2,3,2,0,0,3,9,11,7,1,0,4,23,31,2,1,0,0,30,20,7,3,0,0,10,7,0,0,0,0,5,29,17,0
0,0,1,3,3,0,0,3,10,13,7,1,0,4,24,31,2,1,0,0,33,20,7,3,0,0,11,5,0,0,0,0,5,27,16,0
0,0,1,4,3,0,0,3,11,14,7,1,0,4,25,30,2,1,0,0,35,19,6,3,0,0,10,5,0,0,0,0,5,25,16,0
0,0,2,5,4,0,0,3,13,15,7,1,0,4,28,31,2,1,0,0,37,19,6,3,0,0,10,5,0,0,0,0,5,24,15,0
0,0,4,6,4,0,0,3,14,16,7,1,0,4,33,31,2,1,0,0,37,18,6,3,0,0,9,5,0,0,0,0,4,22,14,0
0,0,6,7,4,0,0,3,17,16,7,1,0,4,37,32,2,1,0,0,36,17,6,3,0,0,8,5,0,0,0,0,3,20,13,0
0,0,9,9,4,0,0,4,20,16,7,1,0,4,43,33,1,1,0,0,35,16,5,3,0,0,7,4,0,0,0,0,3,18,12,0
0,0,10,9,3,0,0,4,23,16,7,1,0,4,47,33,1,1,0,0,34,15,5,3,0,0,6,4,0,0,0,0,2,17,11,0
0,0,12,9,3,0,0,4,25,16,7,1,0,4,49,33,1,1,0,0,32,14,5,3,0,0,6,4,0,0,0,0,2,16,10,0
0,0,12,9,3,0,0,5,26,15,7,1,0,4,50,32,1,1,0,0,31,13,5,3,0,0,5,4,0,0,0,0,2,14,10,0
0,0,13,9,4,0,0,5,27,15,7,1,0,4,51,32,2,1,0,0,30,13,5,3,0,0,5,4,0,0,0,0,1,13,9,0
0,0,13,9,4,0,0,4,27,15,7,1,0,4,52,34,2,1,0,0,29,12,5,3,0,0,5,4,0,0,0,0,1,12,9,0
0,0,13,9,4,0,0,4,28,15,7,2,0,4,52,38,4,2,0,0,29,11,4,3,0,0,5,4,0,0,0,0,1,11,9,0
0,0,12,11,5,0,0,4,28,16,7,2,0,4,53,43,6,2,0,0,28,11,4,2,0,0,4,4,0,0,0,0,0,10,9,0
0,0,12,12,5,0,0,4,28,16,8,2,0,5,54,49,8,2,0,0,27,10,4,2,0,0,4,4,0,0,0,0,0,9,8,0
0,0,12,13,5,0,0,4,28,17,8,2,0,5,54,54,9,2,0,0,27,11,4,2,0,0,3,3,0,0,0,0,0,8,7,0
0,0,11,14,5,0,0,4,28,18,8,2,0,5,54,57,10,2,0,0,27,13,5,2,0,0,3,3,0,0,0,0,0,7,6,0
0,0,11,14,5,0,0,4,27,19,9,2,0,5,54,57,11,2,0,0,27,15,6,2,0,0,3,3,0,0,0,0,0,6,5,0
0,0,10,14,5,0,0,4,27,19,9,2,0,5,52,58,10,2,0,0,28,18,7,2,0,0,3,5,0,0,0,0,0,6,5,0
0,0,10,13,5,0,0,4,25,20,9,2,0,5,51,58,11,3,0,0,29,21,8,2,0,0,3,7,1,0,0,0,0,5,4,0
0,0,9,13,5,0,0,4,24,20,9,2,0,5,50,58,11,3,0,0,30,23,9,2,0,0,3,10,4,0,0,0,0,5,4,0
0,0,8,12,4,0,0,4,23,19,9,2,0,5,48,57,11,3,0,0,30,23,10,2,0,0,3,13,6,0,0,0,0,6,6,0
0,0,7,11,4,0,0,5,22,19,8,2,0,5,46,57,11,3,0,0,30,26,10,2,0,0,4,16,8,0,0,0,0,9,8,0
0,0,6,10,4,0,0,5,20,18,8,2,0,5,44,55,11,2,0,0,30,26,11,2,0,0,4,18,9,0,0,0,0,13,11,0
0,0,6,9,4,0,0,5,20,18,8,2,0,5,42,53,10,2,0,0,30,27,12,2,0,0,4,20,10,0,0,0,0,16,14,1
0,0,6,9,4,0,0,5,19,17,8,2,0,5,39,51,10,2,0,0,30,27,12,2,0,0,4,21,10,0,0,0,0,19,16,1
0,0,6,8,4,0,0,5,17,16,8,2,0,5,38,49,9,2,0,0,30,26,12,2,0,0,3,22,10,0,0,0,1,21,18,1
0,0,6,8,4,0,0,5,17,16,8,2,0,5,36,47,8,2,0,0,29,25,11,2,0,0,4,22,10,0,0,0,1,23,18,1
0,0,6,7,4,0,0,4,16,15,8,2,0,5,34,45,8,2,0,0,29,24,11,2,0,0,4,24,10,0,0,0,2,26,18,1
0,0,6,7,4,0,0,4,15,15,7,2,0,5,33,43,7,2,0,0,29,23,10,2,0,0,4,25,10,0,0,0,2,27,18,1
0,0,6,7,4,0,0,4,14,14,7,2,0,5,31,40,7,2,0,0,29,21,10,2,0,0,4,25,10,0,0,0,2,29,18,1
0,0,5,6,4,0,0,4,13,14,7,2,0,5,30,39,7,2,0,0,29,20,9,2,0,0,5,25,9,0,0,0,3,30,18,1
0,0,5,5,4,0,0,4,13,13,7,2,0,5,29,37,7,1,0,0,29,19,9,2,0,0,5,24,8,0,0,0,3,30,17,1
0,0,5,5,4,0,0,4,13,13,7,2,0,5,29,36,6,1,0,0,28,20,9,2,0,0,5,23,8,0,0,0,3,31,17,1
0,0,4,5,4,0,0,4,12,12,6,2,0,5,28,35,6,1,0,0,29,20,10,2,0,0,5,20,5,0,0,0,4,32,17,1
0,0,4,4,4,0,0,4,11,12,6,2,0,5,27,35,6,1,0,0,29,20,9,3,0,0,6,15,0,0,0,0,4,32,16,1
0,0,4,4,4,0,0,4,11,12,6,2,0,5,27,35,6,1,0,0,29,21,9,3,0,0,6,7,0,0,0,0,4,32,16,1
0,0,4,4,4,0,0,4,10,11,6,2,0,5,27,36,5,1,0,0,29,21,9,3,0,0,7,0,0,0,0,0,4,30,15,1
0,0,4,4,4,0,0,3,9,11,6,2,0,5,27,36,5,1,0,0,31,22,9,4,0,0,8,0,0,0,0,0,4,28,14,1
0,0,3,4,4,0,0,3,9,12,6,2,0,6,28,37,5,2,0,0,33,21,8,4,0,0,8,0,0,0,0,0,3,26,13,1
0,0,3,5,4,0,0,3,10,13,6,2,0,6,29,37,5,2,0,0,35,22,7,3,0,0,7,0,0,0,0,0,3,24,12,1
0,0,3,5,4,0,0,4,11,15,6,2,0,6,32,37,5,2,0,0,36,21,5,2,0,0,7,0,0,0,0,0,3,23,12,1
0,0,4,6,4,0,0,4,14,16,6,2,0,6,37,38,5,2,0,0,35,20,4,1,0,0,6,0,0,0,0,0,2,20,11,1
0,0,5,8,4,0,0,4,17,17,6,2,0,6,41,40,5,2,0,0,34,19,2,0,0,0,5,0,0,0,0,0,2,19,11,1
0,0,7,9,4,0,0,5,20,17,6,2,0,6,46,40,5,2,0,0,33,18,2,0,0,0,4,0,0,0,0,0,2,18,10,1
0,0,8,10,4,0,0,5,23,19,6,2,0,6,48,41,4,2,0,0,32,17,2,0,0,0,4,0,0,0,0,0,2,17,10,1
0,0,11,11,4,0,0,5,26,20,6,2,0,6,47,40,4,2,0,0,31,16,2,0,0,0,4,0,0,0,0,0,1,15,9,1
0,0,12,12,3,0,0,5,29,22,6,2,0,6,46,38,4,2,0,0,30,15,2,0,0,0,4,0,0,0,0,0,1,14,9,1
0,0,14,14,4,0,0,5,31,24,6,2,0,6,44,37,4,2,0,0,29,14,2,0,0,0,4,0,0,0,0,0,1,14,9,1
0,0,15,15,4,0,0,5,33,27,6,2,0,6,42,36,4,2,0,0,29,13,2,0,0,0,4,0,0,0,0,0,1,13,9,1
0,0,17,15,4,0,0,4,34,28,6,2,0,6,39,35,5,2,0,0,28,12,2,0,0,0,4,0,0,0,0,0,1,12,8,1
0,0,17,16,4,0,0,4,34,30,6,2,0,6,38,35,5,2,0,0,27,11,2,0,0,0,4,0,0,0,0,0,1,11,8,1
0,0,17,16,4,0,0,4,34,30,7,2,0,6,37,37,7,2,0,1,26,11,2,0,0,0,4,0,0,0,0,0,1,10,8,1
0,0,16,16,4,0,0,5,33,30,7,2,0,6,36,39,9,2,0,1,26,10,2,0,0,0,4,0,0,0,0,0,1,9,7,1
0,0,15,16,4,0,0,5,32,31,8,2,0,6,36,44,11,2,0,1,26,10,2,0,0,0,4,0,0,0,0,0,1,8,7,1
0,0,13,17,5,0,0,5,31,32,9,2,0,6,37,48,13,2,0,1,26,9,2,0,0,0,4,0,0,0,0,0,1,7,5,1
0,0,12,17,6,0,0,5,30,32,10,2,0,6,37,52,15,2,0,1,25,9,3,0,0,0,3,0,0,0,0,0,1,7,5,1
0,0,11,17,6,0,0,5,29,32,11,3,0,6,37,56,17,2,0,1,25,10,5,0,0,0,3,0,0,0,0,0,1,6,5,1
0,0,11,17,7,0,0,5,28,32,11,3,0,6,36,57,18,2,0,1,25,13,8,0,0,0,3,0,0,0,0,0,1,5,4,1
0,0,10,16,7,0,0,5,27,32,11,4,0,6,35,57,18,2,0,1,25,16,11,0,0,0,3,0,0,0,0,0,1,4,4,1
0,0,9,15,7,0,0,5,25,31,11,5,0,6,34,57,18,2,0,1,25,20,15,0,0,0,3,1,0,0,0,0,1,3,3,1
0,0,8,14,7,0,0,5,24,30,11,5,0,6,32,56,19,3,0,1,25,24,17,0,0,0,3,4,3,0,0,0,1,3,2,1
0,0,7,13,7,0,0,5,23,29,11,5,0,6,31,55,19,3,0,1,24,24,17,0,0,0,3,8,8,0,0,0,1,3,3,1
0,0,6,12,6,0,0,5,22,28,11,5,0,6,31,54,19,4,0,1,24,25,17,0,0,0,3,12,11,0,0,0,0,4,3,1
0,0,6,12,6,0,0,5,20,27,11,4,0,6,30,52,19,4,0,1,24,25,17,0,0,0,3,14,14,0,0,0,0,6,6,1
0,0,5,11,5,0,0,5,19,26,11,4,0,6,29,50,18,4,0,1,24,24,18,0,0,0,3,16,15,0,0,0,0,9,9,3
0,0,5,10,5,0,0,5,18,25,10,4,0,6,28,49,17,4,0,1,24,23,18,0,0,0,3,18,16,0,0,0,0,12,14,4
0,0,5,10,4,0,0,5,17,23,10,4,0,6,27,46,16,4,0,1,24,23,18,1,0,0,3,20,17,0,0,0,0,16,18,6
0,0,4,9,4,0,0,5,16,22,9,4,0,6,26,45,15,4,0,1,24,23,18,1,0,0,3,22,17,0,0,0,0,20,23,7
0,0,4,9,3,0,0,5,15,20,8,4,0,6,25,43,13,3,0,1,24,23,18,2,0,0,3,24,17,0,0,0,0,24,26,8
0,0,3,8,3,0,0,5,15,19,7,3,0,6,24,40,12,3,0,1,24,23,18,2,0,0,3,25,17,0,0,0,0,26,29,8
0,0,3,8,3,0,0,5,14,18,7,3,0,6,23,39,11,3,0,1,24,23,19,2,0,0,3,27,17,0,0,0,0,28,30,8
0,0,3,7,3,0,0,5,13,17,7,3,0,6,23,37,10,2,0,1,24,22,19,1,0,0,3,27,16,0,0,0,0,29,31,8
0,0,3,6,3,0,0,5,13,16,6,3,0,6,22,35,9,2,0,1,24,22,18,1,0,0,3,28,15,0,0,0,0,29,30,8
0,0,3,6,3,0,0,5,13,15,6,3,0,6,21,35,9,2,0,1,24,21,17,1,0,0,3,28,15,0,0,0,0,28,29,7
0,0,3,6,3,0,0,5,12,14,6,3,0,6,20,34,9,3,0,1,25,21,16,1,0,0,3,29,15,0,0,0,0,27,27,7
0,0,3,6,3,0,0,5,11,13,6,3,0,6,20,35,9,3,0,1,25,22,16,1,0,0,3,30,16,0,0,0,0,25,26,7
0,0,3,5,3,0,0,5,10,13,5,3,0,6,20,36,9,3,0,1,26,22,15,1,0,0,3,31,17,0,0,0,0,23,24,6
0,0,3,4,3,0,0,5,10,13,5,3,0,6,20,37,9,3,0,0,27,23,14,2,0,0,3,30,16,0,0,0,0,22,22,6
0,0,3,4,3,0,0,5,10,14,5,3,0,5,21,38,9,4,0,0,28,24,14,2,0,0,3,29,15,0,0,0,0,20,21,6
0,0,1,3,3,0,0,5,10,15,5,3,0,5,22,39,8,4,0,0,29,25,13,2,0,0,3,28,14,0,0,0,0,18,20,6
0,0,1,3,3,0,0,5,11,16,6,3,0,5,23,40,8,4,0,0,30,26,13,2,0,0,2,26,13,0,0,0,0,17,19,5
0,0,1,3,3,0,0,5,12,18,6,3,0,5,25,41,8,4,0,0,30,26,12,2,0,0,2,25,13,0,0,0,0,16,18,5
0,0,2,5,3,0,0,5,14,20,6,3,0,5,27,44,7,3,0,0,29,24,12,2,0,0,2,23,12,0,0,0,0,15,17,5
0,0,2,7,4,0,0,5,16,22,6,3,0,5,29,46,7,3,0,0,28,23,11,2,0,0,2,22,11,0,0,0,0,14,16,5
0,0,3,9,4,0,0,5,19,23,6,3,0,5,31,48,7,3,0,0,27,21,10,2,0,0,2,20,10,0,0,0,0,12,15,4
0,0,3,10,4,0,0,5,23,24,6,3,0,5,32,50,7,3,0,0,26,19,9,1,0,0,2,19,10,0,0,0,0,12,14,4
0,0,4,11,4,0,0,4,24,25,6,3,0,5,32,50,7,3,0,0,26,18,9,1,0,0,2,18,10,0,0,0,0,11,13,4
0,0,5,12,4,0,0,4,25,26,6,3,0,5,31,49,7,3,0,0,25,17,8,1,0,0,2,16,10,0,0,0,0,10,12,4
0,0,6,13,4,0,0,4,26,26,6,3,0,5,30,48,6,4,0,0,25,16,8,1,0,0,2,16,10,0,0,0,0,9,12,4
0,0,7,15,4,0,0,4,28,28,6,3,0,5,29,46,6,4,0,0,24,15,8,1,0,0,2,15,10,0,0,0,0,8,11,4
0,0,9,16,4,0,0,4,28,29,6,3,0,5,28,44,6,4,0,0,23,14,7,1,0,0,1,14,9,0,0,0,0,7,11,4
0,0,10,17,4,0,0,4,29,29,6,3,0,5,27,43,6,4,0,0,23,13,7,1,0,0,2,13,9,0,0,0,0,6,10,4
0,0,10,17,5,0,0,3,30,30,5,3,0,5,26,43,5,4,0,0,22,13,7,1,0,0,2,12,9,0,0,0,0,5,9,4
0,0,11,17,5,0,0,3,30,30,5,3,0,5,26,43,6,4,0,1,22,13,6,1,0,0,2,12,9,0,0,0,0,5,8,4
0,0,10,17,5,0,0,3,29,30,5,3,0,5,26,43,6,4,0,0,22,12,6,1,0,0,2,10,8,0,0,0,0,4,8,3
0,0,10,16,4,0,0,3,30,29,6,3,0,5,25,44,8,4,0,0,22,11,6,1,0,0,2,10,7,0,0,0,0,4,7,3
0,0,9,16,4,0,0,3,30,29,6,3,0,5,26,47,9,4,0,0,22,11,6,1,0,0,2,9,7,0,0,0,0,4,7,3
0,0,9,16,4,0,0,3,29,29,6,3,0,5,28,51,11,4,0,0,20,10,5,1,0,0,2,8,6,0,0,0,0,3,6,3
0,0,8,16,4,0,0,3,30,29,7,3,0,5,30,55,13,4,0,0,20,10,5,1,0,0,2,8,6,0,0,0,0,3,6,3
0,0,8,17,5,0,0,3,31,30,7,3,0,5,34,60,14,5,0,0,20,9,4,1,0,0,2,8,6,0,0,0,0,2,6,3
0,0,7,17,5,0,0,3,31,30,8,3,0,5,36,64,15,5,0,0,20,10,5,1,0,0,2,8,6,0,0,0,0,2,5,3
0,0,7,17,5,0,0,3,30,29,8,3,0,5,38,66,15,5,0,0,23,13,6,1,0,0,1,7,6,0,0,0,0,2,5,3
0,0,6,17,5,0,0,2,30,30,8,3,0,5,39,67,15,5,0,0,24,17,8,1,0,0,1,6,5,0,0,0,0,1,5,3
0,0,6,16,5,0,0,2,28,29,7,3,0,5,39,66,15,5,0,0,27,22,10,1,0,0,1,7,6,0,0,0,0,1,4,2
0,0,5,15,5,0,0,3,27,28,7,3,0,4,38,65,14,5,0,0,29,25,11,1,0,0,2,9,8,0,0,0,0,1,3,2
0,0,5,15,4,0,0,3,25,27,7,3,0,4,37,63,14,5,0,0,30,27,11,1,0,0,3,13,10,0,0,0,0,0,3,2
0,0,4,14,5,0,0,3,24,26,7,3,0,5,36,61,13,5,0,0,31,27,11,1,0,0,5,18,13,0,0,0,0,0,3,2
0,0,4,13,5,0,0,3,23,25,7,3,0,5,35,60,12,5,0,0,32,27,11,1,0,0,6,23,14,0,0,0,0,2,4,2
0,0,3,12,5,0,0,3,21,24,7,3,0,5,33,58,12,5,0,0,32,27,11,1,0,0,7,25,14,0,0,0,1,6,6,2
0,0,3,11,5,0,0,3,20,23,7,3,0,5,32,56,12,5,0,0,32,26,11,1,0,0,8,27,14,0,0,0,3,11,8,2
0,0,3,10,5,0,0,3,19,22,7,3,0,5,31,54,11,4,0,0,32,25,10,1,0,0,9,28,14,0,0,0,6,16,11,2
0,0,3,9,5,0,0,3,18,20,7,3,0,5,30,52,10,4,0,0,32,25,10,1,0,0,10,28,13,0,0,0,9,22,15,2
0,0,3,9,5,0,0,3,17,19,7,3,0,5,29,49,9,4,0,0,32,25,10,1,0,0,11,28,13,0,0,0,12,28,18,2
0,0,3,8,5,0,0,3,15,18,7,3,0,5,28,46,8,3,0,0,32,25,9,2,0,0,10,29,13,0,0,0,15,33,21,2
0,0,3,8,5,0,0,3,15,17,7,3,0,5,27,44,8,3,0,0,32,25,9,2,0,0,10,28,13,0,0,0,16,37,24,2
0,0,3,7,5,0,0,3,14,17,7,3,0,6,26,42,7,3,0,0,32,25,9,2,0,0,10,28,13,0,0,0,17,41,26,2
0,0,3,7,5,0,0,4,13,16,7,3,0,6,25,40,7,3,0,0,32,25,9,3,0,0,10,29,13,0,0,0,17,44,28,2
0,0,3,7,5,0,0,4,12,15,7,3,0,6,24,39,7,3,0,0,31,25,9,3,0,0,10,28,13,0,0,0,17,47,30,2
0,0,3,7,4,0,0,4,12,15,7,2,0,6,24,37,6,3,0,0,31,24,9,3,0,0,10,28,12,0,0,0,17,49,32,2
0,0,2,6,4,0,0,4,11,14,7,2,0,5,23,35,6,3,0,0,31,24,9,3,0,0,10,28,12,0,0,0,17,51,33,2
0,0,2,6,4,0,0,4,11,13,7,2,0,5,22,34,5,3,0,0,30,24,9,3,0,0,10,27,11,0,0,0,17,52,34,2
0,0,1,5,4,0,0,4,10,13,6,2,0,5,22,33,5,2,0,0,30,24,8,3,0,0,11,27,10,0,0,0,18,53,34,1
0,0,1,5,4,0,0,4,10,12,6,2,0,5,20,31,4,2,0,0,30,23,8,3,0,0,11,25,10,0,0,0,18,54,33,1
0,0,1,5,4,0,0,4,10,12,6,2,0,5,20,30,4,2,0,0,31,23,7,2,0,0,13,23,9,0,0,0,19,54,33,1
0,0,1,5,4,0,0,4,9,11,6,2,0,5,19,29,3,2,0,0,31,22,6,2,0,0,14,20,9,0,0,0,20,53,31,1
0,0,1,4,4,0,0,4,9,10,6,2,0,5,19,28,3,2,0,0,31,22,6,3,0,0,15,18,8,0,0,0,20,52,29,2
0,0,1,4,4,0,0,4,9,9,6,2,0,5,19,28,2,2,0,0,31,20,5,3,0,0,16,19,8,0,0,0,20,50,28,2
0,0,1,4,4,0,0,3,9,9,6,2,0,5,19,28,2,2,0,0,32,19,5,3,0,0,18,20,8,0,0,0,19,47,26,2
0,0,1,4,4,0,0,4,9,9,6,2,0,5,19,29,2,2,0,0,33,19,5,3,0,0,19,22,8,0,0,0,18,44,24,2
0,0,1,4,4,0,0,4,9,8,6,2,0,5,19,29,2,2,0,0,35,18,5,3,0,0,21,23,7,0,0,0,16,40,23,2
0,0,1,4,4,0,0,4,8,9,5,2,0,5,20,30,2,2,0,0,37,18,4,3,0,0,22,23,7,0,0,0,15,38,22,2
0,0,1,4,4,0,0,4,8,9,5,2,0,5,21,29,2,2,0,0,39,18,4,3,0,0,22,22,7,0,0,0,14,36,20,2
0,0,1,3,4,0,0,4,8,10,5,2,0,5,22,30,2,2,0,0,41,18,3,3,0,0,20,20,6,0,0,0,13,33,18,2
0,0,1,3,4,0,0,4,8,11,5,2,0,5,24,30,2,2,0,0,43,20,4,3,0,0,19,19,6,0,0,0,12,30,17,2
0,0,1,2,4,0,0,4,9,12,5,2,0,5,26,30,2,2,0,0,46,22,4,3,0,0,18,18,6,0,0,0,11,28,16,2
0,0,0,2,4,0,0,4,9,13,5,2,0,5,29,30,2,2,0,0,47,22,3,3,0,0,17,17,5,0,0,0,10,26,15,2
0,0,0,1,4,0,0,3,9,13,5,2,0,5,31,30,2,2,0,0,47,22,3,3,0,0,16,16,5,0,0,0,9,24,14,2
0,0,0,2,5,0,0,3,10,14,5,2,0,5,32,30,2,2,0,0,46,20,3,3,0,0,15,15,5,0,0,0,8,22,13,2
0,0,0,3,5,0,0,3,11,13,5,2,0,5,34,31,1,2,0,0,44,18,3,3,0,0,14,15,5,0,0,0,8,20,13,1
0,0,0,4,5,0,0,4,13,14,6,2,0,5,36,32,1,2,0,0,42,17,3,3,0,0,13,13,5,0,0,0,7,18,12,1
0,0,0,5,5,0,0,3,16,15,6,2,0,5,39,34,1,2,0,0,40,16,2,2,0,0,12,12,5,0,0,0,7,17,11,1
0,0,0,6,5,0,0,4,20,16,6,2,0,5,41,34,1,2,0,0,38,15,2,2,0,0,12,12,5,0,0,0,6,16,10,1
0,0,0,7,5,0,0,5,25,16,6,2,0,5,44,35,1,2,0,0,37,14,2,2,0,0,11,11,5,0,0,0,5,15,10,1
0,0,0,8,5,0,0,5,28,16,6,2,0,5,45,34,0,2,0,0,35,13,2,2,0,0,10,11,4,0,0,0,5,13,10,1
0,0,0,8,5,0,0,6,30,16,6,2,0,5,45,34,0,2,0,0,33,12,2,2,0,0,9,10,4,0,0,0,4,12,9,1
0,0,1,8,5,0,0,6,33,15,6,2,0,5,45,33,0,2,0,0,32,11,1,2,0,0,8,9,4,0,0,0,4,11,9,0
0,0,1,8,5,0,0,6,34,15,6,2,0,5,44,32,0,2,0,0,31,10,2,2,0,0,7,9,3,0,0,0,4,10,8,0
0,0,1,9,5,0,0,5,36,14,6,2,0,5,42,31,0,2,0,0,30,9,2,2,0,0,7,9,3,0,0,0,3,9,7,0
0,0,2,9,4,0,0,5,37,14,6,2,0,4,41,30,0,2,0,0,29,9,2,2,0,0,6,8,3,0,0,0,3,8,7,0
0,0,2,9,4,0,0,5,37,14,6,2,0,4,41,30,0,2,0,0,28,8,2,2,0,0,5,8,3,0,0,0,3,7,6,0
0,0,2,10,4,0,0,5,37,14,6,2,0,4,41,30,0,2,0,0,26,7,2,2,0,0,5,8,3,0,0,0,2,6,6,0
0,0,2,10,3,0,0,5,39,13,6,2,0,4,43,32,1,3,0,0,25,7,2,2,0,0,5,7,3,0,0,0,2,6,6,0
0,0,2,10,3,0,0,5,39,14,6,2,0,4,45,35,1,3,0,0,24,7,1,1,0,0,4,6,3,0,0,0,2,6,5,0
0,0,2,10,3,0,0,5,40,14,6,2,0,4,49,38,2,3,0,0,24,6,1,1,0,0,4,6,3,0,0,0,2,5,5,0
0,0,1,11,3,0,0,4,41,15,6,2,0,4,53,43,2,3,0,0,23,5,1,1,0,0,2,5,3,0,0,0,2,4,5,0
0,0,1,12,3,0,0,4,43,15,6,2,0,4,56,47,2,3,0,0,23,6,1,1,0,0,2,5,3,0,0,0,2,4,4,0
0,0,1,13,3,0,0,4,43,16,6,2,0,3,59,49,2,3,0,0,22,7,2,1,0,0,2,5,3,0,0,0,2,3,4,0
0,0,1,13,3,0,0,3,41,16,6,2,0,3,60,51,2,3,0,0,25,9,2,1,0,0,2,4,3,0,0,0,1,3,4,0
0,0,1,12,3,0,0,3,39,17,6,2,0,3,60,51,2,3,0,0,27,13,3,1,0,0,1,4,3,0,0,0,1,2,4,0
0,0,1,11,3,0,0,3,37,18,6,2,0,3,60,50,2,3,0,0,31,18,3,1,0,0,1,3,3,0,0,0,0,2,4,0
0,0,1,10,3,0,0,3,35,19,6,2,0,3,59,50,1,3,0,0,34,22,4,1,0,0,3,5,3,0,0,0,0,2,4,0
0,0,0,10,3,0,0,3,33,18,6,2,0,3,57,50,1,3,0,0,36,24,4,1,0,0,4,8,4,0,0,0,0,2,4,0
0,0,0,9,3,0,0,4,31,18,6,2,0,3,55,49,1,3,0,0,38,25,4,1,0,0,6,13,6,0,0,0,0,2,3,0
0,0,0,9,3,0,0,4,29,17,5,2,0,3,53,49,1,3,0,0,39,25,4,1,0,0,9,17,7,0,0,0,0,3,4,0
0,0,0,8,3,0,0,4,28,16,5,2,0,3,50,48,1,3,0,0,39,25,4,1,0,0,10,20,8,0,0,0,0,5,5,0
0,0,0,8,3,0,0,4,26,16,5,2,0,3,49,46,1,3,0,0,38,25,4,1,0,0,11,22,7,0,0,0,3,9,7,0
0,0,0,8,3,0,0,4,25,15,5,2,0,3,46,44,1,2,0,0,38,24,4,1,0,0,12,23,8,0,0,0,4,14,10,0
0,0,0,8,3,0,0,4,24,14,5,2,0,3,44,43,1,2,0,0,37,24,5,1,0,0,13,25,8,0,0,0,6,19,12,0
0,0,0,7,3,0,0,4,22,14,5,2,0,3,41,41,1,2,0,0,37,24,5,1,0,0,13,25,8,0,0,0,8,23,14,0
0,0,0,7,3,0,0,4,21,13,5,2,0,3,40,39,0,2,0,0,36,24,5,1,0,0,13,25,8,0,0,0,10,26,15,0
0,0,0,6,4,0,0,4,20,12,5,2,0,3,38,37,0,2,0,0,36,24,5,1,0,0,13,25,8,0,0,0,11,29,16,0
0,0,0,6,4,0,0,4,19,12,5,2,0,3,36,36,0,1,0,0,35,22,5,1,0,0,12,25,8,0,0,0,13,31,18,0
0,0,0,5,4,0,0,4,18,11,5,2,0,3,35,34,0,1,0,0,35,21,5,1,0,0,12,24,7,0,0,0,14,32,18,0
0,0,0,5,3,0,0,4,17,11,5,2,0,3,33,33,0,1,0,0,34,19,5,1,0,0,11,24,7,0,0,0,15,33,18,0
0,0,0,4,3,0,0,4,16,10,5,2,0,3,31,32,0,1,0,0,33,18,4,1,0,0,11,24,7,0,0,0,15,33,19,0
0,0,0,4,3,0,0,4,15,10,5,2,0,3,30,31,0,1,0,0,32,17,4,1,0,0,10,24,7,0,0,0,15,34,18,0
0,0,0,4,3,0,0,3,14,10,5,2,0,3,28,30,0,1,0,0,31,16,4,0,0,0,9,23,7,0,0,0,15,34,18,0
0,0,0,3,3,0,0,4,13,10,5,2,0,3,27,28,0,1,0,0,30,15,4,0,0,0,9,23,6,0,0,0,15,33,17,0
0,0,0,3,3,0,0,4,13,10,5,1,0,3,26,27,0,1,0,0,29,14,4,0,0,0,8,22,6,0,0,0,15,32,17,0
0,0,0,3,3,0,0,4,12,9,5,1,0,3,25,26,0,1,0,0,29,14,4,0,0,0,8,22,6,0,0,0,14,33,16,0
0,0,0,3,3,0,0,4,12,9,5,1,0,3,24,25,0,1,0,0,29,14,4,0,0,0,9,22,6,0,0,0,14,33,16,0
0,0,0,3,3,0,0,4,11,9,5,1,0,3,24,24,0,1,0,0,28,15,4,0,0,0,9,23,6,0,0,0,14,33,16,0
0,0,0,3,2,0,0,4,11,8,5,1,0,3,23,24,0,0,0,0,28,16,4,1,0,0,9,23,6,0,0,0,14,32,15,0
0,0,0,3,2,0,0,4,10,8,5,1,0,3,22,25,0,0,0,0,28,16,3,1,0,0,10,24,5,0,0,0,13,30,14,0
0,0,0,2,2,0,0,4,10,7,5,1,0,3,20,25,0,0,0,0,29,16,3,1,0,0,10,25,5,0,0,0,12,28,13,0
0,0,0,2,2,0,0,4,9,7,5,1,0,3,20,27,0,0,0,0,30,16,3,1,0,0,11,25,5,0,0,0,11,26,12,0
0,0,0,1,2,0,0,4,8,7,6,1,0,3,20,28,0,0,0,0,32,17,3,1,0,0,11,24,4,0,0,0,10,25,11,0
0,0,0,1,2,0,0,4,8,8,6,2,0,3,22,29,0,1,0,0,33,17,3,1,0,0,10,23,4,0,0,0,9,23,11,0
0,0,0,1,2,0,0,4,8,10,7,2,0,3,24,31,0,1,0,0,34,19,3,1,0,0,9,22,4,0,0,0,9,22,10,0
0,0,0,1,2,0,0,4,9,13,7,2,0,3,26,32,0,2,0,0,35,19,3,1,0,0,9,21,4,0,0,0,8,20,9,0
0,0,0,1,3,0,0,4,9,15,7,2,0,3,27,33,0,2,0,0,35,18,3,1,0,0,8,20,4,0,0,0,7,19,9,0
0,0,0,3,3,0,0,4,10,16,7,2,0,3,28,34,0,2,0,0,34,18,3,1,0,0,8,19,4,0,0,0,7,17,8,0
0,0,0,4,4,0,0,4,11,18,7,2,0,2,29,35,0,2,0,0,33,16,3,1,0,0,7,18,4,0,0,0,6,16,8,0
0,0,0,7,6,0,0,4,13,20,7,2,0,2,30,36,0,2,0,0,32,16,3,1,0,0,6,16,3,0,0,0,6,15,7,0
0,0,0,11,7,0,0,3,15,23,7,2,0,2,30,37,0,2,0,0,31,14,2,1,0,0,6,15,3,0,0,0,5,14,8,0
0,0,0,15,8,0,0,3,18,25,7,2,0,2,32,37,0,2,0,0,30,14,2,1,0,0,5,14,3,0,0,0,5,13,8,0
0,0,2,18,9,0,0,3,22,26,7,2,0,2,32,37,0,2,0,0,30,12,1,1,0,0,5,14,3,0,0,0,5,11,7,0
0,0,4,21,9,0,0,3,24,27,7,2,0,2,32,36,0,2,0,0,29,12,1,1,0,0,4,13,4,0,0,0,4,10,7,0
